-1.8856472969055176
4.124365329742432
5.587459564208984
4.802138805389404
-3.207443952560425
-1.151324987411499
5.973349094390869
-3.0941319465637207
0.9364013671875
4.920141696929932
4.535504341125488
5.761996269226074
4.253720760345459
-1.1738455295562744
3.418229579925537
-2.818821430206299
5.197595119476318
5.913107395172119
6.037137031555176
0.3829507827758789
6.728655815124512
0.5458145141601562
6.556138515472412
7.08845853805542
8.672188758850098
6.851061820983887
-2.9333808422088623
8.489542961120605
-0.5304679870605469
6.021795749664307
-0.8189148902893066
6.227557182312012
-0.6316661834716797
-1.6291007995605469
6.243539333343506
7.498754501342773
8.042174339294434
-0.31754207611083984
-2.589716672897339
5.420475482940674
8.39439868927002
5.925209999084473
0.9249982833862305
-1.066612720489502
8.402924537658691
1.7389922142028809
3.557809829711914
9.298652648925781
11.294039726257324
1.7797913551330566
-0.4173250198364258
-2.3198649883270264
1.4816131591796875
10.544922828674316
4.1968889236450195
2.0631461143493652
1.8598556518554688
10.990373611450195
9.182161331176758
10.382031440734863
2.1972479820251465
1.0990886688232422
0.512077808380127
12.340046882629395
0.10079765319824219
3.386643409729004
11.560534477233887
9.754015922546387
10.290504455566406
3.808260917663574
10.707050323486328
10.624040603637695
8.698585510253906
13.024683952331543
-0.6508169174194336
12.700159072875977
2.313610553741455
10.244256973266602
0.2551155090332031
-0.7101645469665527
-0.9778938293457031
-1.6326451301574707
11.565661430358887
12.757018089294434
-1.5283660888671875
-1.3126294612884521
0.9602408409118652
4.862473487854004
2.1991310119628906
-3.556151866912842
-2.6110479831695557
16.902280807495117
-1.8113534450531006
-2.9599034786224365
1.7882847785949707
7.2283430099487305
16.010700225830078
13.191434860229492
3.5890884399414062
2.662830352783203
5.4240827560424805
1.0309247970581055
3.565793037414551
12.717365264892578
6.479001998901367
6.357357978820801
-2.274625778198242
-0.2803764343261719
15.552613258361816
5.256969451904297
0.9905142784118652
11.527032852172852
0.6484246253967285
1.182016372680664
0.05884695053100586
12.019853591918945
1.9541878700256348
2.585324764251709
3.50991153717041
2.0873842239379883
1.0541167259216309
17.280088424682617
11.600074768066406
3.5626792907714844
3.5478458404541016
3.2286577224731445
-0.8647751808166504
9.309670448303223
13.12230396270752
2.750171184539795
3.293728828430176
12.680532455444336
6.690944671630859
1.060584545135498
6.425707817077637
-2.313018321990967
3.740654945373535
8.02267074584961
8.85883903503418
5.55534553527832
2.489598274230957
2.691455841064453
4.283953666687012
5.752938270568848
10.941325187683105
8.976959228515625
14.525604248046875
3.1517744064331055
10.28272819519043
1.2601113319396973
5.656288146972656
7.122580528259277
3.159182548522949
8.145074844360352
2.0608720779418945
18.91975975036621
16.04047203063965
6.044378280639648
0.8891377449035645
8.47885799407959
-1.8320529460906982
12.76705551147461
12.982139587402344
5.671984672546387
-2.9592249393463135
1.1772418022155762
0.24910354614257812
6.437044143676758
1.249382495880127
5.594321250915527
2.1900510787963867
14.265518188476562
18.027099609375
2.0382981300354004
20.869171142578125
8.290733337402344
-1.4241933822631836
8.771069526672363
-3.983633041381836
20.14111328125
9.53577709197998
16.528528213500977
-0.04768514633178711
0.5981454849243164
2.0377368927001953
-0.24182796478271484
3.8018341064453125
3.7818679809570312
3.3705854415893555
5.754907608032227
11.644428253173828
4.950948715209961
4.725542068481445
23.814823150634766
4.0334320068359375
11.419885635375977
3.623568534851074
3.4865474700927734
7.196366310119629
5.838262557983398
2.47914981842041
3.028590202331543
5.607285499572754
6.716937065124512
16.077056884765625
1.8319239616394043
6.670151710510254
5.748842239379883
3.8010482788085938
4.2332563400268555
3.256071090698242
2.5922374725341797
14.731229782104492
6.759243965148926
-3.373917579650879
4.727723121643066
6.506535530090332
3.8207921981811523
7.366752624511719
8.360432624816895
3.6910886764526367
10.376995086669922
-1.097609281539917
12.039358139038086
13.66739273071289
26.03460121154785
4.16884708404541
11.036504745483398
9.388383865356445
4.258879661560059
5.988437652587891
1.1845893859863281
-3.954932689666748
2.0366129875183105
5.085028648376465
3.8045501708984375
6.161887168884277
4.067911148071289
6.067171096801758
21.96590805053711
5.880882263183594
7.276815414428711
0.3495755195617676
15.539880752563477
6.665404319763184
8.90591812133789
7.806595802307129
8.421879768371582
2.389686107635498
8.501906394958496
9.88029670715332
3.9288558959960938
1.127758502960205
7.3268938064575195
23.169235229492188
20.396343231201172
25.042871475219727
28.533544540405273
21.294334411621094
4.191836357116699
14.596607208251953
24.523605346679688
9.699051856994629
25.283458709716797
4.930598258972168
5.8640947341918945
4.27665901184082
20.30307388305664
19.656431198120117
6.484533309936523
-0.2566261291503906
11.481067657470703
30.246400833129883
1.5369873046875
0.2650718688964844
6.506897926330566
3.2902793884277344
28.35654067993164
11.478429794311523
7.691363334655762
9.907504081726074
10.763473510742188
11.59225082397461
7.500603675842285
4.692653656005859
2.8454761505126953
10.102532386779785
16.67535972595215
7.5084733963012695
8.845818519592285
-0.3010063171386719
34.991172790527344
6.058565139770508
32.83296203613281
-0.8545074462890625
6.433304786682129
-1.1891367435455322
30.094261169433594
4.891780853271484
22.99669075012207
1.0265803337097168
1.9841947555541992
5.002793312072754
9.609272956848145
0.07205057144165039
9.340542793273926
5.457063674926758
11.391084671020508
20.71530532836914
11.674476623535156
10.470379829406738
3.3325653076171875
7.21900749206543
30.908599853515625
9.406203269958496
8.318572998046875
-1.2950971126556396
11.447277069091797
13.372274398803711
26.89635467529297
5.778415679931641
16.414472579956055
5.24586296081543
13.612743377685547
15.16848373413086
8.584284782409668
2.4314188957214355
4.81754207611084
49.669281005859375
36.22245788574219
5.950932502746582
42.336421966552734
6.048060417175293
34.80885314941406
41.17062759399414
44.10296630859375
29.752498626708984
7.67996883392334
34.600914001464844
3.907186508178711
7.0406084060668945
30.59231185913086
15.14271354675293
-1.8180196285247803
7.997236251831055
36.8449592590332
29.222305297851562
15.280500411987305
16.1749324798584
33.731536865234375
2.506296157836914
9.314064025878906
15.21285629272461
8.319451332092285
11.495885848999023
15.107580184936523
4.0497846603393555
18.24601173400879
11.34078598022461
5.39093017578125
46.207889556884766
12.44986343383789
2.312976360321045
29.45264434814453
13.437711715698242
10.685906410217285
3.1416196823120117
-0.11445474624633789
12.456254959106445
30.235198974609375
13.661502838134766
21.378643035888672
16.104999542236328
37.371429443359375
0.26545190811157227
18.36752700805664
20.175573348999023
8.969474792480469
4.427959442138672
13.93623161315918
16.939987182617188
10.047880172729492
5.589303970336914
10.852945327758789
37.71324920654297
24.939281463623047
10.845205307006836
17.296228408813477
16.345163345336914
9.8751220703125
23.46712875366211
35.08393096923828
38.54024124145508
42.39547348022461
20.4213809967041
14.68309211730957
7.897968292236328
8.10964584350586
33.2548942565918
42.44388961791992
57.4547119140625
54.83461380004883
19.520551681518555
56.4935417175293
52.03511047363281
54.46043395996094
7.974881172180176
26.729259490966797
23.88705825805664
64.5023422241211
26.786218643188477
9.7200345993042
1.202568531036377
34.73390197753906
24.683340072631836
10.147119522094727
54.60166549682617
12.984848022460938
24.490503311157227
10.134272575378418
60.77643966674805
59.18865203857422
18.743663787841797
44.91490936279297
34.237667083740234
59.8758430480957
6.230955123901367
36.74782180786133
14.379165649414062
61.538883209228516
33.945133209228516
63.03062438964844
40.780799865722656
16.778316497802734
23.452503204345703
9.403454780578613
-0.14898347854614258
24.348329544067383
24.007335662841797
73.97309875488281
3.402008056640625
34.49671173095703
67.66170501708984
41.459991455078125
1.722388744354248
5.067356109619141
36.687103271484375
40.971214294433594
30.482215881347656
37.186866760253906
25.659114837646484
29.681011199951172
4.14607048034668
32.345176696777344
29.86288070678711
71.11792755126953
43.20817184448242
13.54918098449707
31.539386749267578
13.964094161987305
31.608707427978516
13.131132125854492
29.689537048339844
26.083932876586914
32.85743713378906
33.46113586425781
9.93648624420166
46.30445861816406
11.653617858886719
12.88996696472168
3.1284093856811523
-0.3293952941894531
81.0827407836914
36.15823745727539
20.824907302856445
4.614038467407227
1.5544657707214355
44.50481033325195
2.7375946044921875
0.12381267547607422
35.51320266723633
3.6319808959960938
20.073652267456055
39.46735763549805
1.57027006149292
1.9433388710021973
1.303743839263916
43.822818756103516
4.399117469787598
71.91058349609375
1.148594856262207
-1.265868902206421
6.9769182205200195
38.39033889770508
88.90176391601562
32.06291580200195
28.499065399169922
35.00926971435547
39.12271499633789
-0.9548368453979492
46.58652114868164
35.16255569458008
3.795241355895996
14.346302032470703
6.568709373474121
35.28978729248047
5.283059120178223
0.8718667030334473
11.98025131225586
20.13888931274414
26.037565231323242
1.0856285095214844
-2.6708905696868896
5.381680488586426
39.73970031738281
2.3680357933044434
40.65454864501953
43.286808013916016
17.41111183166504
7.642805099487305
33.626434326171875
44.27899169921875
87.96489715576172
23.162832260131836
9.079832077026367
2.9489917755126953
-1.6227633953094482
24.73619270324707
30.53415298461914
1.7657756805419922
20.925146102905273
4.610903739929199
24.87427520751953
25.996431350708008
30.489154815673828
13.016036987304688
33.89992904663086
4.973503112792969
2.4595537185668945
32.32127380371094
25.121673583984375
1.853470802307129
5.256471633911133
25.497175216674805
22.440876007080078
16.59900665283203
43.64256286621094
32.24748229980469
22.867412567138672
7.255078315734863
16.466583251953125
1.6516737937927246
0.558441162109375
24.179996490478516
19.5412540435791
39.541263580322266
41.12972640991211
36.69941711425781
32.092227935791016
8.271470069885254
30.301856994628906
45.43551254272461
20.142353057861328
26.630563735961914
73.63001251220703
27.797714233398438
29.375537872314453
27.5628662109375
45.157562255859375
-1.1035866737365723
38.40391540527344
24.742036819458008
27.383102416992188
3.644415855407715
48.57172775268555
15.228384017944336
45.227577209472656
27.674545288085938
16.557464599609375
13.683822631835938
0.014212608337402344
-1.0743582248687744
23.397811889648438
9.044416427612305
-0.8025975227355957
48.22308349609375
50.516761779785156
21.173259735107422
12.859098434448242
10.37661075592041
1.528271198272705
19.022197723388672
-0.016567230224609375
15.366361618041992
2.053898811340332
25.502710342407227
24.354528427124023
25.824920654296875
19.446979522705078
14.818923950195312
21.90338706970215
23.305477142333984
27.68698501586914
18.488256454467773
45.347957611083984
19.61339569091797
24.058300018310547
22.13507652282715
29.40411376953125
23.637155532836914
33.07652282714844
14.40052604675293
26.054454803466797
28.653934478759766
16.082792282104492
3.4994802474975586
14.906097412109375
28.680042266845703
13.818653106689453
25.27267837524414
70.31687927246094
0.47846317291259766
7.135156631469727
6.327360153198242
14.728816986083984
42.75014114379883
24.187746047973633
24.807846069335938
24.738666534423828
45.11928176879883
6.940114974975586
36.85481262207031
33.889801025390625
11.812088012695312
36.91331481933594
12.654251098632812
2.18613338470459
40.10127258300781
41.29588317871094
23.661746978759766
31.774486541748047
41.74565505981445
8.330143928527832
21.32304573059082
47.04456329345703
45.609317779541016
42.305110931396484
38.89493942260742
22.6429500579834
44.63645553588867
-0.5276603698730469
45.818450927734375
13.058496475219727
25.772964477539062
11.65188217163086
60.67937469482422
49.66215515136719
5.956597328186035
30.025123596191406
45.13045120239258
22.458139419555664
25.686355590820312
71.74177551269531
44.796146392822266
25.61574363708496
42.33183288574219
43.36105728149414
38.966426849365234
22.114105224609375
35.894039154052734
43.488304138183594
15.040033340454102
36.88408279418945
23.02852439880371
39.930091857910156
27.665485382080078
45.54511642456055
21.425107955932617
30.979873657226562
1.9889554977416992
54.28291320800781
45.12973403930664
10.740534782409668
32.790855407714844
112.55297088623047
42.98321533203125
1.9149088859558105
40.592559814453125
119.51744842529297
36.240882873535156
69.87709045410156
34.28617858886719
51.32673263549805
38.91746139526367
49.14143753051758
36.67902755737305
119.52991485595703
30.20052719116211
44.5723876953125
34.8509521484375
57.541080474853516
20.46994972229004
43.23501968383789
9.383615493774414
23.003013610839844
29.745441436767578
14.353622436523438
2.3552494049072266
72.61347198486328
35.599365234375
36.77247619628906
24.128799438476562
61.64335632324219
13.630456924438477
16.175491333007812
37.77955627441406
51.57060241699219
72.37425994873047
37.9650764465332
15.647586822509766
120.71360778808594
2.7862582206726074
52.37922286987305
72.79014587402344
93.72991180419922
89.38478088378906
47.497314453125
2.0539937019348145
57.19160079956055
27.583065032958984
132.58741760253906
121.83304595947266
62.269203186035156
4.166888236999512
51.82544708251953
1.6527900695800781
21.607070922851562
22.398054122924805
32.173377990722656
23.61704444885254
9.334474563598633
74.70687866210938
73.91747283935547
5.028264999389648
41.596370697021484
46.59574890136719
42.258541107177734
32.960960388183594
123.1683349609375
40.38285827636719
57.56047439575195
55.15376281738281
44.097694396972656
68.53795623779297
43.87038803100586
18.87910270690918
17.463579177856445
42.26472091674805
40.956573486328125
14.394098281860352
21.21560287475586
7.370129585266113
16.35840606689453
22.65407371520996
77.74584197998047
5.735245704650879
24.388559341430664
80.38186645507812
37.15259552001953
19.69717025756836
79.65227508544922
72.77590942382812
20.920915603637695
60.3592529296875
59.797645568847656
54.334136962890625
0.9596338272094727
51.815216064453125
88.29540252685547
84.1558609008789
16.890819549560547
85.98548126220703
33.386802673339844
136.71771240234375
15.752622604370117
60.266197204589844
58.010498046875
62.616554260253906
74.74410247802734
40.500789642333984
29.512287139892578
23.80735969543457
1.2391204833984375
31.97588348388672
16.704757690429688
53.429161071777344
14.934686660766602
45.073787689208984
94.65770721435547
40.41039276123047
60.8494873046875
88.46143341064453
27.637428283691406
17.518327713012695
23.041770935058594
36.17303466796875
58.2078742980957
110.16831970214844
83.1186752319336
57.74430465698242
75.07665252685547
77.31637573242188
44.337093353271484
81.27249145507812
29.600631713867188
26.15559959411621
5.108184814453125
29.73849868774414
88.14181518554688
51.401126861572266
50.2679557800293
82.0301284790039
81.8741683959961
22.729379653930664
43.14741134643555
79.6535873413086
15.486852645874023
118.6512222290039
76.88143920898438
86.37671661376953
65.7479019165039
81.49186706542969
69.12100219726562
11.901029586791992
39.5300178527832
164.58645629882812
64.62215423583984
85.50284576416016
41.923919677734375
44.11501693725586
21.367528915405273
69.43765258789062
85.18962860107422
2.0752668380737305
84.6206283569336
81.65617370605469
82.84200286865234
68.31612396240234
86.05880737304688
67.93890380859375
57.45718765258789
20.67869758605957
21.47225570678711
38.549564361572266
22.206714630126953
78.58246612548828
154.1754150390625
22.695064544677734
54.42409133911133
102.16490936279297
125.33177185058594
18.799518585205078
5.173383712768555
41.427764892578125
76.12594604492188
67.8191146850586
18.968416213989258
39.096527099609375
88.84757232666016
56.43865203857422
37.6812629699707
86.1307601928711
46.07079315185547
39.53669738769531
34.07786178588867
33.91326141357422
36.808624267578125
57.19325256347656
86.11972045898438
115.33910369873047
68.86299896240234
153.63023376464844
70.22626495361328
81.46685791015625
45.69572448730469
66.74275970458984
77.51300048828125
89.62001037597656
84.5290298461914
56.03032302856445
59.21532440185547
68.79875946044922
75.5402603149414
97.53491973876953
156.66616821289062
75.5993881225586
1.3749117851257324
149.1693878173828
41.66614532470703
80.1800308227539
54.52486801147461
39.58599853515625
39.421165466308594
21.820043563842773
92.20004272460938
40.92238235473633
14.392518997192383
157.0587921142578
83.8681640625
49.79480743408203
82.9659194946289
20.99101448059082
21.460283279418945
39.52090072631836
125.75447082519531
74.47633361816406
36.81462478637695
22.80166244506836
22.463335037231445
80.38583374023438
25.294004440307617
46.91090774536133
9.480530738830566
17.218231201171875
24.97707176208496
127.75321960449219
83.07585144042969
66.86048126220703
85.0084228515625
162.34788513183594
81.40218353271484
76.49314880371094
65.53343963623047
73.75629425048828
4.57320499420166
77.87907409667969
75.43514251708984
91.933349609375
68.831787109375
70.72382354736328
24.959699630737305
6.018973350524902
77.18190002441406
77.12084197998047
89.5116195678711
82.49977111816406
86.4941177368164
3.8599510192871094
4.145866394042969
154.623046875
2.665207862854004
3.702089309692383
89.3287124633789
104.9104232788086
7.361703872680664
25.47951889038086
50.004581451416016
49.19742965698242
3.3745574951171875
37.936981201171875
29.12401580810547
8.766558647155762
150.71533203125
75.48820495605469
46.17622375488281
80.93292236328125
74.0508804321289
90.69639587402344
7.151059150695801
18.895538330078125
7.587191581726074
7.335278511047363
95.37014770507812
153.1063690185547
159.9590301513672
44.13386917114258
165.779541015625
5.864187240600586
32.44678497314453
14.692184448242188
109.95368194580078
24.644500732421875
14.277761459350586
71.34994506835938
98.88761901855469
23.4724178314209
2.332087993621826
57.929473876953125
23.421981811523438
28.87506866455078
80.14974975585938
21.567047119140625
169.9124755859375
27.381263732910156
81.85212707519531
73.2531967163086
7.013873100280762
16.248064041137695
161.31309509277344
6.92918586730957
89.27735900878906
150.91326904296875
22.72979736328125
10.333709716796875
110.51305389404297
116.1806640625
155.40611267089844
24.213132858276367
52.255184173583984
14.634687423706055
79.71717071533203
92.50556945800781
86.40586853027344
84.80365753173828
9.010100364685059
99.97821807861328
100.1775894165039
113.58892822265625
84.797119140625
4.612515449523926
4.966172218322754
92.49520874023438
16.79083251953125
24.331233978271484
10.89762020111084
77.10102081298828
19.94120216369629
14.49311637878418
85.44865417480469
47.80876922607422
95.29717254638672
21.84198760986328
15.415838241577148
11.987771987915039
58.36651611328125
26.586551666259766
9.371338844299316
24.413354873657227
5.820618629455566
86.55841064453125
86.16255187988281
86.51799011230469
3.8921384811401367
7.4225969314575195
6.330448150634766
30.035381317138672
22.258817672729492
14.603883743286133
76.70854187011719
75.0462417602539
12.64338493347168
17.352449417114258
9.518409729003906
20.782032012939453
7.212244033813477
83.22505950927734
8.047104835510254
103.92291259765625
24.02789878845215
58.33211898803711
2.9514012336730957
2.482285976409912
25.8599796295166
54.94358825683594
2.2349014282226562
9.833965301513672
6.100235939025879
63.86805725097656
13.479351043701172
22.857833862304688
118.74645233154297
65.16403198242188
77.31153869628906
46.84157943725586
26.524404525756836
24.925006866455078
54.181243896484375
26.246986389160156
30.096019744873047
24.119823455810547
13.955459594726562
2.770339012145996
6.671113967895508
11.79098129272461
30.48802947998047
78.23821258544922
53.594993591308594
6.306737899780273
15.100942611694336
27.20177459716797
54.348270416259766
26.556875228881836
8.520339965820312
26.120376586914062
114.50003051757812
8.528968811035156
24.842309951782227
51.04472732543945
2.3221168518066406
6.387172698974609
12.333866119384766
29.633663177490234
15.750391006469727
23.431577682495117
111.24715423583984
23.041322708129883
27.55347442626953
54.21622848510742
26.540069580078125
21.348724365234375
8.729352951049805
60.01410675048828
5.407608985900879
17.138832092285156
28.98160171508789
20.226234436035156
63.607994079589844
98.27256774902344
12.562942504882812
22.254661560058594
5.592683792114258
22.554838180541992
158.3521270751953
59.808868408203125
24.07316017150879
8.439480781555176
12.898090362548828
25.815834045410156
28.041366577148438
6.166937828063965
10.037834167480469
14.270761489868164
9.488510131835938
11.032773971557617
123.83688354492188
96.9702377319336
89.54724884033203
14.890230178833008
23.14790153503418
15.973756790161133
77.14822387695312
27.983142852783203
3.58099365234375
116.45425415039062
18.414962768554688
28.20330810546875
5.784976959228516
85.7840576171875
8.538739204406738
27.929550170898438
103.24449157714844
94.31250762939453
11.05117416381836
4.84194278717041
6.296159744262695
3.9331912994384766
63.228431701660156
110.90875244140625
64.82257843017578
2.0950546264648438
10.78960132598877
10.470206260681152
9.391597747802734
5.955615043640137
23.725196838378906
28.265552520751953
23.554439544677734
7.313869476318359
75.36759948730469
16.9670467376709
18.970722198486328
4.070452690124512
93.73914337158203
156.87905883789062
145.98992919921875
20.79918670654297
19.038265228271484
23.332569122314453
23.948352813720703
6.04434871673584
65.17113494873047
30.16448974609375
63.84590148925781
0.09997940063476562
7.196298599243164
-0.4633321762084961
162.2962188720703
17.330223083496094
25.458011627197266
28.055313110351562
23.504549026489258
5.698630332946777
44.835716247558594
2.706073760986328
22.135509490966797
156.63816833496094
7.478589057922363
104.54224395751953
26.86250877380371
7.196557998657227
32.51144790649414
98.16536712646484
12.421733856201172
2.0279312133789062
9.050516128540039
4.500161170959473
6.751230239868164
5.642332077026367
36.66499328613281
9.867806434631348
156.14808654785156
27.491500854492188
46.6342887878418
29.317550659179688
25.10875129699707
16.526155471801758
78.59481048583984
24.322269439697266
126.06834411621094
140.5374755859375
27.61288070678711
47.311309814453125
120.62449645996094
20.663990020751953
27.830936431884766
130.04547119140625
77.83403778076172
11.482776641845703
121.90518951416016
11.271032333374023
77.22577667236328
75.0218505859375
4.628540992736816
32.27775192260742
19.918670654296875
104.85028839111328
4.618406295776367
6.600025177001953
27.509235382080078
24.26564598083496
98.21192932128906
31.689838409423828
74.4051742553711
33.274330139160156
27.038379669189453
129.97933959960938
28.47775650024414
55.01537322998047
8.664441108703613
26.45151710510254
31.69143295288086
27.972270965576172
24.043460845947266
11.527605056762695
7.732064247131348
30.55185317993164
17.325786590576172
14.648557662963867
5.911983489990234
29.620532989501953
15.07669448852539
79.57931518554688
46.370513916015625
22.26873779296875
104.76102447509766
26.33137321472168
48.65532302856445
159.7786865234375
49.038719177246094
154.8896026611328
9.508209228515625
61.13935089111328
20.490280151367188
55.290985107421875
18.734222412109375
155.45570373535156
84.60375213623047
18.502891540527344
24.589176177978516
100.78958129882812
17.05295181274414
59.27203369140625
39.57472229003906
19.853899002075195
160.93099975585938
26.864234924316406
43.88127136230469
10.16644287109375
116.20453643798828
54.19478988647461
23.013898849487305
23.397274017333984
32.604522705078125
148.99176025390625
69.34407043457031
12.923011779785156
146.05052185058594
119.64016723632812
31.487533569335938
81.37303924560547
80.14973449707031
71.00761413574219
21.80215835571289
143.2941131591797
78.76837921142578
8.422017097473145
169.99525451660156
25.271575927734375
68.4592514038086
165.7209930419922
28.585620880126953
8.457088470458984
147.1338653564453
25.833003997802734
80.00202178955078
84.51972961425781
41.16313171386719
54.18764877319336
38.9888916015625
148.45370483398438
131.7682342529297
80.3965835571289
86.08253479003906
24.81061363220215
85.29694366455078
111.38920593261719
24.6841983795166
40.71442794799805
129.5117645263672
142.94522094726562
20.59967041015625
82.8751449584961
78.62374877929688
44.0946159362793
27.22848892211914
66.58164978027344
79.07403564453125
47.766231536865234
29.02458953857422
78.0391616821289
97.531982421875
21.672252655029297
79.96085357666016
121.40898132324219
135.39906311035156
96.51420593261719
123.2357177734375
8.196098327636719
152.82492065429688
40.5035285949707
40.78227615356445
23.52593231201172
45.08066177368164
62.695953369140625
33.74069595336914
72.71497344970703
99.86648559570312
64.54109191894531
45.527164459228516
86.84053802490234
65.0469970703125
29.148536682128906
148.14956665039062
95.18562316894531
152.5561065673828
159.37991333007812
38.56069564819336
66.50801086425781
94.29347229003906
27.385498046875
63.45830535888672
151.214599609375
42.48286819458008
41.153785705566406
40.46176528930664
32.87765121459961
11.272031784057617
63.78260040283203
60.336761474609375
157.49957275390625
21.47870445251465
11.354074478149414
26.971479415893555
66.27422332763672
27.76154327392578
162.28578186035156
63.09404754638672
146.76705932617188
38.473690032958984
156.0988311767578
38.993080139160156
94.07377624511719
147.82638549804688
158.31634521484375
157.92379760742188
40.42777633666992
81.2521743774414
141.8970489501953
157.91726684570312
154.77525329589844
27.463623046875
80.44509887695312
155.69908142089844
156.67263793945312
25.459564208984375
77.49539947509766
96.4113540649414
55.55466842651367
40.60691833496094
79.37519073486328
43.106319427490234
39.51702880859375
86.88538360595703
23.72975730895996
134.98519897460938
17.710411071777344
140.10305786132812
154.34991455078125
25.426088333129883
50.181644439697266
92.20344543457031
77.95122528076172
40.470279693603516
78.06319427490234
65.46080780029297
41.231937408447266
23.452726364135742
29.65985107421875
161.04176330566406
49.4100456237793
145.8650360107422
140.6742401123047
71.13023376464844
42.24713897705078
39.238311767578125
114.77094268798828
76.41119384765625
153.9949951171875
113.1226806640625
48.94236755371094
139.28273010253906
73.50665283203125
113.16169738769531
144.22447204589844
44.415382385253906
48.60388946533203
24.8336124420166
143.68605041503906
74.61680603027344
42.56787109375
127.74607849121094
160.13685607910156
41.829830169677734
48.28343963623047
93.76380920410156
154.56932067871094
147.55043029785156
59.772857666015625
141.4557342529297
46.61973190307617
145.783935546875
21.880210876464844
85.5337905883789
100.8261489868164
110.259521484375
51.44960021972656
142.47125244140625
125.7215576171875
6.224434852600098
100.10737609863281
148.5135498046875
38.25728225708008
91.2673568725586
151.73240661621094
146.4044647216797
103.6092529296875
156.2312774658203
165.00601196289062
45.171791076660156
152.2401580810547
162.50125122070312
15.438684463500977
75.05947875976562
72.17143249511719
63.08613586425781
149.0881805419922
94.45316314697266
78.8315200805664
42.02916717529297
45.14052963256836
152.29751586914062
153.01419067382812
82.38980865478516
77.42374420166016
149.6287078857422
86.9525146484375
151.7516632080078
99.73643493652344
153.84425354003906
60.793190002441406
133.09976196289062
153.58737182617188
45.14990997314453
148.0646209716797
146.21243286132812
147.6645050048828
41.78848648071289
47.69428253173828
36.93691635131836
127.491455078125
151.3542938232422
151.41444396972656
148.86875915527344
159.5163116455078
43.000797271728516
150.08819580078125
156.47030639648438
155.2427978515625
127.50099182128906
148.94000244140625
155.13323974609375
20.614553451538086
34.88431930541992
159.47686767578125
146.3240203857422
97.0370864868164
125.49325561523438
153.61097717285156
79.29119110107422
95.26795959472656
21.757173538208008
147.4851531982422
145.71629333496094
158.8331298828125
124.70008087158203
154.587646484375
79.0091781616211
71.99653625488281
145.8061981201172
146.52882385253906
136.65911865234375
120.59993743896484
161.6292724609375
158.7046356201172
48.02897644042969
55.80744934082031
43.370548248291016
152.02133178710938
99.25706481933594
146.8521270751953
128.28045654296875
98.585205078125
28.547523498535156
124.4164810180664
154.9763946533203
154.48419189453125
136.13954162597656
132.62095642089844
161.80934143066406
148.9303741455078
150.4799346923828
82.01956176757812
161.014404296875
148.1831817626953
71.8543472290039
150.76828002929688
163.6058807373047
81.0227279663086
133.17726135253906
89.85086822509766
136.02926635742188
156.20877075195312
79.98981475830078
152.15859985351562
152.69326782226562
79.67943572998047
138.92713928222656
40.40052032470703
73.40524291992188
152.57691955566406
110.16988372802734
165.5790557861328
101.92776489257812
146.9075469970703
104.91443634033203
107.83390808105469
87.06781768798828
105.15458679199219
77.43701934814453
70.54013061523438
41.748741149902344
77.84016418457031
154.16116333007812
163.74081420898438
148.7106170654297
30.147563934326172
27.228904724121094
115.80448150634766
46.1724967956543
98.78939819335938
166.62220764160156
154.0591278076172
155.3190460205078
105.73441314697266
103.88294219970703
159.12435913085938
104.22684478759766
157.72506713867188
71.64119720458984
149.23037719726562
11.107458114624023
166.70858764648438
154.1674346923828
134.75192260742188
88.5302963256836
166.0050048828125
8.91513442993164
160.099365234375
153.8738555908203
174.73419189453125
13.359762191772461
140.90548706054688
151.5940399169922
141.7513427734375
142.85585021972656
66.2089614868164
149.04005432128906
107.0283432006836
162.62518310546875
155.09141540527344
25.059396743774414
122.4684829711914
101.85658264160156
47.52336883544922
81.04792022705078
163.3583526611328
18.60955047607422
166.01141357421875
54.5886116027832
104.2967758178711
144.00833129882812
13.636144638061523
138.4390106201172
158.96800231933594
142.2564697265625
26.94192123413086
121.99044799804688
164.32176208496094
162.54029846191406
134.11968994140625
153.58016967773438
25.042327880859375
60.83277893066406
82.09825897216797
143.81890869140625
13.723882675170898
32.117332458496094
134.04241943359375
84.41073608398438
155.27638244628906
159.91629028320312
156.3741455078125
100.60301971435547
162.09861755371094
83.25804901123047
15.418106079101562
17.427581787109375
135.86492919921875
13.898174285888672
95.1419906616211
159.75076293945312
11.871274948120117
162.9746856689453
14.1552734375
99.11709594726562
156.85888671875
30.08371353149414
98.09954833984375
-1.6075248718261719
149.22976684570312
152.04747009277344
12.08523941040039
32.682682037353516
99.38775634765625
34.53718948364258
89.82657623291016
18.14725112915039
9.213799476623535
32.368629455566406
163.81802368164062
19.020803451538086
159.6619110107422
164.5731658935547
152.56539916992188
143.23611450195312
159.7768096923828
44.984397888183594
51.49074172973633
12.589763641357422
82.1512680053711
58.753746032714844
26.20263671875
108.40657043457031
46.853885650634766
118.1348648071289
146.25413513183594
8.985358238220215
122.44470977783203
53.659061431884766
161.0183563232422
6.390206336975098
115.34837341308594
3.2471437454223633
97.16382598876953
166.96450805664062
91.74520874023438
48.45829391479492
153.5645294189453
53.85973358154297
160.06729125976562
100.21932220458984
16.60635757446289
71.2697525024414
166.85968017578125
6.471441268920898
121.67070770263672
160.16351318359375
16.060510635375977
155.8108367919922
147.90704345703125
68.88813018798828
57.8676643371582
7.560133934020996
133.6064910888672
98.99533081054688
12.275035858154297
111.46895599365234
10.4426908493042
146.35650634765625
14.091672897338867
88.17630004882812
147.4599609375
112.86400604248047
12.165000915527344
12.913108825683594
14.80337905883789
120.32943725585938
4.201835632324219
170.3372344970703
160.91134643554688
159.75216674804688
24.35200309753418
95.14826202392578
150.13943481445312
64.69245147705078
149.0276336669922
135.4803466796875
126.19285583496094
106.20181274414062
144.39193725585938
159.68899536132812
158.8204345703125
45.440128326416016
80.9813232421875
86.39352416992188
152.4385223388672
143.32713317871094
9.692546844482422
148.2987518310547
18.771177291870117
160.2590789794922
112.56182861328125
119.45143127441406
140.7874755859375
168.9468231201172
161.7757110595703
144.73387145996094
159.92527770996094
141.48043823242188
12.675838470458984
1.534924030303955
148.82752990722656
80.54600524902344
159.0802764892578
10.015657424926758
115.43456268310547
161.55494689941406
21.353923797607422
135.3345184326172
174.04449462890625
155.89039611816406
94.42218780517578
115.66175842285156
107.45518493652344
89.2595443725586
2.934138298034668
167.93760681152344
31.366863250732422
100.40403747558594
157.61050415039062
43.7166633605957
83.27750396728516
12.685892105102539
103.81147003173828
163.44435119628906
146.58485412597656
136.29327392578125
100.9678726196289
164.8253173828125
174.10008239746094
154.5432586669922
159.33226013183594
77.35668182373047
149.3003692626953
42.0907096862793
139.59201049804688
94.31539916992188
95.51830291748047
56.52732467651367
115.8982925415039
124.70840454101562
114.05220794677734
96.10649871826172
88.97351837158203
160.13409423828125
148.9976043701172
147.79685974121094
86.93045806884766
148.64620971679688
59.805999755859375
151.37301635742188
158.5923614501953
72.94405364990234
81.81835174560547
89.54122161865234
110.34158325195312
45.830116271972656
139.59072875976562
136.53814697265625
122.7719497680664
147.17724609375
159.61798095703125
159.54525756835938
117.464111328125
153.0319366455078
43.85602951049805
128.93035888671875
147.3324432373047
134.73980712890625
124.48609924316406
43.02819061279297
127.43179321289062
70.72391510009766
32.91840744018555
95.51844024658203
85.09701538085938
151.5585174560547
159.32679748535156
122.4519271850586
87.46808624267578
79.12934875488281
159.54476928710938
85.13804626464844
98.59070587158203
61.312225341796875
110.34478759765625
148.22186279296875
145.5314178466797
144.31640625
37.41879653930664
68.31159210205078
59.11188507080078
90.08524322509766
89.63089752197266
73.0259017944336
40.597686767578125
86.80829620361328
75.36653137207031
51.165130615234375
153.3515167236328
143.92733764648438
77.07907104492188
150.67266845703125
145.1463623046875
98.83547973632812
108.84143829345703
93.68501281738281
85.86566925048828
99.09237670898438
127.34398651123047
146.0410614013672
158.9464874267578
99.5880126953125
81.86615753173828
152.66082763671875
146.65048217773438
139.46263122558594
84.3865737915039
82.66094970703125
74.02090454101562
110.45442199707031
135.05364990234375
154.35264587402344
151.12820434570312
103.55937194824219
152.7007598876953
139.6581268310547
150.5592803955078
141.79443359375
157.1989288330078
144.71749877929688
114.04574584960938
99.79463195800781
34.27568817138672
149.51718139648438
62.467445373535156
150.13412475585938
151.48471069335938
148.34278869628906
86.65454864501953
149.4274444580078
92.18873596191406
112.23173522949219
98.41397857666016
137.83177185058594
152.25552368164062
76.61664581298828
147.97120666503906
106.48851776123047
139.69482421875
86.54710388183594
49.42689895629883
126.3350830078125
100.80757141113281
79.36776733398438
143.44520568847656
94.36219787597656
116.97384643554688
137.75143432617188
141.8435821533203
110.26425170898438
85.083251953125
75.4068603515625
110.91576385498047
132.64337158203125
74.37122344970703
140.14361572265625
110.76457214355469
35.76686096191406
157.04843139648438
155.4696807861328
35.885162353515625
37.881595611572266
76.17626190185547
147.07005310058594
93.12618255615234
147.47640991210938
145.44744873046875
64.47991943359375
149.16029357910156
88.78922271728516
70.74860382080078
98.42937469482422
79.82333374023438
104.40666961669922
140.5520782470703
99.6031494140625
145.96502685546875
56.4570198059082
99.48413848876953
145.8854522705078
72.46935272216797
156.78062438964844
79.95384979248047
140.02894592285156
141.48306274414062
89.49344635009766
138.30935668945312
151.5869598388672
86.33476257324219
145.62367248535156
33.77865219116211
34.87312698364258
155.65274047851562
143.98226928710938
156.07015991210938
107.51316833496094
101.80060577392578
82.43904876708984
141.24244689941406
141.70809936523438
76.0539321899414
136.60418701171875
49.78410339355469
72.39601135253906
152.52239990234375
119.56529998779297
99.15338897705078
101.72257995605469
151.2251739501953
151.8242645263672
152.9271240234375
108.06372833251953
91.27286529541016
37.84727478027344
145.9216766357422
137.58438110351562
151.4678497314453
147.61465454101562
154.27072143554688
155.4925994873047
131.34164428710938
118.35140228271484
96.77832794189453
144.8163299560547
74.65545654296875
138.7783203125
100.25907135009766
64.12751770019531
146.70654296875
86.9243392944336
34.676029205322266
142.67062377929688
113.46183776855469
120.88617706298828
148.71044921875
69.38269805908203
140.3373565673828
68.64791870117188
102.91989135742188
129.8365478515625
140.65988159179688
105.81905364990234
106.9699478149414
104.55992889404297
137.90280151367188
54.96620178222656
46.8272819519043
152.9850616455078
135.36053466796875
120.16728973388672
54.97658920288086
142.21453857421875
70.56060028076172
67.77816772460938
147.62960815429688
139.16281127929688
147.44195556640625
141.51473999023438
154.70289611816406
141.97537231445312
89.16281127929688
110.25501251220703
91.05940246582031
157.2827911376953
154.10848999023438
116.13754272460938
144.26712036132812
140.2842254638672
121.00748443603516
93.66099548339844
88.62933349609375
83.73833465576172
98.07703399658203
92.05426788330078
92.1412124633789
32.04505920410156
50.648983001708984
150.9263153076172
143.85556030273438
100.1706771850586
99.28874206542969
33.544769287109375
134.56686401367188
88.70618438720703
144.30015563964844
82.58467864990234
40.52402877807617
144.71104431152344
140.63763427734375
82.8462142944336
88.4839859008789
105.29592895507812
149.6793212890625
118.19345092773438
146.69859313964844
142.59158325195312
91.28832244873047
136.46713256835938
79.53042602539062
148.7057647705078
160.00311279296875
96.10020446777344
162.37973022460938
114.02397155761719
150.715087890625
105.07736206054688
149.94253540039062
80.1649398803711
147.78707885742188
84.80552673339844
144.08749389648438
119.06297302246094
132.5347442626953
110.90190887451172
115.6434555053711
149.49172973632812
110.46590423583984
160.1478271484375
158.59738159179688
96.39967346191406
156.82257080078125
167.0520782470703
123.58340454101562
144.46800231933594
164.972900390625
169.2611846923828
135.68267822265625
99.8093032836914
160.625732421875
167.7286834716797
104.2188720703125
85.14171600341797
143.64505004882812
161.33592224121094
161.78440856933594
158.2643585205078
147.59820556640625
154.86581420898438
165.02037048339844
161.23233032226562
161.15432739257812
150.7994842529297
40.80630874633789
127.50361633300781
153.4916534423828
151.48873901367188
164.75294494628906
117.0029067993164
102.44437408447266
158.95150756835938
145.2415313720703
105.02300262451172
151.549072265625
42.260520935058594
167.72471618652344
112.8626480102539
128.5236053466797
148.56825256347656
132.47366333007812
164.56288146972656
138.86851501464844
90.54276275634766
150.59542846679688
87.47174835205078
12.538223266601562
158.21624755859375
41.49984359741211
18.70506477355957
160.15870666503906
91.23100280761719
100.68577575683594
152.3926239013672
138.87506103515625
108.64692687988281
147.7195281982422
97.7072982788086
139.39756774902344
56.08230209350586
173.71664428710938
107.39427947998047
123.67585754394531
165.89083862304688
158.81710815429688
163.3389434814453
131.0865936279297
166.7254638671875
165.2226104736328
133.81402587890625
161.6422119140625
156.43023681640625
129.694580078125
159.5753173828125
148.73553466796875
104.08216094970703
45.81155776977539
147.12940979003906
127.24229431152344
46.4712028503418
160.56890869140625
159.48106384277344
109.65506744384766
156.80113220214844
16.27454948425293
16.930665969848633
118.80493927001953
15.546220779418945
167.53225708007812
98.40678405761719
100.0527572631836
162.6551971435547
21.035301208496094
23.32434844970703
124.02363586425781
97.68327331542969
168.1450958251953
160.3228302001953
71.17693328857422
110.40074157714844
60.67009735107422
149.1831512451172
147.914794921875
114.42508697509766
58.63015365600586
20.163162231445312
103.77853393554688
53.154239654541016
118.5592041015625
101.15922546386719
119.61781311035156
162.68411254882812
104.8472900390625
33.982913970947266
77.71576690673828
18.987377166748047
15.855602264404297
139.70941162109375
30.935810089111328
126.29396057128906
3.355544090270996
115.57872772216797
44.7911262512207
131.16346740722656
157.38653564453125
71.72309112548828
14.944877624511719
119.00296020507812
50.80084991455078
26.309789657592773
47.72466278076172
49.96770095825195
114.88976287841797
171.14080810546875
108.7874984741211
46.35573196411133
125.6429443359375
172.049072265625
112.70958709716797
105.83168029785156
106.93933868408203
120.16863250732422
163.606201171875
132.21395874023438
112.12336730957031
149.84266662597656
143.71546936035156
49.518924713134766
16.96381950378418
131.5540771484375
85.49227905273438
48.417076110839844
112.72013092041016
108.08441162109375
20.99766731262207
59.2305908203125
100.2208480834961
98.18878936767578
11.465394973754883
44.17674255371094
105.43949890136719
93.39018249511719
123.96662902832031
152.355224609375
142.516845703125
50.201873779296875
155.42311096191406
120.9828109741211
166.22601318359375
167.17263793945312
153.3582000732422
159.6197509765625
140.88682556152344
114.69340515136719
100.24017333984375
155.90646362304688
115.81324005126953
106.54344177246094
152.53265380859375
165.15567016601562
96.8889389038086
129.32766723632812
154.5504608154297
46.551944732666016
124.38299560546875
168.50376892089844
137.29580688476562
156.8462677001953
159.77259826660156
54.75758743286133
54.908226013183594
152.38377380371094
162.97735595703125
170.0379180908203
122.88655090332031
44.7951774597168
95.56404876708984
40.5433349609375
119.79180145263672
169.16139221191406
115.37317657470703
11.210163116455078
21.233537673950195
131.490966796875
124.52468872070312
24.057416915893555
45.06279373168945
132.56002807617188
116.08926391601562
126.34693908691406
120.8846664428711
43.16545104980469
119.89029693603516
145.57957458496094
154.5611114501953
119.3520736694336
13.35614013671875
47.71125411987305
146.8296356201172
21.10881233215332
104.71713256835938
19.623165130615234
16.504316329956055
49.21318435668945
130.25640869140625
102.74279022216797
67.6851806640625
146.92999267578125
8.688582420349121
158.0937957763672
115.1303482055664
153.30096435546875
168.3690643310547
119.79307556152344
169.52301025390625
132.2523193359375
157.73388671875
11.879404067993164
150.0524139404297
120.9230728149414
154.3678741455078
47.29640197753906
122.68413543701172
164.20191955566406
168.78692626953125
52.81341552734375
138.56854248046875
122.71733093261719
141.99082946777344
12.637636184692383
132.67103576660156
170.17013549804688
148.00628662109375
45.27082061767578
72.20136260986328
169.95651245117188
51.50669479370117
154.62681579589844
177.49761962890625
143.26129150390625
135.73619079589844
150.01829528808594
36.90140151977539
106.19596099853516
114.51103973388672
134.3833770751953
167.2152099609375
129.8863525390625
171.36526489257812
49.520050048828125
83.67210388183594
41.84479522705078
163.65576171875
154.4330596923828
110.29291534423828
163.53274536132812
72.70972442626953
22.783329010009766
96.59751892089844
14.079856872558594
129.88027954101562
17.564701080322266
93.45863342285156
129.84230041503906
22.184659957885742
153.38485717773438
145.54054260253906
131.6865234375
105.73820495605469
120.99596405029297
165.50070190429688
132.33270263671875
106.28209686279297
15.273395538330078
155.39846801757812
48.06709289550781
154.87844848632812
41.7064094543457
115.31000518798828
155.08531188964844
124.55462646484375
107.32354736328125
114.3343276977539
146.84727478027344
125.81689453125
109.603271484375
45.37189865112305
122.76879119873047
119.66122436523438
160.90545654296875
102.17082977294922
119.11853790283203
101.18605041503906
176.9766387939453
119.32646179199219
20.697734832763672
26.48607063293457
77.77263641357422
12.173208236694336
156.21824645996094
26.523784637451172
113.67394256591797
173.44479370117188
172.1411895751953
175.67385864257812
136.40548706054688
137.7067108154297
139.7364959716797
147.6702423095703
73.00272369384766
12.76922607421875
150.39996337890625
124.49642944335938
158.466064453125
121.77269744873047
45.26204299926758
137.0128173828125
130.2937469482422
21.86985969543457
156.43727111816406
89.16130828857422
124.39027404785156
110.10884857177734
162.77072143554688
140.31455993652344
137.51760864257812
113.79624938964844
161.17320251464844
107.12528991699219
110.86518096923828
145.99456787109375
104.34535217285156
84.59410858154297
118.79647064208984
131.3169403076172
159.55711364746094
112.19290161132812
176.555908203125
165.62269592285156
124.27084350585938
114.57258605957031
137.4155731201172
119.8675765991211
83.4582748413086
4.747833251953125
26.901437759399414
102.24042510986328
123.43193054199219
21.091466903686523
89.41780090332031
10.835086822509766
169.71170043945312
164.14503479003906
141.14930725097656
119.81640625
162.7410888671875
180.38870239257812
28.833114624023438
121.51935577392578
121.5195541381836
164.72874450683594
132.32325744628906
23.313739776611328
56.3549690246582
87.7274169921875
86.79933166503906
104.09568786621094
102.9876480102539
12.285709381103516
82.05403900146484
47.57635498046875
118.72148895263672
122.91569519042969
23.957014083862305
124.12263488769531
24.94647979736328
120.23451232910156
160.7442169189453
27.153430938720703
129.37530517578125
112.586669921875
156.7283935546875
42.677024841308594
98.578125
22.003786087036133
30.80767822265625
55.09617233276367
165.60206604003906
121.25352478027344
60.75630187988281
102.24728393554688
57.165775299072266
21.664857864379883
126.32870483398438
48.99738311767578
136.38177490234375
121.18669891357422
143.3453826904297
142.40313720703125
32.36656951904297
120.04190826416016
165.49655151367188
101.89924621582031
158.235595703125
112.27035522460938
87.88880920410156
19.05342674255371
110.02659606933594
121.4543685913086
109.97191619873047
147.02305603027344
92.22838592529297
164.94570922851562
112.49655151367188
86.4666976928711
156.05023193359375
165.2194061279297
165.3466796875
119.09815216064453
43.634857177734375
47.46894454956055
155.8310546875
151.9454345703125
162.025634765625
163.89442443847656
44.32206726074219
48.258304595947266
61.62952423095703
124.69219970703125
121.54842376708984
122.83885192871094
162.96424865722656
42.48054885864258
149.57789611816406
108.92826080322266
118.59522247314453
120.58869171142578
123.63803100585938
135.26669311523438
110.0706787109375
58.21359634399414
115.68885040283203
165.66404724121094
107.4769515991211
110.25738525390625
40.33169174194336
44.50862121582031
62.35797119140625
150.8478546142578
132.70462036132812
139.1587371826172
119.47029876708984
161.8371124267578
115.48235321044922
136.1898956298828
157.25924682617188
23.603918075561523
123.91891479492188
95.65658569335938
114.63932037353516
53.00709533691406
111.5614242553711
115.57620239257812
126.21844482421875
76.28751373291016
144.76243591308594
146.89263916015625
158.46206665039062
74.13125610351562
114.2175064086914
153.6278839111328
87.74075317382812
156.56480407714844
166.39146423339844
115.5525894165039
124.38459777832031
93.1268310546875
101.67012786865234
145.52029418945312
46.61201095581055
108.59976959228516
103.47767639160156
152.9791717529297
108.45484161376953
152.36837768554688
77.20397186279297
40.90494155883789
109.49823760986328
44.338504791259766
150.6532745361328
131.48275756835938
152.27247619628906
47.92279052734375
112.5150146484375
44.68708801269531
123.59626770019531
107.49189758300781
112.32604217529297
105.6045150756836
98.11629486083984
135.52249145507812
114.48719024658203
156.13771057128906
109.080078125
155.60943603515625
132.448974609375
117.49009704589844
50.31084442138672
144.85400390625
106.48880004882812
99.51358795166016
115.57955169677734
141.5775909423828
133.70565795898438
146.28399658203125
108.85877227783203
106.85431671142578
155.1712646484375
45.904170989990234
95.94292449951172
131.71856689453125
75.473876953125
104.65455627441406
136.2054443359375
35.58033752441406
86.5108871459961
90.53314971923828
146.70530700683594
156.4629669189453
76.22564697265625
155.50953674316406
38.910919189453125
107.73347473144531
138.43983459472656
96.89347839355469
166.03759765625
93.95899963378906
106.27959442138672
145.31297302246094
91.8703842163086
49.93181228637695
80.77702331542969
39.4067268371582
108.17031860351562
119.60618591308594
44.24812316894531
99.93232727050781
130.88134765625
158.28367614746094
129.4993438720703
132.7017059326172
96.48393249511719
45.36692428588867
132.44985961914062
100.11994934082031
14.88199234008789
111.13568115234375
123.37725830078125
85.18011474609375
135.54803466796875
28.385902404785156
155.83233642578125
139.74717712402344
53.97019577026367
111.30242156982422
154.37672424316406
77.859619140625
166.41067504882812
107.63740539550781
118.36005401611328
151.38717651367188
44.91028594970703
74.1903305053711
9.182442665100098
148.9410858154297
94.86894989013672
118.8387222290039
147.1134033203125
43.313209533691406
69.08321380615234
161.05459594726562
148.88363647460938
159.50753784179688
122.30487060546875
101.96743774414062
112.13409423828125
87.32874298095703
126.27951049804688
111.77716827392578
21.4019775390625
50.124759674072266
148.8124237060547
98.4089126586914
156.77381896972656
51.65144348144531
46.604949951171875
160.2316131591797
132.81492614746094
140.088623046875
102.6832504272461
50.341487884521484
153.64703369140625
164.2075958251953
97.44164276123047
120.758056640625
104.81338500976562
147.8485565185547
144.9056854248047
149.09730529785156
119.4169921875
163.73936462402344
78.15605926513672
136.20318603515625
150.82635498046875
52.8927001953125
161.71495056152344
138.52099609375
146.42750549316406
152.407958984375
152.3692169189453
110.18109893798828
147.56661987304688
114.70494842529297
115.44322967529297
52.34812927246094
107.67628479003906
143.720703125
159.800048828125
135.03143310546875
153.60325622558594
104.87187957763672
94.21224975585938
16.455814361572266
104.98550415039062
141.48854064941406
109.20354461669922
105.62859344482422
106.60173034667969
148.76687622070312
117.48665618896484
105.51734161376953
51.61949920654297
51.289833068847656
138.428955078125
115.1298828125
95.63899230957031
138.69241333007812
144.12953186035156
158.18316650390625
158.41786193847656
146.5565643310547
141.37135314941406
108.80305480957031
111.81428527832031
45.72482681274414
58.34772872924805
144.50692749023438
121.0145034790039
97.82479095458984
75.89580535888672
112.63961029052734
102.87606811523438
47.949615478515625
144.2869110107422
164.44590759277344
137.3250732421875
113.94821166992188
164.18040466308594
114.34580993652344
134.15455627441406
107.029541015625
151.5233917236328
175.14126586914062
107.96629333496094
117.88201141357422
113.10652923583984
159.2710418701172
139.18112182617188
111.43574523925781
116.78410339355469
49.3165283203125
117.09180450439453
147.5540771484375
159.91302490234375
139.27279663085938
116.06907653808594
69.74505615234375
174.27012634277344
124.30950927734375
134.57106018066406
142.0306396484375
164.14688110351562
156.71481323242188
124.98898315429688
148.9142608642578
47.14458084106445
52.860965728759766
127.15620422363281
152.031005859375
124.07534790039062
113.93183898925781
141.74244689941406
87.38138580322266
113.61726379394531
25.181856155395508
139.56619262695312
93.15753173828125
41.927207946777344
134.83102416992188
127.18745422363281
82.99832916259766
121.11844635009766
146.3517303466797
102.60546875
17.933483123779297
85.85810089111328
111.8678207397461
108.91101837158203
127.60612487792969
14.580564498901367
107.9299087524414
135.60763549804688
138.63177490234375
121.67194366455078
103.99524688720703
82.46665954589844
29.926719665527344
119.57823181152344
102.53256225585938
144.49032592773438
128.72732543945312
98.91626739501953
9.884878158569336
156.28587341308594
167.287109375
100.62055206298828
41.539249420166016
117.9609375
119.35489654541016
162.44200134277344
137.6639404296875
154.4036865234375
22.883712768554688
107.04265594482422
148.06105041503906
31.53512191772461
115.35429382324219
110.26575469970703
92.42108154296875
146.32794189453125
47.00152587890625
136.3374481201172
148.5106658935547
111.60645294189453
115.24740600585938
96.55448150634766
61.17151641845703
154.51565551757812
136.1790008544922
139.27713012695312
147.0388946533203
59.493629455566406
54.233001708984375
119.43324279785156
123.32981872558594
121.94338989257812
126.96467590332031
57.96564865112305
110.980224609375
119.6276626586914
142.81248474121094
104.84402465820312
148.9562530517578
107.06475830078125
116.76476287841797
168.0051727294922
122.52483367919922
148.015380859375
24.79792022705078
116.04540252685547
120.80768585205078
53.33866500854492
118.27645874023438
159.80551147460938
164.89517211914062
135.89320373535156
149.32659912109375
113.8354263305664
140.3389434814453
125.80908203125
139.68911743164062
156.34169006347656
123.34892272949219
166.2574005126953
97.91801452636719
85.69857025146484
166.3623504638672
141.76034545898438
98.50150299072266
79.02559661865234
58.761741638183594
92.34375762939453
104.13082885742188
48.77610397338867
17.37038230895996
158.6374969482422
42.149864196777344
46.12131118774414
174.18592834472656
110.50408172607422
55.07892990112305
171.45474243164062
105.37779235839844
58.27305221557617
126.87725830078125
143.9151153564453
15.605585098266602
55.823570251464844
45.23598861694336
164.3417205810547
6.377599716186523
124.79487609863281
160.94773864746094
46.62747573852539
129.9001007080078
121.54495239257812
167.42076110839844
131.20147705078125
161.60459899902344
155.58425903320312
150.5772247314453
156.6256103515625
125.1494140625
105.98361206054688
130.42413330078125
113.47447967529297
46.82229995727539
104.65375518798828
156.87010192871094
124.02317810058594
138.7518768310547
157.5570831298828
157.0557861328125
100.1673812866211
155.5498809814453
139.675048828125
106.00777435302734
105.89330291748047
138.6158905029297
44.26083755493164
105.7073745727539
98.7638168334961
134.5087127685547
115.05704498291016
51.20126724243164
156.9218292236328
113.75323486328125
158.67991638183594
114.1727294921875
114.76132202148438
160.77133178710938
87.60209655761719
143.9550018310547
142.95936584472656
149.89707946777344
150.79107666015625
61.467010498046875
143.58636474609375
138.47496032714844
27.356964111328125
110.17313385009766
97.79362487792969
100.00595092773438
120.63756561279297
111.0574951171875
104.56400299072266
153.947021484375
142.73512268066406
53.19694900512695
117.5160140991211
150.3731231689453
126.96556091308594
162.98985290527344
52.810325622558594
110.12666320800781
139.03567504882812
106.24906158447266
105.04801940917969
111.59341430664062
162.28912353515625
115.75775146484375
148.65492248535156
100.8753890991211
154.60691833496094
47.52449035644531
125.43773651123047
49.5272102355957
146.50071716308594
155.25344848632812
141.8120574951172
150.65223693847656
143.52989196777344
133.21783447265625
96.50096893310547
110.17994689941406
153.44973754882812
81.25221252441406
149.58432006835938
44.549766540527344
104.40583801269531
109.52729797363281
108.06070709228516
104.39590454101562
106.67213439941406
149.08822631835938
101.6513442993164
119.00699615478516
149.15631103515625
90.3385009765625
146.0191192626953
150.30703735351562
109.83715057373047
154.48757934570312
138.0758819580078
153.95999145507812
110.98435974121094
147.0960235595703
156.7958984375
150.57057189941406
120.13182830810547
150.25735473632812
85.65020751953125
108.82624816894531
111.4913330078125
118.08808898925781
49.10371398925781
87.84626007080078
80.01316833496094
138.47694396972656
99.2930679321289
100.82770538330078
136.68296813964844
105.94670867919922
110.35285186767578
54.74829864501953
90.55072021484375
146.8428955078125
123.55509948730469
52.935081481933594
121.80048370361328
103.98233795166016
99.8908920288086
135.25457763671875
56.03360366821289
46.37948226928711
144.2998504638672
157.60899353027344
101.97727966308594
155.51869201660156
156.6555938720703
152.7788848876953
146.5516357421875
86.70556640625
95.16340637207031
156.88636779785156
120.1613998413086
135.25515747070312
95.57341003417969
148.3375701904297
98.18415832519531
151.8071746826172
73.4507827758789
110.92626190185547
104.04407501220703
108.899169921875
110.15789031982422
163.65008544921875
139.12411499023438
126.43595886230469
95.14694213867188
65.81678009033203
157.6545867919922
56.25666046142578
115.60913848876953
147.33404541015625
108.38797760009766
126.94416809082031
126.09326171875
114.76837921142578
52.69489288330078
112.02490997314453
128.72076416015625
119.0461196899414
118.44922637939453
118.35482788085938
127.14266967773438
110.83604431152344
116.39421081542969
163.3245849609375
76.73648071289062
147.71649169921875
149.0045623779297
152.59085083007812
148.58731079101562
156.33091735839844
116.69937896728516
124.93574523925781
55.237728118896484
79.73703002929688
109.64226531982422
59.298980712890625
106.97725677490234
66.2222900390625
119.81151580810547
92.57534790039062
113.16329193115234
153.34832763671875
109.28022766113281
102.61710357666016
133.10470581054688
66.60018157958984
110.48707580566406
147.30796813964844
158.66259765625
120.641845703125
95.6756362915039
64.51233673095703
146.50991821289062
132.80166625976562
154.455078125
88.18370819091797
133.38487243652344
83.7592544555664
156.46786499023438
118.52291870117188
44.209842681884766
109.8517837524414
112.87557220458984
83.79512786865234
47.29837417602539
102.5862808227539
103.02733612060547
144.10177612304688
122.49571990966797
111.07685852050781
111.92140197753906
80.91694641113281
160.11878967285156
106.57538604736328
37.01400375366211
162.10826110839844
154.7731475830078
147.64515686035156
141.8440704345703
110.08329010009766
99.7489013671875
153.04173278808594
139.08160400390625
152.3510284423828
76.57546997070312
164.28382873535156
159.3430633544922
156.8380889892578
156.28135681152344
116.70856475830078
150.5449981689453
159.40623474121094
148.6331024169922
121.97506713867188
164.5543975830078
78.75865936279297
112.48674011230469
90.10578155517578
71.42424774169922
105.96714782714844
97.11319732666016
48.479736328125
88.1705093383789
86.60441589355469
159.14865112304688
117.35954284667969
115.4917984008789
117.84323120117188
117.44544219970703
161.6030731201172
97.76910400390625
105.75167083740234
151.63592529296875
146.739501953125
134.21389770507812
42.2439079284668
150.9894561767578
123.53800964355469
95.57999420166016
163.1527557373047
40.47383117675781
83.41610717773438
161.0321502685547
155.05245971679688
142.39236450195312
170.42086791992188
108.346923828125
151.04359436035156
147.8533477783203
27.713420867919922
163.14678955078125
84.1252212524414
118.12504577636719
146.070068359375
108.46705627441406
150.02793884277344
160.7880096435547
106.28228759765625
103.51969146728516
132.65524291992188
58.165836334228516
160.40457153320312
107.13301849365234
121.5381088256836
105.23824310302734
105.69700622558594
165.29647827148438
166.67784118652344
164.80133056640625
32.286766052246094
169.42222595214844
117.99629974365234
172.19076538085938
144.7137908935547
159.28575134277344
148.77377319335938
120.28746032714844
150.765625
167.63116455078125
121.9979019165039
156.7927703857422
112.04871368408203
33.08015060424805
159.87149047851562
166.1641845703125
119.12071990966797
101.51195526123047
140.18577575683594
113.1571044921875
110.3490219116211
154.8865203857422
143.6350555419922
148.4994659423828
147.96412658691406
154.41738891601562
150.5342254638672
160.6995849609375
88.65672302246094
54.74832534790039
99.4451904296875
151.16110229492188
99.34765625
157.41708374023438
166.9439697265625
103.9045181274414
159.86984252929688
101.73456573486328
53.89078140258789
122.43103790283203
164.8806610107422
153.83395385742188
154.15335083007812
107.55001831054688
125.15843200683594
167.11660766601562
120.1279067993164
125.57942199707031
163.07647705078125
150.66677856445312
16.376344680786133
123.62123107910156
90.04774475097656
171.25645446777344
162.3739776611328
47.8345832824707
114.9036865234375
111.14630889892578
167.8678436279297
159.9665069580078
166.34759521484375
167.11215209960938
172.847412109375
114.92855072021484
172.44961547851562
148.15109252929688
122.59465026855469
172.45736694335938
141.0655059814453
77.31904602050781
162.61146545410156
119.03263092041016
150.56808471679688
168.85462951660156
160.3653564453125
16.996938705444336
170.1919403076172
154.87356567382812
113.91197967529297
29.851741790771484
174.5654296875
149.1130828857422
173.39566040039062
119.3940658569336
165.4527130126953
98.47248840332031
16.49624252319336
136.8848876953125
113.45472717285156
169.7528076171875
87.41519927978516
4.718123435974121
160.9352264404297
93.7791748046875
131.86288452148438
174.05154418945312
139.33200073242188
161.8175811767578
116.61766815185547
160.32406616210938
153.54193115234375
107.5911636352539
114.3604507446289
134.817138671875
91.76708984375
106.58087921142578
162.45040893554688
125.00888061523438
20.54558753967285
140.69471740722656
162.37261962890625
103.5775146484375
160.06494140625
156.80438232421875
121.21635437011719
118.29876708984375
115.85066986083984
120.18543243408203
141.32347106933594
164.8485565185547
167.94778442382812
151.90994262695312
158.7112579345703
144.31100463867188
151.63563537597656
116.4404525756836
168.6523895263672
169.83847045898438
161.19107055664062
140.63902282714844
156.89303588867188
122.19345092773438
117.70687103271484
158.76165771484375
150.34617614746094
155.73446655273438
100.72771453857422
127.88526916503906
115.22975158691406
86.59899139404297
12.255718231201172
157.49620056152344
136.6985626220703
154.7649383544922
92.64575958251953
50.66853713989258
166.35995483398438
122.82366180419922
131.32208251953125
99.57208251953125
121.68955993652344
153.9518280029297
93.55564880371094
105.81452941894531
154.81202697753906
160.61685180664062
164.6554412841797
16.027677536010742
90.8013687133789
127.05986785888672
161.37591552734375
99.62757110595703
156.63999938964844
162.98143005371094
104.28399658203125
150.85191345214844
136.00506591796875
152.7278289794922
143.62698364257812
36.39649200439453
151.5863494873047
151.83201599121094
79.78185272216797
136.37835693359375
136.10049438476562
108.86972045898438
111.78695678710938
150.91500854492188
143.26303100585938
111.885986328125
158.6527862548828
112.82927703857422
143.95901489257812
134.53797912597656
113.26070404052734
77.09130096435547
36.32509231567383
149.92274475097656
87.06651306152344
94.4991226196289
51.878395080566406
163.278564453125
152.0307159423828
142.57530212402344
109.36845397949219
148.83502197265625
90.01535034179688
110.48986053466797
154.2255859375
136.99603271484375
55.68351745605469
86.33004760742188
74.89067840576172
115.15497589111328
149.49462890625
143.30296325683594
55.697593688964844
100.79047393798828
148.32057189941406
90.15309143066406
95.59587860107422
52.20140075683594
117.42735290527344
108.73076629638672
52.66846466064453
140.86021423339844
100.50679016113281
90.47026824951172
103.90756225585938
95.44837188720703
162.02708435058594
105.51213073730469
129.3983917236328
152.40992736816406
152.99468994140625
106.32717895507812
150.51011657714844
107.36682891845703
144.42288208007812
107.03197479248047
157.5567169189453
115.08853912353516
76.88458251953125
126.25115966796875
56.55537033081055
147.40538024902344
150.52674865722656
117.8686752319336
110.3032455444336
144.09300231933594
149.57127380371094
111.62834167480469
106.01759338378906
111.79925537109375
123.26576232910156
149.11216735839844
146.0207977294922
111.52259063720703
38.34048843383789
104.43922424316406
146.1049346923828
109.26671600341797
154.4573211669922
106.01014709472656
126.83821105957031
100.43614959716797
153.56607055664062
52.254554748535156
159.1484375
151.36410522460938
105.91963195800781
89.90928649902344
156.46197509765625
153.48316955566406
157.2634735107422
96.00648498535156
155.66871643066406
134.94798278808594
115.18938446044922
109.33163452148438
106.82797241210938
116.60780334472656
120.15367889404297
115.4648208618164
158.3182830810547
149.88665771484375
76.94611358642578
102.84721374511719
114.3691177368164
120.79991912841797
116.7146987915039
133.48037719726562
158.19277954101562
124.700439453125
96.72686004638672
154.48403930664062
106.84172058105469
151.4451446533203
149.28958129882812
97.66862487792969
155.8782501220703
104.75878143310547
148.5339813232422
77.33252716064453
101.34161376953125
57.09693908691406
151.8862762451172
104.42581939697266
135.5753173828125
147.64407348632812
115.63412475585938
116.63166809082031
24.09597396850586
164.41439819335938
166.7027587890625
136.6153106689453
153.5584716796875
160.7322540283203
158.6527862548828
88.04177856445312
162.41397094726562
165.78652954101562
139.01101684570312
152.3245086669922
165.5599365234375
126.72604370117188
167.07345581054688
173.17449951171875
120.81859588623047
173.47735595703125
97.5805435180664
107.47062683105469
118.40533447265625
140.374755859375
127.08534240722656
127.27365112304688
159.88287353515625
123.04885864257812
139.22877502441406
150.5260772705078
144.45391845703125
128.46868896484375
146.1229705810547
140.4402618408203
157.65200805664062
33.037086486816406
115.69230651855469
109.66401672363281
158.4972686767578
140.3994598388672
150.4032440185547
135.6371307373047
154.90139770507812
128.36061096191406
110.28455352783203
111.4456787109375
154.943359375
133.31980895996094
152.72335815429688
146.66302490234375
164.32583618164062
159.37171936035156
154.4066619873047
170.37606811523438
154.00558471679688
159.60870361328125
119.73780059814453
119.7287368774414
173.4552764892578
175.2518768310547
155.38392639160156
166.5650634765625
136.94723510742188
173.1107177734375
165.68861389160156
103.5771255493164
134.97872924804688
150.81065368652344
123.97666931152344
101.87919616699219
161.4695587158203
156.04539489746094
134.97470092773438
118.67304992675781
133.7290496826172
115.420166015625
158.0229034423828
118.56652069091797
150.27964782714844
165.1221160888672
139.2398681640625
151.13555908203125
161.03062438964844
154.5496063232422
111.9808578491211
159.5399932861328
168.14450073242188
165.41539001464844
110.78621673583984
143.84022521972656
47.70860290527344
171.28639221191406
37.97360610961914
156.93699645996094
120.82817077636719
121.36990356445312
104.37770080566406
116.46569061279297
113.80379486083984
83.06816864013672
114.4332275390625
31.14617156982422
110.40887451171875
115.62615203857422
121.43829345703125
134.6617431640625
153.8414306640625
122.94706726074219
116.02859497070312
155.66053771972656
19.82391357421875
161.04986572265625
124.90614318847656
49.780818939208984
174.80470275878906
120.46217346191406
160.09825134277344
157.21080017089844
33.081947326660156
23.144742965698242
165.26129150390625
121.46587371826172
159.66604614257812
151.05905151367188
117.81820678710938
166.4320831298828
110.72419738769531
154.18190002441406
160.1251220703125
130.032470703125
147.0765380859375
120.1700210571289
136.1318817138672
110.66181182861328
108.09790802001953
166.54721069335938
155.9119873046875
172.8297119140625
162.9059600830078
149.92054748535156
161.79006958007812
161.72171020507812
165.18373107910156
162.8176727294922
161.07630920410156
109.06892395019531
161.8347930908203
146.8957977294922
85.88054656982422
167.44790649414062
172.2405242919922
114.72093200683594
118.94246673583984
159.29672241210938
31.180782318115234
156.76893615722656
163.5066375732422
86.33898162841797
49.93634033203125
169.76763916015625
159.95387268066406
136.408935546875
123.21951293945312
117.10536193847656
113.76984405517578
140.02403259277344
162.36570739746094
161.09385681152344
162.0806427001953
149.83348083496094
51.085121154785156
170.07249450683594
156.62741088867188
119.59038543701172
121.87895202636719
116.76721954345703
168.84274291992188
133.31871032714844
145.80429077148438
22.06658363342285
116.09192657470703
122.27642059326172
117.45000457763672
160.5190887451172
163.0602264404297
123.83052062988281
152.85211181640625
156.71038818359375
162.80126953125
162.35401916503906
117.44878387451172
156.51577758789062
101.32011413574219
157.03656005859375
157.35850524902344
148.42025756835938
170.67120361328125
146.1725616455078
164.32688903808594
147.46725463867188
140.4246063232422
51.36726760864258
98.79489135742188
142.73167419433594
106.79348754882812
96.37454986572266
164.07017517089844
113.43467712402344
161.4067840576172
152.69491577148438
164.63348388671875
165.58973693847656
154.6111297607422
159.01148986816406
161.5762481689453
156.32008361816406
158.89212036132812
122.5658187866211
161.0333251953125
117.01728820800781
160.3842315673828
162.95811462402344
158.76556396484375
152.74871826171875
123.5457763671875
162.9659423828125
114.51985931396484
136.765380859375
147.32449340820312
158.19252014160156
115.74417877197266
166.5354766845703
172.75985717773438
162.82211303710938
160.66062927246094
137.77389526367188
126.62614440917969
100.81266784667969
162.1717071533203
167.41465759277344
99.96429443359375
155.6039276123047
146.8468017578125
115.63906860351562
165.7379150390625
116.7569580078125
145.82711791992188
110.47179412841797
170.4960174560547
175.93289184570312
114.40101623535156
170.56512451171875
109.2034912109375
137.91311645507812
108.8827896118164
133.1776580810547
113.06790924072266
127.26612854003906
115.45320129394531
172.5686798095703
123.25914001464844
157.07785034179688
106.9688949584961
159.048095703125
145.9634552001953
153.1923065185547
163.7340850830078
98.80397033691406
161.2489013671875
152.97122192382812
171.1870574951172
158.97552490234375
42.907772064208984
152.90074157714844
123.25177001953125
99.92780303955078
136.6308135986328
128.8013916015625
159.71824645996094
117.13957977294922
147.97825622558594
100.26031494140625
161.32540893554688
154.96063232421875
173.806884765625
107.68113708496094
100.75373077392578
106.53932189941406
118.9352798461914
153.2978057861328
167.81155395507812
164.7434539794922
30.756797790527344
123.72340393066406
118.21241760253906
162.96719360351562
143.5858917236328
157.19020080566406
118.31884002685547
137.25157165527344
114.47089385986328
140.6990966796875
111.6109848022461
133.63888549804688
168.53408813476562
111.26000213623047
166.3417205810547
115.81468963623047
162.39015197753906
110.21625518798828
108.30760955810547
169.496337890625
108.29212188720703
153.88385009765625
152.63832092285156
162.5482635498047
167.36570739746094
117.29661560058594
102.82617950439453
57.31766128540039
112.78137969970703
149.69766235351562
151.25006103515625
161.3506317138672
166.80653381347656
163.660888671875
119.39952087402344
158.906982421875
168.47972106933594
139.1038818359375
164.1921844482422
176.4033203125
132.59950256347656
120.02763366699219
119.94688415527344
49.866310119628906
170.27999877929688
107.38521575927734
161.01353454589844
163.05921936035156
140.60279846191406
156.91908264160156
114.0447006225586
153.92173767089844
175.10134887695312
162.00723266601562
168.1913299560547
114.78224182128906
98.047607421875
85.66153717041016
149.45848083496094
106.74470520019531
147.18333435058594
156.4029541015625
172.1139678955078
157.2462158203125
151.6630401611328
167.72796630859375
151.5353240966797
161.96163940429688
149.2704315185547
169.0159912109375
173.9728240966797
159.1854248046875
131.8375244140625
157.98593139648438
159.60301208496094
156.9900360107422
121.96208953857422
140.02725219726562
150.82196044921875
166.8621063232422
137.5064697265625
166.007568359375
169.01097106933594
94.71319580078125
166.34152221679688
156.1478729248047
162.8072509765625
169.41705322265625
156.4525909423828
164.9222412109375
168.99391174316406
123.80126953125
160.66734313964844
158.55575561523438
123.41166687011719
158.19927978515625
149.07228088378906
154.0897674560547
109.8798599243164
164.0640411376953
105.62687683105469
160.59068298339844
161.05215454101562
160.7655792236328
116.79960632324219
159.46263122558594
141.5607452392578
157.42208862304688
109.92601776123047
144.82736206054688
83.71308898925781
156.6954803466797
119.84638214111328
164.87255859375
164.31341552734375
170.85174560546875
160.21592712402344
94.04286193847656
166.59120178222656
163.88209533691406
125.53338623046875
174.20375061035156
150.5115966796875
98.62799072265625
109.98895263671875
107.41256713867188
108.83319091796875
160.68890380859375
147.30032348632812
176.90821838378906
139.5541229248047
156.03199768066406
111.86217498779297
157.45684814453125
154.517822265625
123.80143737792969
101.81407928466797
165.55047607421875
123.85235595703125
147.03399658203125
155.8131103515625
113.6058578491211
148.55612182617188
115.10649108886719
158.1328125
111.95915222167969
103.60429382324219
170.39007568359375
160.72447204589844
145.61753845214844
125.40119934082031
159.8737030029297
55.435997009277344
169.26248168945312
175.48947143554688
160.9321746826172
121.2977523803711
166.5102081298828
150.538818359375
173.05052185058594
90.14197540283203
168.4738006591797
164.6194610595703
166.23382568359375
105.17987823486328
169.25067138671875
124.58627319335938
124.63916015625
119.18798065185547
120.65062713623047
165.6134796142578
173.76573181152344
114.2591552734375
157.58859252929688
125.59933471679688
174.94631958007812
142.8731689453125
119.335693359375
164.8693389892578
118.7830810546875
162.80227661132812
155.46910095214844
175.2270965576172
163.21871948242188
110.85140228271484
170.59983825683594
166.12863159179688
166.6718292236328
164.05906677246094
169.85694885253906
154.5181884765625
176.76593017578125
151.447509765625
24.13301658630371
180.25149536132812
169.18780517578125
132.7877960205078
17.72249984741211
139.31747436523438
166.47727966308594
169.4384002685547
155.03024291992188
172.14193725585938
114.11927795410156
142.07408142089844
112.829833984375
159.0394287109375
116.15818786621094
135.5314178466797
170.07540893554688
165.9239501953125
125.61318969726562
51.785213470458984
127.56259155273438
175.62652587890625
146.3253631591797
158.05459594726562
127.51803588867188
102.16104125976562
137.45333862304688
130.40626525878906
121.1794204711914
132.17276000976562
114.73966979980469
172.13626098632812
176.51454162597656
128.82565307617188
126.36680603027344
126.75039672851562
133.19297790527344
171.11026000976562
169.4149932861328
168.79336547851562
24.59776496887207
118.47955322265625
126.91529846191406
24.620759963989258
133.3803253173828
166.35215759277344
178.18040466308594
174.59292602539062
129.60601806640625
168.48715209960938
167.30584716796875
160.3924560546875
171.7606964111328
156.81167602539062
171.95999145507812
130.4156951904297
162.3682861328125
174.19766235351562
122.48489379882812
160.0135040283203
134.6111297607422
44.871795654296875
167.65525817871094
124.87850952148438
167.45436096191406
160.3914337158203
169.18836975097656
169.66737365722656
168.87527465820312
124.38418579101562
126.43630981445312
169.58328247070312
168.26951599121094
157.9141387939453
157.75074768066406
151.73403930664062
160.8358612060547
169.29562377929688
110.97801208496094
125.70779418945312
170.9732666015625
171.287109375
164.07293701171875
131.49111938476562
128.62989807128906
163.47265625
173.93617248535156
173.18385314941406
175.11863708496094
135.3865203857422
167.45726013183594
161.88613891601562
131.88096618652344
120.81095886230469
169.83145141601562
170.13522338867188
35.93759536743164
116.91468811035156
166.75001525878906
119.0894775390625
172.14349365234375
16.454545974731445
162.39419555664062
132.1227569580078
168.97364807128906
157.9264373779297
122.84904479980469
171.22328186035156
126.69473266601562
171.06285095214844
123.4813232421875
170.35560607910156
173.44593811035156
168.64251708984375
160.7623748779297
142.51348876953125
129.82705688476562
168.68191528320312
156.56602478027344
149.51922607421875
14.180730819702148
50.73008346557617
170.7576141357422
26.13984489440918
152.94309997558594
90.8675537109375
160.3926239013672
20.659332275390625
179.95333862304688
131.6728057861328
122.46316528320312
176.69683837890625
166.13632202148438
171.58132934570312
171.165771484375
126.24763488769531
170.9308624267578
155.0109405517578
172.2720947265625
157.07386779785156
164.82037353515625
177.0801239013672
164.70838928222656
182.53407287597656
163.54347229003906
173.32374572753906
179.44810485839844
153.63198852539062
166.98141479492188
165.61399841308594
178.5853271484375
163.53944396972656
146.85562133789062
170.45582580566406
170.50709533691406
150.2572784423828
164.43353271484375
165.75735473632812
168.8319854736328
169.1186065673828
174.9180450439453
169.83192443847656
177.55897521972656
165.4026641845703
133.61874389648438
23.93092918395996
174.9068145751953
145.7911834716797
135.6970977783203
157.2564697265625
133.0209503173828
165.16357421875
168.37916564941406
134.952392578125
136.57086181640625
162.95823669433594
120.6981430053711
153.752685546875
129.74710083007812
170.6603546142578
118.62895965576172
162.7312469482422
120.40980529785156
175.1763458251953
174.5206756591797
159.76966857910156
155.72669982910156
159.20120239257812
129.36900329589844
153.48326110839844
29.224258422851562
172.92001342773438
115.462890625
175.9485626220703
129.83395385742188
126.69027709960938
166.4747772216797
160.08702087402344
174.2688751220703
122.6444320678711
123.3062744140625
162.66995239257812
19.161584854125977
169.63067626953125
175.8661651611328
129.17774963378906
174.2735595703125
160.35897827148438
167.74220275878906
160.98658752441406
149.0099334716797
168.76902770996094
54.99858093261719
168.7894744873047
176.81312561035156
159.64271545410156
172.87332153320312
166.49722290039062
122.28189849853516
128.6083526611328
109.51642608642578
177.9984893798828
175.1194305419922
166.24114990234375
124.13616943359375
112.57884216308594
55.19495391845703
26.894813537597656
169.4893035888672
64.1241226196289
177.20118713378906
169.3868865966797
163.81869506835938
32.090145111083984
132.4545440673828
57.34372329711914
139.78184509277344
146.32066345214844
160.05490112304688
166.21173095703125
158.7871551513672
173.12167358398438
129.43157958984375
168.0375518798828
169.81341552734375
168.70339965820312
127.38682556152344
172.1651153564453
171.22470092773438
168.4324951171875
158.83673095703125
47.47761535644531
126.16798400878906
148.47653198242188
176.2822723388672
174.10140991210938
131.1595916748047
163.26431274414062
161.22091674804688
164.8970184326172
169.7071990966797
124.36236572265625
160.6153106689453
168.1342315673828
162.5021514892578
157.9496612548828
164.2166290283203
162.6209716796875
175.5986328125
121.3464584350586
122.87680053710938
135.8539276123047
128.14566040039062
26.569520950317383
165.3329315185547
172.5748291015625
129.398681640625
37.25043487548828
166.06956481933594
175.5989990234375
171.3948974609375
163.14341735839844
125.028564453125
161.06663513183594
117.73739624023438
174.0579833984375
103.67953491210938
166.4735107421875
180.3785858154297
158.16065979003906
131.42025756835938
60.17540740966797
128.02809143066406
122.76293182373047
173.7162322998047
18.85002899169922
125.84530639648438
119.0766830444336
169.78663635253906
127.14146423339844
157.3208770751953
151.07974243164062
170.84352111816406
161.83201599121094
158.2000732421875
169.89813232421875
170.76417541503906
151.88905334472656
169.85191345214844
173.9635009765625
24.122995376586914
132.22735595703125
164.682861328125
181.00387573242188
170.0327911376953
126.90663146972656
76.62519073486328
169.4702606201172
15.928306579589844
169.23670959472656
177.62307739257812
173.80908203125
158.57859802246094
167.235595703125
127.33058166503906
178.13902282714844
154.9712371826172
165.05322265625
117.94688415527344
164.0642852783203
23.12317657470703
171.15341186523438
166.48635864257812
118.46929168701172
178.2616424560547
133.52171325683594
171.570068359375
175.97727966308594
171.59097290039062
121.91923522949219
162.85504150390625
171.0332794189453
133.595458984375
22.743173599243164
163.3837890625
172.12368774414062
171.27517700195312
172.98011779785156
174.12245178222656
175.8317108154297
178.0341339111328
145.7441864013672
145.59446716308594
176.74388122558594
122.7445068359375
175.3075714111328
173.54995727539062
161.14773559570312
125.52117919921875
163.74049377441406
125.97447204589844
172.89492797851562
173.76036071777344
19.731220245361328
128.54017639160156
162.99232482910156
128.67208862304688
171.0306854248047
171.39002990722656
177.7366485595703
125.98753356933594
177.86587524414062
157.7948455810547
155.2650909423828
180.10609436035156
51.31597137451172
175.4219512939453
156.42144775390625
171.6298370361328
176.0501708984375
18.259925842285156
117.03047180175781
130.0524444580078
165.60562133789062
165.38975524902344
18.613807678222656
132.58424377441406
121.7296371459961
155.462646484375
159.05734252929688
123.00807189941406
166.58384704589844
124.67747497558594
138.641357421875
162.36463928222656
163.91783142089844
173.1993865966797
176.46633911132812
173.00405883789062
170.08352661132812
123.11993408203125
161.0987548828125
133.73648071289062
170.2880096435547
167.6581268310547
168.7129364013672
174.0240020751953
173.20481872558594
168.03125
165.8302764892578
127.62937927246094
126.97428894042969
36.606510162353516
33.924930572509766
166.03472900390625
161.88414001464844
159.888427734375
159.87722778320312
170.60305786132812
166.19891357421875
165.64584350585938
166.9352569580078
109.3687744140625
144.7304229736328
164.56710815429688
54.6595458984375
151.20855712890625
123.84259033203125
169.12173461914062
133.17572021484375
174.57962036132812
156.10455322265625
156.41441345214844
152.13011169433594
172.28977966308594
166.01148986816406
116.1077651977539
179.67579650878906
152.14772033691406
124.36691284179688
12.534940719604492
169.70338439941406
171.0121307373047
53.49070739746094
167.64617919921875
178.36529541015625
161.01182556152344
176.99925231933594
98.4262466430664
163.115234375
127.39404296875
149.0148162841797
128.74581909179688
169.3804931640625
152.60031127929688
174.35165405273438
160.18502807617188
126.02857971191406
113.28291320800781
131.5951385498047
168.56759643554688
41.055179595947266
122.12812805175781
166.0958251953125
178.52561950683594
162.79348754882812
130.41368103027344
23.963529586791992
158.9147491455078
52.970298767089844
173.89500427246094
129.0121612548828
179.40579223632812
159.9715118408203
166.25672912597656
127.28091430664062
166.43795776367188
47.306156158447266
174.7129669189453
175.10731506347656
171.28195190429688
164.78436279296875
174.31744384765625
166.8297576904297
153.8040313720703
119.97976684570312
164.91973876953125
167.27342224121094
177.33119201660156
163.27210998535156
177.0464324951172
160.96673583984375
165.3870086669922
176.22291564941406
174.08457946777344
129.6769256591797
173.54071044921875
163.78973388671875
123.77238464355469
177.8756103515625
120.46918487548828
175.50753784179688
38.13901138305664
173.75326538085938
158.97164916992188
128.88674926757812
166.43243408203125
125.06278991699219
172.1060333251953
170.486328125
128.65676879882812
173.0168914794922
179.55418395996094
160.93162536621094
158.0850067138672
141.4336700439453
171.91310119628906
113.2715835571289
160.3644256591797
166.79486083984375
129.62583923339844
120.4288558959961
130.35845947265625
147.459228515625
35.578548431396484
168.13388061523438
172.29591369628906
163.4036865234375
161.02760314941406
171.3701171875
172.51156616210938
116.04693603515625
120.54414367675781
171.8603057861328
162.5351104736328
170.20668029785156
164.2413330078125
162.6630401611328
112.31759643554688
151.2821502685547
124.53349304199219
175.6522979736328
180.6128692626953
162.27386474609375
176.52406311035156
172.68580627441406
176.6359100341797
125.650146484375
137.48333740234375
163.47019958496094
170.0689697265625
173.80149841308594
130.3125
119.14580535888672
165.11827087402344
127.19915771484375
151.2314453125
160.71298217773438
132.87832641601562
177.43504333496094
149.10006713867188
128.68869018554688
168.9227752685547
165.97906494140625
170.6835479736328
129.7784423828125
121.56461334228516
156.6494903564453
176.69778442382812
161.33815002441406
161.52145385742188
150.6459197998047
120.02245330810547
144.75167846679688
123.1038818359375
169.77207946777344
167.65029907226562
150.6927032470703
163.89187622070312
13.510080337524414
162.34225463867188
172.67005920410156
169.71763610839844
177.2876739501953
128.63424682617188
162.35472106933594
170.0603485107422
83.53821563720703
126.54576110839844
34.70393371582031
165.9989776611328
164.87799072265625
130.12399291992188
119.72686767578125
115.2850112915039
156.16946411132812
158.9207763671875
170.65322875976562
164.88690185546875
155.9274139404297
118.00140380859375
169.11180114746094
138.8865509033203
138.17721557617188
82.25765991210938
161.14039611816406
165.76902770996094
171.79173278808594
159.99574279785156
54.80621337890625
129.50633239746094
126.83561706542969
167.517578125
130.65330505371094
169.24061584472656
166.1016387939453
159.0001678466797
176.78713989257812
150.8083953857422
171.88595581054688
166.08729553222656
160.65399169921875
165.65232849121094
130.8662567138672
128.22166442871094
122.91020202636719
168.16754150390625
180.46725463867188
165.9568328857422
161.80587768554688
154.22030639648438
162.9839324951172
160.14950561523438
150.34120178222656
127.20556640625
167.00885009765625
149.22813415527344
139.99859619140625
156.10751342773438
120.82706451416016
163.69439697265625
160.64625549316406
166.00950622558594
167.86265563964844
158.21310424804688
159.98471069335938
175.70774841308594
165.2449493408203
156.88677978515625
174.72752380371094
162.4490203857422
171.39552307128906
167.4270477294922
129.26583862304688
132.36422729492188
174.5301971435547
172.31451416015625
118.02983856201172
143.4004364013672
163.6363525390625
164.0274200439453
176.21142578125
169.3079833984375
176.1188201904297
109.12993621826172
172.3141632080078
172.3328094482422
166.18675231933594
51.30290603637695
169.535400390625
169.98516845703125
125.47183227539062
117.01594543457031
175.07022094726562
168.5509796142578
161.43084716796875
168.9512176513672
172.36602783203125
173.19757080078125
171.4659881591797
134.27328491210938
177.6682891845703
168.8341827392578
168.6396942138672
118.59686279296875
172.80543518066406
121.63082885742188
110.87255096435547
173.0291748046875
118.572265625
124.59124755859375
119.4171371459961
170.7794952392578
169.32632446289062
121.30018615722656
179.93301391601562
176.13047790527344
164.56396484375
125.87554931640625
175.03756713867188
170.56118774414062
167.1402587890625
147.07115173339844
123.20701599121094
159.89105224609375
109.42647552490234
104.70977020263672
122.85643768310547
179.6466064453125
127.12657165527344
116.00607299804688
166.1620635986328
163.49717712402344
178.4982452392578
160.13241577148438
177.44137573242188
165.1374053955078
163.39244079589844
164.04039001464844
51.71793746948242
176.069091796875
174.73622131347656
132.80587768554688
113.88945770263672
115.5316390991211
106.58842468261719
174.4162139892578
162.67730712890625
120.83700561523438
164.48370361328125
162.25352478027344
126.69802856445312
158.318359375
169.1763916015625
169.8480682373047
166.29103088378906
171.66888427734375
173.4937744140625
166.75503540039062
25.59589195251465
171.71188354492188
175.2888946533203
120.76206970214844
167.25146484375
167.8922576904297
170.06735229492188
170.8336944580078
168.0159912109375
175.72955322265625
125.89045715332031
173.4439697265625
110.9163589477539
170.46290588378906
126.00958251953125
166.99009704589844
171.43106079101562
148.38389587402344
173.60336303710938
172.7743682861328
128.62315368652344
126.8231201171875
169.2896270751953
155.0818328857422
124.28071594238281
112.25260162353516
163.73594665527344
171.93080139160156
169.20599365234375
49.069828033447266
120.15472412109375
128.0728759765625
130.1562957763672
122.90579223632812
114.3525390625
120.98674774169922
126.65725708007812
173.85800170898438
173.26197814941406
123.87193298339844
174.06178283691406
169.89495849609375
174.26109313964844
136.33282470703125
168.90338134765625
103.80908966064453
160.87008666992188
170.29034423828125
119.29925537109375
174.2540283203125
105.03257751464844
119.91658020019531
119.2391357421875
124.76860046386719
129.38311767578125
159.2362060546875
111.85932922363281
165.78817749023438
176.58387756347656
122.06864166259766
170.4546661376953
170.8519744873047
122.09676361083984
163.1971435546875
126.02445983886719
169.41201782226562
123.83378601074219
174.2914581298828
110.5457992553711
119.38958740234375
163.23971557617188
108.59748077392578
164.91970825195312
137.98379516601562
159.4099884033203
166.15968322753906
171.9858856201172
119.39537811279297
115.73433685302734
123.02017211914062
170.08221435546875
130.92227172851562
107.28662872314453
165.74868774414062
112.62089538574219
120.40031433105469
170.9850311279297
159.68399047851562
172.0993194580078
165.04507446289062
125.81398010253906
103.36166381835938
165.37802124023438
164.40699768066406
155.24180603027344
135.8100128173828
174.91795349121094
115.19844055175781
117.79954528808594
120.41976165771484
160.704345703125
120.24739837646484
168.72006225585938
162.5453643798828
127.83734130859375
172.89715576171875
109.8034896850586
44.0628547668457
110.64142608642578
115.47090911865234
142.62648010253906
152.46539306640625
114.4244384765625
110.38241577148438
166.80575561523438
112.11412048339844
93.00300598144531
155.72296142578125
156.60716247558594
109.96253967285156
171.0843963623047
162.84510803222656
146.03652954101562
131.44970703125
141.7225799560547
116.50019836425781
111.08712768554688
168.3431396484375
109.37255859375
166.53944396972656
100.52210998535156
127.86495971679688
161.3870086669922
168.56930541992188
157.90554809570312
116.10751342773438
167.31884765625
95.21400451660156
163.196044921875
175.24302673339844
166.04139709472656
171.9595947265625
112.53003692626953
40.74296951293945
145.7954559326172
157.37615966796875
138.4651336669922
150.2349395751953
112.26620483398438
42.51568603515625
115.29476165771484
113.65226745605469
157.44358825683594
119.92249298095703
173.79248046875
112.11724853515625
115.39289093017578
124.94987487792969
158.32325744628906
110.29022216796875
155.25222778320312
154.7853240966797
171.8625946044922
162.2229461669922
124.89189147949219
163.15516662597656
164.8169403076172
150.0896453857422
155.09527587890625
163.53903198242188
157.54718017578125
115.74539947509766
119.4894027709961
132.5114288330078
167.05072021484375
121.47845458984375
100.81258392333984
96.6257553100586
146.54153442382812
163.11878967285156
174.7670135498047
105.96701049804688
162.04664611816406
164.22314453125
167.74176025390625
152.63417053222656
161.00686645507812
151.99166870117188
118.46387481689453
169.02354431152344
158.94288635253906
113.38038635253906
159.0442352294922
99.82869720458984
109.38792419433594
163.9786834716797
162.80979919433594
127.98382568359375
118.36788940429688
130.8469696044922
170.4587860107422
168.77842712402344
156.1206512451172
162.6392822265625
163.22073364257812
170.90151977539062
167.76516723632812
16.533315658569336
168.45147705078125
159.554443359375
117.78490447998047
178.35447692871094
145.2481689453125
118.4101333618164
119.77918243408203
112.521484375
59.10120391845703
98.37433624267578
135.92108154296875
169.67689514160156
130.57208251953125
104.49324798583984
157.90357971191406
119.38165283203125
171.59951782226562
173.05303955078125
149.8594207763672
140.6431121826172
158.36915588378906
155.01455688476562
127.66368103027344
158.25790405273438
160.99746704101562
118.84097290039062
152.27748107910156
136.0225830078125
136.59214782714844
44.06939697265625
169.11219787597656
169.38479614257812
166.1472625732422
149.10934448242188
109.18818664550781
167.90663146972656
168.48812866210938
123.65000915527344
124.00094604492188
172.58010864257812
121.31922912597656
175.81411743164062
157.70826721191406
129.8061065673828
180.45729064941406
162.5310821533203
161.2255401611328
163.19850158691406
171.05279541015625
153.3128662109375
118.59934997558594
157.16136169433594
170.45516967773438
165.57069396972656
173.26670837402344
167.5386505126953
159.59597778320312
175.62759399414062
172.69786071777344
20.827905654907227
126.82295227050781
150.29005432128906
170.57366943359375
128.15553283691406
160.16915893554688
114.62895202636719
52.61402130126953
167.6499481201172
28.92266845703125
154.28318786621094
156.43934631347656
168.58709716796875
116.63056182861328
178.8043212890625
170.99270629882812
121.96862030029297
119.5311508178711
166.5311279296875
167.61236572265625
176.98858642578125
125.23558044433594
161.78964233398438
119.63359832763672
170.4435577392578
129.95596313476562
166.63943481445312
115.2903823852539
160.6019744873047
68.57504272460938
179.79515075683594
165.65457153320312
19.94666290283203
164.6005401611328
116.69573211669922
94.65914154052734
115.92018127441406
121.92882537841797
124.94343566894531
177.92430114746094
158.6572723388672
122.12752532958984
155.52633666992188
121.22875213623047
126.16741943359375
170.21005249023438
173.78111267089844
166.90194702148438
124.81265258789062
156.52113342285156
172.55982971191406
174.63795471191406
29.256450653076172
163.0069580078125
118.04312133789062
123.91893005371094
168.96678161621094
122.76605987548828
158.50267028808594
152.46832275390625
167.27932739257812
123.2044677734375
127.39405822753906
172.05526733398438
167.7611083984375
100.76486206054688
170.0986785888672
170.0922088623047
116.27452850341797
164.6696014404297
168.22463989257812
110.83405303955078
120.50296783447266
123.60478210449219
33.59702682495117
120.79875946044922
117.32791137695312
120.7909927368164
171.3357696533203
152.48782348632812
168.08285522460938
165.4695281982422
117.53912353515625
166.3978729248047
45.8059196472168
168.75074768066406
172.5217742919922
155.18280029296875
158.85650634765625
172.84727478027344
153.59225463867188
162.24664306640625
176.66685485839844
161.19064331054688
159.5819854736328
165.9324951171875
145.7522430419922
159.20681762695312
171.96511840820312
157.23912048339844
170.3998565673828
176.2561492919922
174.29364013671875
156.58132934570312
166.75860595703125
172.8168182373047
35.01910400390625
122.605224609375
171.5698699951172
163.364013671875
127.72308349609375
26.458026885986328
128.5087890625
170.9436798095703
176.89105224609375
174.60435485839844
155.59457397460938
177.34397888183594
160.90045166015625
144.2581024169922
125.29972839355469
179.33612060546875
161.45785522460938
176.0363006591797
171.05955505371094
175.36749267578125
176.8741912841797
15.561014175415039
155.7555389404297
165.31381225585938
167.81195068359375
152.99624633789062
170.36729431152344
170.83740234375
181.50624084472656
130.3323516845703
167.6746826171875
123.63856506347656
125.38294982910156
173.20176696777344
173.41812133789062
172.14732360839844
176.50086975097656
23.916095733642578
163.91453552246094
170.05364990234375
178.3105010986328
126.20747375488281
177.31979370117188
171.3784637451172
162.38568115234375
124.26380920410156
128.41610717773438
154.8228302001953
130.46128845214844
123.6260986328125
175.55508422851562
167.5659942626953
110.19446563720703
170.76345825195312
122.9522705078125
129.8946075439453
85.8551025390625
119.91989135742188
163.6282196044922
121.4505615234375
178.27223205566406
176.751953125
162.4065704345703
126.85682678222656
104.98751831054688
169.843017578125
123.68095397949219
180.1638641357422
175.4097137451172
174.2958221435547
171.25833129882812
130.03021240234375
127.41336059570312
127.13352966308594
164.69976806640625
172.87606811523438
168.0525360107422
167.02793884277344
180.8367462158203
172.5181427001953
162.22938537597656
168.2315673828125
173.8171844482422
123.57530212402344
162.97109985351562
161.35389709472656
169.0938720703125
130.91465759277344
172.60250854492188
128.9477081298828
176.31227111816406
179.375244140625
182.8082733154297
179.30401611328125
158.5997314453125
127.54885864257812
166.125244140625
177.095458984375
116.70794677734375
180.22897338867188
128.37196350097656
171.49307250976562
173.9108123779297
163.86099243164062
162.38919067382812
173.89686584472656
177.8438262939453
169.8731231689453
166.94866943359375
163.52914428710938
178.8846435546875
169.6196746826172
127.2196044921875
175.79812622070312
131.6542510986328
171.55569458007812
183.421875
173.07150268554688
51.67953872680664
127.03306579589844
174.69981384277344
178.40452575683594
171.20692443847656
174.21824645996094
116.48394012451172
171.2927703857422
160.4074249267578
174.31114196777344
134.8217315673828
159.04815673828125
125.52481079101562
176.02880859375
125.62269592285156
168.47706604003906
172.8568878173828
168.34384155273438
158.25784301757812
75.26445007324219
142.02133178710938
174.7896728515625
171.0542449951172
167.57760620117188
139.1503143310547
173.3010711669922
175.47427368164062
154.14085388183594
117.85591125488281
169.45989990234375
128.29522705078125
161.6539306640625
168.25039672851562
173.2478485107422
180.0974578857422
166.00161743164062
154.9970703125
116.51349639892578
33.499237060546875
61.18201446533203
172.58334350585938
169.78646850585938
170.79258728027344
165.78167724609375
53.82746887207031
166.41746520996094
174.7354278564453
155.7322540283203
164.20034790039062
170.38442993164062
118.68356323242188
152.09718322753906
175.06236267089844
161.9311981201172
165.45797729492188
167.12249755859375
178.12281799316406
156.51747131347656
150.4161834716797
120.5676498413086
107.63751220703125
147.66136169433594
50.853153228759766
123.98687744140625
156.36732482910156
180.4203643798828
168.91458129882812
147.03802490234375
168.0637664794922
157.7613067626953
122.83007049560547
177.63401794433594
183.63143920898438
119.2616195678711
176.11660766601562
173.05921936035156
179.22132873535156
165.8594970703125
177.88023376464844
128.0485382080078
154.46890258789062
176.12782287597656
99.28062438964844
177.92088317871094
170.42559814453125
126.07807922363281
28.876461029052734
162.8297576904297
127.69758605957031
179.46002197265625
173.78724670410156
162.07672119140625
177.90504455566406
145.73353576660156
173.0761260986328
154.45420837402344
163.4022216796875
162.83938598632812
176.18264770507812
176.9632110595703
172.84109497070312
177.87245178222656
175.20895385742188
160.11302185058594
181.6426239013672
161.0197296142578
124.72050476074219
176.57777404785156
179.0069122314453
150.2095947265625
176.72926330566406
25.33796501159668
171.62355041503906
14.80853271484375
176.04583740234375
176.10284423828125
171.322265625
164.18118286132812
169.4081268310547
161.27476501464844
173.19134521484375
151.9897918701172
170.8851318359375
173.09376525878906
24.7117862701416
180.3806915283203
170.3626708984375
103.68577575683594
172.47755432128906
172.26356506347656
119.90447998046875
174.83082580566406
168.04946899414062
168.2762908935547
166.76443481445312
172.91079711914062
180.36009216308594
158.98680114746094
177.7947235107422
166.95040893554688
174.6561737060547
170.1283721923828
159.10931396484375
167.2957305908203
51.72394943237305
180.71690368652344
169.77320861816406
175.8765106201172
118.23356628417969
157.81680297851562
171.68798828125
29.40509796142578
169.4051513671875
180.80123901367188
96.26945495605469
173.45233154296875
180.4053955078125
178.59286499023438
133.78067016601562
173.1216583251953
160.7334747314453
171.1175537109375
174.098388671875
125.63885498046875
134.67767333984375
184.0605926513672
166.7851104736328
184.32968139648438
176.9241180419922
171.61456298828125
183.1092529296875
124.63958740234375
164.2169647216797
177.1127471923828
177.5562744140625
121.60047912597656
177.43882751464844
177.8217010498047
171.69309997558594
133.296875
177.4648895263672
120.11998748779297
129.56410217285156
47.06383514404297
161.37771606445312
179.51914978027344
171.45947265625
168.9169464111328
172.53277587890625
174.73484802246094
177.56378173828125
175.01307678222656
119.84379577636719
173.49273681640625
160.0316162109375
172.56246948242188
176.613525390625
161.82310485839844
155.7421875
170.38536071777344
74.68055725097656
161.1511688232422
163.38035583496094
160.73587036132812
166.40382385253906
148.87232971191406
169.93141174316406
171.0657501220703
158.41502380371094
182.75440979003906
152.53445434570312
165.79319763183594
173.33782958984375
129.9671630859375
143.99085998535156
174.4768524169922
108.2266616821289
170.04473876953125
156.6195068359375
165.9210968017578
139.86654663085938
167.9410858154297
129.28692626953125
169.2259979248047
172.7976531982422
163.7536163330078
163.0408935546875
172.5497589111328
164.88238525390625
123.32958984375
164.2581329345703
130.47625732421875
173.0557098388672
33.812835693359375
125.90794372558594
169.68060302734375
167.35842895507812
113.75662231445312
78.49717712402344
171.15843200683594
156.80874633789062
160.3966522216797
167.13731384277344
157.98170471191406
103.43901062011719
128.34779357910156
120.527587890625
171.39761352539062
167.32620239257812
172.95077514648438
85.3647232055664
160.6768798828125
172.33389282226562
118.517578125
161.6742706298828
154.19320678710938
172.70852661132812
146.6812286376953
171.4309844970703
153.4410858154297
171.66177368164062
168.55996704101562
172.87245178222656
119.92854309082031
54.90107345581055
171.8942413330078
171.44509887695312
175.5731964111328
168.43980407714844
175.90525817871094
179.3893280029297
119.13948822021484
174.36228942871094
146.6226348876953
135.73550415039062
172.24847412109375
170.4965362548828
166.54046630859375
172.9548797607422
176.05650329589844
128.9619903564453
158.2571563720703
172.83370971679688
169.42938232421875
160.79934692382812
171.7230682373047
167.1257781982422
169.6510772705078
176.80316162109375
177.53256225585938
124.62437438964844
169.14102172851562
175.06253051757812
163.8153839111328
152.18479919433594
179.08932495117188
159.9094696044922
169.38645935058594
177.63327026367188
121.92356872558594
176.85240173339844
174.5908966064453
175.49000549316406
121.3321533203125
33.528472900390625
172.38990783691406
173.09779357910156
168.9514923095703
125.62940979003906
163.23263549804688
171.3096466064453
165.01832580566406
122.1863021850586
172.81997680664062
183.14756774902344
123.13230895996094
127.99575805664062
178.219970703125
126.51683044433594
35.14772415161133
173.7053985595703
172.87657165527344
172.11280822753906
170.06480407714844
169.87217712402344
177.34024047851562
166.23109436035156
176.6642303466797
173.42068481445312
174.78065490722656
117.48844146728516
35.478214263916016
165.99801635742188
182.45957946777344
142.4617919921875
170.2017059326172
172.76455688476562
166.40969848632812
132.8831024169922
169.0145721435547
172.76519775390625
170.7838134765625
185.22378540039062
161.34713745117188
175.66673278808594
174.233154296875
175.3529510498047
181.98818969726562
52.83951187133789
174.7162628173828
132.01690673828125
166.23133850097656
180.29037475585938
167.1385040283203
121.36128997802734
179.29132080078125
181.36883544921875
164.81503295898438
157.92935180664062
178.55052185058594
167.229248046875
173.64373779296875
174.05824279785156
168.79788208007812
175.1551513671875
126.43251037597656
172.81393432617188
170.8685302734375
176.36813354492188
169.94866943359375
181.17552185058594
175.9379119873047
172.1864471435547
167.88729858398438
165.6343994140625
129.9300537109375
169.07064819335938
133.57191467285156
172.57923889160156
172.06861877441406
170.2254638671875
158.79647827148438
174.78981018066406
165.43499755859375
128.59329223632812
170.46688842773438
174.2877655029297
130.7305450439453
132.55931091308594
174.98724365234375
177.89976501464844
159.9330291748047
161.1005401611328
181.218994140625
163.22360229492188
93.49791717529297
175.06495666503906
159.19873046875
175.8608856201172
163.91651916503906
168.01812744140625
170.1137237548828
176.09129333496094
127.65396118164062
181.78330993652344
130.7269287109375
180.29360961914062
132.0460968017578
174.6588592529297
173.9295196533203
116.8373794555664
164.74209594726562
171.52134704589844
166.02780151367188
122.30442810058594
128.98516845703125
175.08677673339844
180.4955596923828
169.59024047851562
176.48582458496094
152.800537109375
151.34381103515625
118.00194549560547
175.09423828125
174.87173461914062
127.75146484375
34.97367477416992
122.96766662597656
167.93173217773438
154.54893493652344
178.78773498535156
174.04966735839844
176.93128967285156
124.01654052734375
170.34628295898438
170.2345428466797
127.676513671875
123.03317260742188
117.24128723144531
161.9776611328125
172.88661193847656
173.84817504882812
149.59906005859375
125.46746826171875
122.42069244384766
168.615234375
180.93539428710938
168.008544921875
170.34703063964844
181.8745880126953
125.06697082519531
176.03277587890625
120.17285919189453
123.18309020996094
156.33721923828125
177.56089782714844
179.64114379882812
180.0821075439453
163.6651153564453
173.677490234375
159.7095947265625
163.9779815673828
175.25228881835938
128.86392211914062
171.66128540039062
174.1913604736328
159.01406860351562
31.43082046508789
169.83648681640625
158.9151611328125
177.66702270507812
122.1431884765625
149.55226135253906
174.81411743164062
127.36746215820312
182.1926727294922
148.6290740966797
177.8494415283203
171.37295532226562
134.28433227539062
171.1102752685547
126.0430908203125
169.5346221923828
33.60987854003906
133.59970092773438
121.28718566894531
172.82330322265625
162.02810668945312
180.5769500732422
164.25274658203125
176.933349609375
164.11856079101562
172.33261108398438
160.12887573242188
182.09901428222656
170.2651824951172
183.14837646484375
130.49131774902344
89.6538314819336
180.15115356445312
174.6552276611328
106.30372619628906
171.14596557617188
115.86511993408203
175.16363525390625
173.49095153808594
176.0972137451172
166.36724853515625
127.80406188964844
179.46563720703125
180.78713989257812
154.88612365722656
126.50653076171875
174.30772399902344
176.2946014404297
126.78305053710938
178.819091796875
170.96978759765625
173.342041015625
176.4813995361328
181.95521545410156
164.41517639160156
174.77557373046875
127.7900390625
176.85655212402344
165.133544921875
120.78994750976562
165.8937225341797
126.24232482910156
169.41920471191406
125.68955993652344
171.4684295654297
130.5026092529297
112.56707000732422
179.9900665283203
130.421142578125
125.35075378417969
127.81649780273438
169.58062744140625
155.5291748046875
90.72582244873047
130.82440185546875
170.54278564453125
169.7760772705078
30.306785583496094
117.74617767333984
162.55160522460938
178.6298828125
52.545745849609375
174.45819091796875
167.0894775390625
121.71269226074219
154.51783752441406
171.15142822265625
177.25265502929688
102.08014678955078
164.0752410888672
160.63084411621094
159.964111328125
173.49810791015625
182.62583923339844
132.03866577148438
167.7269287109375
131.0359649658203
43.356658935546875
127.11520385742188
180.79689025878906
89.29441833496094
26.24207878112793
161.81712341308594
127.91156005859375
177.9136199951172
131.2908477783203
135.11814880371094
147.13844299316406
174.66122436523438
157.88998413085938
133.30458068847656
174.04652404785156
170.9784698486328
125.59559631347656
168.66737365722656
164.40419006347656
104.90884399414062
168.61973571777344
179.2265625
150.01986694335938
163.21759033203125
176.65924072265625
160.4732208251953
123.36239624023438
176.45809936523438
179.6650848388672
171.45326232910156
130.43003845214844
125.6796875
169.92996215820312
174.10226440429688
169.67498779296875
132.10316467285156
132.75025939941406
124.88912963867188
179.4217529296875
143.1612091064453
177.68028259277344
167.84197998046875
172.40713500976562
163.42483520507812
130.98934936523438
118.59945678710938
165.438720703125
167.57138061523438
172.25018310546875
169.43301391601562
128.00938415527344
184.52975463867188
179.2010955810547
127.40287780761719
182.16741943359375
164.1408233642578
27.826419830322266
23.870698928833008
119.24842834472656
183.0915069580078
178.8686065673828
46.339141845703125
171.8910675048828
154.05389404296875
130.08103942871094
167.8379364013672
168.18466186523438
176.71885681152344
27.831130981445312
157.07077026367188
122.83448028564453
119.54978942871094
170.57566833496094
155.4016571044922
182.42515563964844
145.3507080078125
131.09915161132812
159.66189575195312
175.9003143310547
164.2201385498047
138.45945739746094
166.10694885253906
34.97542953491211
161.8287353515625
173.98977661132812
179.48692321777344
166.83758544921875
177.7576141357422
153.04417419433594
171.45970153808594
125.06594848632812
172.74664306640625
180.12252807617188
170.00125122070312
165.88888549804688
170.0784912109375
162.83885192871094
146.8414764404297
140.16885375976562
27.82982635498047
25.80215835571289
21.34162139892578
175.7807159423828
175.75094604492188
143.39190673828125
123.41287231445312
156.6959228515625
174.9290771484375
166.35890197753906
177.6333465576172
131.20242309570312
156.80563354492188
147.57289123535156
173.35250854492188
176.83978271484375
49.6789665222168
153.96389770507812
179.4371795654297
180.7698516845703
176.9473114013672
162.50094604492188
178.1632843017578
178.4969482421875
172.1817169189453
25.20044708251953
169.7697296142578
30.697364807128906
179.94920349121094
125.6163330078125
115.9549789428711
175.13404846191406
167.96481323242188
176.8461456298828
176.322265625
145.52149963378906
172.6652374267578
30.981792449951172
125.08381652832031
161.3296661376953
158.25099182128906
36.49870300292969
174.5410919189453
161.08067321777344
135.77993774414062
132.52944946289062
128.39108276367188
134.79965209960938
116.3498306274414
35.07279968261719
121.2439956665039
21.167978286743164
169.82623291015625
127.54374694824219
166.46322631835938
171.05609130859375
175.061767578125
179.3394317626953
181.26251220703125
159.11253356933594
156.26026916503906
171.4863739013672
175.88381958007812
166.7844696044922
140.85238647460938
26.887229919433594
24.3131103515625
167.94317626953125
168.77186584472656
158.46929931640625
48.79106903076172
180.63818359375
127.20755004882812
51.532318115234375
171.9161834716797
172.27713012695312
163.64361572265625
21.074560165405273
31.731277465820312
154.77813720703125
62.84083557128906
159.8501739501953
154.24453735351562
142.64266967773438
24.653169631958008
124.58283996582031
33.5413703918457
33.96541976928711
154.51866149902344
174.9192352294922
137.68057250976562
170.77813720703125
165.9615478515625
35.94575881958008
123.9033203125
170.73301696777344
171.52516174316406
31.617950439453125
158.67625427246094
27.94884490966797
167.41661071777344
171.51222229003906
164.74658203125
159.3824462890625
26.676233291625977
34.0701904296875
111.50334930419922
21.99238395690918
170.14454650878906
171.6649169921875
139.2300262451172
176.4361572265625
170.65699768066406
175.9366912841797
170.2589111328125
183.68148803710938
43.05656051635742
166.21461486816406
164.20782470703125
174.1221923828125
159.19305419921875
169.77102661132812
172.51995849609375
25.39491844177246
157.66542053222656
172.21377563476562
159.86685180664062
154.07403564453125
180.7605743408203
175.9855194091797
170.8570098876953
22.68655014038086
168.35885620117188
168.0068359375
160.16934204101562
173.93112182617188
168.12579345703125
80.13886260986328
168.01878356933594
117.19085693359375
161.73861694335938
129.32498168945312
163.98374938964844
128.25611877441406
52.64186477661133
29.078887939453125
168.0988006591797
174.12228393554688
165.86026000976562
28.880939483642578
167.5509796142578
165.19989013671875
176.7767333984375
172.56358337402344
178.132568359375
120.07591247558594
159.75625610351562
134.51527404785156
163.27627563476562
173.55760192871094
175.68862915039062
169.47743225097656
151.12969970703125
165.152587890625
28.468273162841797
35.30518341064453
125.67239379882812
169.24978637695312
124.50288391113281
118.54823303222656
173.6652374267578
171.58108520507812
176.18753051757812
174.5453338623047
170.134521484375
124.79214477539062
157.1954345703125
165.1896209716797
174.79054260253906
165.84742736816406
177.62594604492188
161.49310302734375
177.9149932861328
173.67572021484375
179.36705017089844
173.52236938476562
166.5821075439453
163.16603088378906
173.61143493652344
170.34132385253906
174.88369750976562
52.965057373046875
128.08184814453125
125.70242309570312
176.5894317626953
175.673828125
157.26425170898438
169.61767578125
180.4888153076172
179.6219482421875
41.58993148803711
151.85462951660156
173.91741943359375
163.75137329101562
179.40313720703125
165.83973693847656
161.10540771484375
156.68484497070312
171.8128662109375
153.94091796875
178.83213806152344
26.797718048095703
175.4075927734375
172.99302673339844
167.05377197265625
159.9248809814453
174.749267578125
132.1973419189453
177.60797119140625
179.11328125
168.62396240234375
169.10752868652344
151.6077117919922
167.8090057373047
173.70172119140625
126.16053771972656
155.76205444335938
180.2260284423828
121.097412109375
175.9651641845703
171.54212951660156
178.9979705810547
51.21514892578125
174.72171020507812
173.2731170654297
140.36866760253906
175.82623291015625
158.4698028564453
173.22447204589844
169.69854736328125
171.42205810546875
180.30686950683594
20.601383209228516
153.50730895996094
159.42135620117188
176.8533935546875
169.74595642089844
167.89334106445312
165.03001403808594
169.6582794189453
169.46026611328125
168.32876586914062
125.6856689453125
126.87846374511719
175.68515014648438
136.61383056640625
177.3201141357422
172.5964813232422
26.656179428100586
175.3068389892578
164.08819580078125
148.80145263671875
173.2426300048828
143.3141326904297
158.04293823242188
128.2304229736328
154.61044311523438
165.24998474121094
120.21764373779297
164.9464874267578
180.17227172851562
172.5385284423828
143.93814086914062
179.18484497070312
163.6700897216797
121.29222106933594
178.942626953125
174.2111053466797
156.9532470703125
154.1208953857422
170.87570190429688
171.77899169921875
170.42689514160156
162.70223999023438
175.13345336914062
171.1014404296875
164.13818359375
168.16871643066406
128.57286071777344
173.4583282470703
165.849365234375
146.21202087402344
172.28363037109375
166.5271759033203
170.2162628173828
160.94412231445312
92.27986907958984
30.281307220458984
174.49395751953125
161.8284454345703
170.1162567138672
132.13565063476562
175.82467651367188
166.06468200683594
126.94076538085938
172.6399383544922
171.7817840576172
149.88131713867188
162.73095703125
21.97294807434082
175.83340454101562
157.47520446777344
172.9562225341797
173.06887817382812
182.32315063476562
163.46192932128906
155.2900390625
51.21901321411133
175.94766235351562
169.95155334472656
153.4173583984375
170.60557556152344
155.72900390625
176.90455627441406
173.20584106445312
182.5373992919922
170.95547485351562
17.758529663085938
155.5478057861328
167.5559844970703
169.59303283691406
169.8391876220703
132.54652404785156
169.87806701660156
60.74076843261719
140.7416229248047
172.85147094726562
180.24481201171875
171.59815979003906
172.4072265625
172.19125366210938
169.3763885498047
157.9761199951172
171.74305725097656
171.50048828125
169.4098358154297
173.7099609375
128.6881103515625
170.34669494628906
173.75711059570312
135.6783447265625
107.40913391113281
149.5666046142578
170.36972045898438
125.29338073730469
104.32081604003906
171.66763305664062
169.67578125
177.4537811279297
168.4983367919922
168.70059204101562
157.78187561035156
165.60577392578125
153.22769165039062
158.5961151123047
61.326416015625
173.50440979003906
172.40533447265625
180.29237365722656
164.407958984375
156.68057250976562
167.64743041992188
171.36122131347656
170.13275146484375
36.31066131591797
179.02268981933594
169.89002990722656
124.66885375976562
179.34275817871094
32.975948333740234
166.81185913085938
176.5536346435547
172.22239685058594
18.62273406982422
160.1127471923828
164.944580078125
170.05169677734375
173.33299255371094
17.16699981689453
25.67975425720215
25.659339904785156
121.8283462524414
16.57112693786621
123.4808349609375
32.43574905395508
173.36622619628906
125.758056640625
173.92694091796875
175.78163146972656
160.86195373535156
27.806163787841797
123.53475952148438
164.8692169189453
170.10508728027344
27.248977661132812
124.88038635253906
13.711090087890625
174.82086181640625
173.61065673828125
112.99579620361328
60.11249542236328
51.19483184814453
172.0414276123047
173.85308837890625
171.19557189941406
17.81740379333496
127.73335266113281
170.96408081054688
27.556541442871094
28.430912017822266
147.94178771972656
64.77865600585938
178.7564697265625
175.380615234375
35.24658203125
165.10682678222656
173.58822631835938
34.71023941040039
172.53213500976562
178.2919921875
161.37803649902344
165.1222381591797
170.02127075195312
164.64451599121094
22.482187271118164
180.01358032226562
169.90806579589844
26.704885482788086
132.57127380371094
167.87237548828125
129.52040100097656
13.83779525756836
165.1262969970703
167.84518432617188
171.76441955566406
165.6122589111328
168.00521850585938
30.09000015258789
126.48493957519531
129.2528076171875
30.195056915283203
128.35812377929688
113.115966796875
177.00282287597656
13.201040267944336
171.1486358642578
165.4234619140625
178.1063232421875
129.43223571777344
128.85910034179688
174.4168701171875
124.25999450683594
162.58363342285156
107.7787094116211
156.3987274169922
120.51715087890625
151.7753448486328
128.15234375
172.64041137695312
175.84652709960938
164.13623046875
163.14089965820312
171.41921997070312
167.7784881591797
164.7852020263672
167.47584533691406
130.17843627929688
124.678955078125
23.014448165893555
154.2423553466797
168.22589111328125
171.32315063476562
176.01776123046875
176.32041931152344
169.89462280273438
173.67050170898438
24.387954711914062
142.2222442626953
128.56027221679688
176.851806640625
126.26417541503906
174.1591796875
121.42605590820312
167.63986206054688
128.57225036621094
166.8800506591797
160.111328125
173.12136840820312
166.77955627441406
165.72389221191406
180.22235107421875
161.55596923828125
129.22364807128906
34.832157135009766
162.93408203125
136.79847717285156
178.15634155273438
173.081787109375
127.92137145996094
174.30172729492188
164.44581604003906
165.6685333251953
184.50184631347656
170.16102600097656
128.0345458984375
179.0393829345703
177.2770538330078
185.0800323486328
179.43162536621094
147.5117645263672
131.73081970214844
179.41175842285156
178.70925903320312
175.5132598876953
172.02505493164062
174.91680908203125
34.87836456298828
170.67904663085938
171.6836700439453
128.5054931640625
55.013916015625
175.10833740234375
163.48944091796875
164.8347625732422
164.1886444091797
179.91920471191406
177.9122314453125
176.99208068847656
171.19711303710938
138.4579620361328
173.2518310546875
123.97840881347656
182.18846130371094
173.74049377441406
181.00621032714844
183.4525146484375
171.4224090576172
176.87210083007812
115.94446563720703
173.26290893554688
166.9453887939453
167.0061492919922
178.84889221191406
167.8607177734375
176.9859619140625
129.65989685058594
8.2374849319458
159.2576446533203
129.4539031982422
127.73104858398438
160.09429931640625
170.5487823486328
182.01673889160156
179.48025512695312
168.40322875976562
179.74420166015625
175.2912139892578
180.37611389160156
116.40258026123047
175.17385864257812
130.14588928222656
173.58035278320312
177.8089141845703
122.4679946899414
175.9874725341797
176.55508422851562
168.41094970703125
175.2686309814453
166.22589111328125
168.8101806640625
168.1234893798828
175.57211303710938
176.5496368408203
127.0582275390625
181.54212951660156
175.28147888183594
132.59747314453125
168.03965759277344
173.67991638183594
182.3209991455078
156.14967346191406
176.45489501953125
165.53201293945312
134.5256805419922
171.4025115966797
179.2027130126953
125.2115478515625
165.49725341796875
119.7783432006836
163.7209014892578
174.40882873535156
66.10266876220703
162.3472137451172
167.11904907226562
178.2953338623047
177.76071166992188
172.79916381835938
173.5502471923828
29.094738006591797
114.32112121582031
175.05601501464844
173.5231475830078
133.70440673828125
173.9296112060547
117.97306060791016
64.9118881225586
150.41339111328125
161.60665893554688
180.26527404785156
126.40754699707031
155.6732635498047
175.76417541503906
165.67166137695312
169.185791015625
164.22540283203125
55.239158630371094
167.50563049316406
177.10025024414062
173.5665283203125
98.94306182861328
126.64619445800781
129.73846435546875
134.85325622558594
179.4303741455078
163.0769805908203
179.36849975585938
171.5882568359375
150.37594604492188
163.0236358642578
127.2437744140625
126.45167541503906
169.0374755859375
174.9188690185547
169.82041931152344
125.14030456542969
171.4394989013672
164.70391845703125
163.63661193847656
137.10279846191406
174.18214416503906
174.30694580078125
149.99122619628906
147.48895263671875
170.36537170410156
172.96998596191406
177.5177459716797
30.69049835205078
177.96044921875
175.51327514648438
172.41285705566406
178.67593383789062
141.56300354003906
177.63748168945312
155.71336364746094
181.4366912841797
123.86628723144531
173.86203002929688
157.0049285888672
173.35467529296875
167.3832550048828
50.899227142333984
127.01400756835938
134.54562377929688
127.05741882324219
124.40480041503906
171.61724853515625
164.7161865234375
179.6129608154297
168.0809783935547
177.3485565185547
168.60400390625
172.28736877441406
175.11239624023438
170.18048095703125
174.4161834716797
127.51606750488281
178.19638061523438
52.5339469909668
132.9897918701172
172.4263916015625
179.08148193359375
179.76705932617188
27.125110626220703
118.11910247802734
174.09466552734375
115.55651092529297
173.10464477539062
167.60601806640625
29.189945220947266
181.0331268310547
172.0846405029297
177.660888671875
154.8567352294922
167.6873779296875
176.3540802001953
173.8489990234375
35.33946990966797
128.69776916503906
59.407066345214844
67.08407592773438
174.3167266845703
171.638427734375
168.7449188232422
156.38229370117188
35.19816970825195
173.1640625
175.58401489257812
157.94166564941406
129.3563232421875
36.39337921142578
159.24618530273438
173.7060089111328
171.12527465820312
173.47598266601562
172.5264129638672
174.2971954345703
170.07704162597656
181.2496795654297
176.03793334960938
123.85017395019531
176.97686767578125
154.2990264892578
173.30633544921875
152.0934295654297
61.08710479736328
175.05235290527344
172.57969665527344
167.69407653808594
178.4705810546875
135.52914428710938
172.13304138183594
127.26121520996094
30.411998748779297
184.5982666015625
171.1231231689453
117.08737182617188
127.10475158691406
128.46279907226562
20.200883865356445
129.73269653320312
173.45352172851562
172.15567016601562
166.1348419189453
129.30807495117188
171.94802856445312
127.53225708007812
134.61398315429688
160.50827026367188
162.92759704589844
126.36598205566406
163.40476989746094
163.5710906982422
120.02920532226562
177.73228454589844
179.10157775878906
42.48981475830078
174.08193969726562
129.606201171875
34.15524673461914
119.98897552490234
126.97152709960938
34.634830474853516
172.50621032714844
179.48899841308594
165.8457794189453
172.6289520263672
126.90579223632812
177.26235961914062
128.32342529296875
120.5170669555664
168.1809844970703
170.4417266845703
176.28524780273438
75.4568099975586
120.75483703613281
121.41715240478516
34.38857650756836
169.9872283935547
168.2422332763672
133.57565307617188
171.00440979003906
138.2844696044922
175.66879272460938
170.38580322265625
148.11012268066406
127.80155944824219
173.94149780273438
178.47216796875
34.719730377197266
176.4022216796875
171.42666625976562
125.12139892578125
126.50492858886719
168.65882873535156
123.60150146484375
172.15716552734375
171.16128540039062
124.21865844726562
170.5598602294922
102.11184692382812
178.90786743164062
166.21347045898438
34.828739166259766
176.61788940429688
175.24795532226562
121.15567779541016
36.21387481689453
128.82542419433594
164.1244354248047
123.09007263183594
182.1219940185547
171.3872528076172
162.6283721923828
170.72511291503906
165.72769165039062
180.70887756347656
123.755126953125
176.11334228515625
135.9127655029297
171.4351043701172
181.51202392578125
177.3721160888672
122.53215026855469
170.75709533691406
179.1251678466797
123.76188659667969
173.53445434570312
157.7483673095703
171.4471435546875
169.36813354492188
27.013324737548828
171.6127471923828
125.85258483886719
169.34622192382812
177.17745971679688
170.46673583984375
31.790634155273438
117.16893768310547
21.417808532714844
127.27536010742188
175.54898071289062
181.10084533691406
120.93701171875
57.60808181762695
174.8433380126953
179.16873168945312
175.94056701660156
144.62501525878906
150.8246307373047
126.35768127441406
159.47120666503906
176.7412872314453
161.7417755126953
167.28346252441406
172.0233154296875
175.0223846435547
167.41769409179688
116.67395782470703
168.3930206298828
171.2159881591797
172.7766571044922
118.51884460449219
120.19783782958984
152.4074249267578
109.86408996582031
154.03799438476562
24.585933685302734
32.398338317871094
120.86669158935547
167.14694213867188
174.37765502929688
166.00021362304688
124.31864929199219
123.14939880371094
158.19691467285156
173.34645080566406
146.7583465576172
176.3751678466797
130.79730224609375
174.6328125
173.14273071289062
162.99330139160156
125.52639770507812
177.97303771972656
123.68331909179688
172.51544189453125
167.39288330078125
174.64639282226562
130.5731201171875
28.178146362304688
165.50804138183594
176.5102996826172
129.0594940185547
173.3875732421875
174.5960235595703
77.40874481201172
183.45751953125
27.228759765625
176.91197204589844
122.930908203125
165.27688598632812
124.02426147460938
179.06874084472656
174.46566772460938
153.5808563232422
119.5348892211914
165.0956573486328
124.84144592285156
153.50498962402344
168.87741088867188
70.00390625
35.20692443847656
155.2117156982422
177.91488647460938
34.3865966796875
163.54345703125
172.31861877441406
162.55836486816406
161.4503631591797
126.37409973144531
170.21051025390625
130.12876892089844
175.385009765625
179.16542053222656
147.91156005859375
164.42080688476562
173.64378356933594
174.65969848632812
172.07008361816406
169.0224151611328
121.44574737548828
166.7229766845703
40.91377639770508
160.13807678222656
138.1221923828125
172.0813446044922
167.4129638671875
165.0787811279297
170.03005981445312
126.0869140625
118.02760314941406
120.617919921875
169.53514099121094
163.19361877441406
164.9588623046875
160.35519409179688
69.5665054321289
114.21244812011719
164.722900390625
175.73216247558594
30.81269073486328
158.31007385253906
29.181720733642578
149.75869750976562
165.13436889648438
168.201416015625
172.12701416015625
123.57899475097656
180.19715881347656
118.72234344482422
151.1649627685547
174.9608917236328
173.9654541015625
123.93983459472656
