2.1850500106811523
2.2413315773010254
7.164462089538574
0.9063677787780762
1.4553146362304688
1.3283500671386719
-4.068790912628174
-1.3087186813354492
16.31547737121582
-3.5234994888305664
19.363595962524414
10.436984062194824
3.577244758605957
5.012886047363281
11.432662963867188
16.55324935913086
25.413049697875977
0.3060588836669922
34.960426330566406
-3.791861057281494
0.4389500617980957
12.321680068969727
-2.767381429672241
-3.9299440383911133
-4.291125297546387
3.857172966003418
-0.8623213768005371
-3.8522136211395264
-2.860969305038452
4.430383682250977
11.576286315917969
5.469588279724121
0.2092909812927246
29.0657958984375
17.97022247314453
-2.162419319152832
-4.148979663848877
-2.325045108795166
40.09062576293945
0.5509099960327148
22.206737518310547
19.720718383789062
10.811824798583984
7.257390022277832
15.751779556274414
26.291332244873047
-3.177298069000244
-1.3173105716705322
2.1346640586853027
15.745712280273438
0.7065949440002441
0.951563835144043
7.964936256408691
7.42124080657959
9.461603164672852
0.4880332946777344
-2.2759666442871094
-3.941326856613159
-2.382122755050659
-2.6742846965789795
14.08558464050293
0.5869154930114746
-1.2412304878234863
-2.3389337062835693
6.16541862487793
1.6853699684143066
7.3178300857543945
16.736581802368164
12.028175354003906
15.077522277832031
14.819454193115234
27.572677612304688
29.135997772216797
34.0882568359375
-3.149404525756836
14.776704788208008
-1.2734575271606445
-3.7446935176849365
11.326822280883789
13.663862228393555
29.556232452392578
14.474382400512695
21.23256492614746
14.332725524902344
0.7108979225158691
26.396129608154297
18.950063705444336
8.780167579650879
28.730751037597656
28.72515869140625
31.521595001220703
24.605188369750977
21.77682113647461
19.907569885253906
26.033180236816406
28.404903411865234
21.96961784362793
14.06320571899414
19.24721336364746
27.38195037841797
9.78819751739502
1.9510951042175293
24.06474494934082
24.137638092041016
23.904701232910156
-0.835669994354248
7.110054969787598
13.277158737182617
32.56455993652344
-0.39568424224853516
29.896663665771484
21.78834342956543
19.690492630004883
0.7222347259521484
29.64406967163086
0.26965856552124023
36.832584381103516
13.959121704101562
11.686195373535156
-2.646883726119995
37.13468551635742
18.06652069091797
26.44011688232422
19.585832595825195
30.93948745727539
2.122274875640869
26.701824188232422
14.82270622253418
22.834348678588867
2.8344955444335938
23.28873634338379
20.285587310791016
26.163131713867188
32.409969329833984
12.30455207824707
9.274778366088867
25.104265213012695
8.794443130493164
34.99600601196289
17.953672409057617
18.09437370300293
27.643043518066406
34.45142364501953
15.09183120727539
18.00083351135254
26.353641510009766
-3.6957597732543945
30.159034729003906
32.96905517578125
18.454120635986328
32.20192337036133
25.696393966674805
0.4700489044189453
27.569934844970703
12.659353256225586
31.5499267578125
13.31584358215332
26.2330322265625
9.235690116882324
10.73784351348877
27.37462615966797
13.208087921142578
3.2486276626586914
1.682356357574463
29.209915161132812
21.755098342895508
20.445560455322266
11.789325714111328
25.82597541809082
15.81399154663086
7.085993766784668
11.831331253051758
24.23494529724121
35.33304214477539
15.84141731262207
17.83592987060547
7.969378471374512
2.7658309936523438
28.044353485107422
7.633478164672852
15.554971694946289
27.073692321777344
27.9710693359375
9.671165466308594
30.172874450683594
1.9758062362670898
19.11358070373535
21.29758071899414
-2.484792470932007
31.993804931640625
13.491668701171875
30.632843017578125
27.85894012451172
14.706897735595703
14.965435028076172
31.420352935791016
32.380592346191406
31.478740692138672
16.748811721801758
20.360361099243164
9.344552993774414
30.572734832763672
26.644725799560547
34.056705474853516
38.5382080078125
37.97471237182617
25.608814239501953
37.10575866699219
46.55808639526367
19.290874481201172
33.307064056396484
30.588695526123047
32.15176010131836
5.189125061035156
13.90501594543457
1.8292369842529297
40.4104118347168
10.260210037231445
37.34702682495117
27.057876586914062
34.79264831542969
25.425039291381836
35.23373031616211
37.785709381103516
35.805850982666016
33.103267669677734
33.05173873901367
9.355754852294922
6.414468765258789
22.700998306274414
19.068540573120117
16.35234260559082
31.76158905029297
38.63705062866211
23.39651107788086
11.82686996459961
19.026939392089844
11.666790008544922
1.0880146026611328
24.830997467041016
33.683197021484375
15.494268417358398
7.765424728393555
31.44753646850586
4.534053802490234
33.7308349609375
13.890888214111328
35.08039093017578
24.63911247253418
28.11966323852539
7.001358985900879
43.894935607910156
35.5157585144043
32.59748077392578
20.9981746673584
34.83864212036133
48.80349349975586
-1.0443220138549805
42.61469268798828
38.978206634521484
6.561550140380859
40.318817138671875
29.690784454345703
19.20685577392578
37.17939758300781
32.90785598754883
12.322662353515625
27.408069610595703
12.856220245361328
9.758163452148438
23.67938804626465
8.222691535949707
23.267559051513672
36.92585754394531
29.984947204589844
27.913330078125
20.740121841430664
31.844459533691406
1.518587589263916
33.91652297973633
35.06389236450195
26.070768356323242
33.34640121459961
31.537399291992188
13.10714340209961
26.165987014770508
6.4199419021606445
31.10608673095703
30.84972381591797
26.340978622436523
1.3426003456115723
32.45939636230469
37.39875793457031
-1.7803022861480713
39.293575286865234
0.6331086158752441
37.906646728515625
0.8013467788696289
1.9260592460632324
-0.3164067268371582
30.867542266845703
11.661153793334961
-1.6727516651153564
29.674842834472656
38.14261245727539
44.13376998901367
-3.6046600341796875
7.771389007568359
36.9774169921875
27.671680450439453
29.877593994140625
4.729152679443359
3.5934152603149414
42.07799530029297
3.8842267990112305
28.07086181640625
2.9692020416259766
38.60881042480469
39.844268798828125
31.702083587646484
37.356971740722656
36.84453201293945
-0.027193546295166016
30.052520751953125
7.8788251876831055
4.11100959777832
2.5834641456604004
40.81814193725586
38.759910583496094
32.43339538574219
33.88690948486328
41.15811538696289
9.480528831481934
33.369476318359375
30.378612518310547
38.56449508666992
3.910238265991211
15.164382934570312
0.5448355674743652
25.794240951538086
33.78153991699219
10.078085899353027
46.70920181274414
27.369853973388672
34.28059005737305
21.24090576171875
38.910133361816406
0.8364753723144531
2.5411829948425293
6.368112564086914
1.8434123992919922
5.305235862731934
6.769305229187012
40.539207458496094
36.3366584777832
37.59379577636719
38.17236328125
24.75296401977539
27.65967559814453
46.572757720947266
25.480899810791016
39.72163391113281
24.528053283691406
3.368541717529297
47.31256103515625
38.02629852294922
41.82636260986328
35.16977310180664
33.13966369628906
38.9847526550293
11.082176208496094
30.18853759765625
44.084205627441406
30.46929168701172
36.04679870605469
42.58033752441406
25.367509841918945
27.949417114257812
33.68673324584961
40.53462600708008
39.71225357055664
4.366186141967773
0.8793983459472656
39.94289016723633
48.007301330566406
2.553022861480713
43.69040298461914
25.877092361450195
34.53352355957031
24.476587295532227
41.15957260131836
36.343284606933594
40.390586853027344
6.740232467651367
26.08766746520996
8.07277774810791
32.601383209228516
35.951026916503906
36.243377685546875
39.82910919189453
44.28593444824219
31.68661880493164
24.193384170532227
7.394055366516113
-1.5789353847503662
0.7400913238525391
4.787076950073242
8.06393814086914
6.876474380493164
35.71623611450195
5.175346374511719
7.9818620681762695
11.27345085144043
27.817832946777344
36.825809478759766
44.00005340576172
-1.461111068725586
22.785079956054688
37.443668365478516
22.703079223632812
11.267230987548828
26.957786560058594
37.59521484375
44.20356369018555
12.350776672363281
6.056836128234863
11.872610092163086
10.252629280090332
44.86214828491211
10.25163459777832
40.74087142944336
7.3126420974731445
8.829936027526855
1.7632837295532227
8.205635070800781
1.8103852272033691
32.67245101928711
1.8595852851867676
7.989928245544434
49.63249206542969
46.571537017822266
11.321222305297852
2.3742618560791016
37.94145584106445
8.904850006103516
28.994342803955078
33.59577560424805
12.806011199951172
36.63211441040039
-3.6410858631134033
11.778463363647461
35.420860290527344
24.711408615112305
39.288883209228516
6.2944793701171875
-1.3880064487457275
0.3168807029724121
11.314451217651367
-0.5772652626037598
3.750027656555176
16.254117965698242
28.322742462158203
36.32384490966797
19.240184783935547
1.6742205619812012
19.025054931640625
12.208271026611328
-3.430448532104492
0.2022380828857422
15.915138244628906
4.2067365646362305
5.201371192932129
30.74087142944336
26.531885147094727
11.486249923706055
34.847618103027344
0.26359128952026367
8.095806121826172
19.104726791381836
37.72484588623047
2.0212855339050293
10.576669692993164
9.73394775390625
44.299903869628906
37.86609649658203
39.0589599609375
31.35694122314453
-0.8667526245117188
18.73397445678711
29.658538818359375
35.84398651123047
31.932899475097656
10.404708862304688
30.324703216552734
7.469229698181152
4.826691627502441
15.0849609375
20.160860061645508
38.966617584228516
29.107006072998047
38.448699951171875
-0.18015193939208984
38.2004508972168
10.173531532287598
40.52668380737305
31.426311492919922
41.50786590576172
34.724666595458984
25.5360050201416
29.34217071533203
38.14008331298828
34.894508361816406
35.312828063964844
43.348785400390625
13.194572448730469
18.5994815826416
14.717079162597656
75.91704559326172
42.98674011230469
38.057891845703125
17.013526916503906
31.298114776611328
31.567245483398438
38.30414581298828
36.53422164916992
14.199520111083984
27.23841094970703
50.42893981933594
-0.47382164001464844
37.784332275390625
46.51274871826172
46.50929260253906
9.395593643188477
73.2566909790039
6.415818214416504
13.000511169433594
57.66439437866211
29.135498046875
29.72673797607422
28.62392807006836
29.986251831054688
42.30970001220703
19.435993194580078
41.42206954956055
32.404842376708984
36.23678207397461
36.846012115478516
11.661018371582031
71.1425552368164
50.89278793334961
43.06471633911133
5.269070625305176
38.181087493896484
60.707496643066406
11.745988845825195
30.224525451660156
24.487882614135742
71.6218032836914
2.5645413398742676
32.0856819152832
40.88231658935547
14.56395149230957
48.91569137573242
35.405479431152344
7.995389938354492
10.425788879394531
41.72209167480469
44.821502685546875
61.422096252441406
39.953521728515625
37.120609283447266
42.391624450683594
34.055503845214844
38.4725227355957
1.4392857551574707
48.208003997802734
66.67323303222656
36.58631896972656
36.89826202392578
30.554969787597656
6.740584373474121
22.163463592529297
31.13341522216797
44.669063568115234
38.99763870239258
36.93366241455078
4.525263786315918
12.10258674621582
33.00830841064453
34.55770492553711
40.428016662597656
28.551307678222656
44.81874465942383
1.7199177742004395
40.84147644042969
42.041629791259766
41.57761764526367
36.664695739746094
29.953330993652344
37.91455078125
65.06544494628906
42.07843017578125
39.80876541137695
63.856292724609375
65.8382568359375
43.27503204345703
72.39263153076172
72.02568817138672
75.72560119628906
65.38215637207031
69.00211334228516
70.03489685058594
51.23413848876953
46.41830062866211
45.10881423950195
72.59223175048828
32.51054763793945
73.45708465576172
73.04669189453125
62.83183288574219
59.81975555419922
66.79830169677734
53.988712310791016
63.914817810058594
71.96569061279297
72.33674621582031
64.27762603759766
66.6187744140625
54.4803352355957
39.730403900146484
43.12640380859375
50.94065856933594
60.11981964111328
59.087860107421875
74.61367797851562
68.05692291259766
40.21961212158203
58.035953521728516
60.349220275878906
48.08206558227539
69.58101654052734
58.65571212768555
75.98778533935547
65.36846160888672
76.5603256225586
61.932472229003906
16.724523544311523
21.70461082458496
79.91915130615234
80.6859359741211
57.48945236206055
69.4028549194336
70.98731994628906
77.56278228759766
6.466337203979492
37.566444396972656
65.03868865966797
62.66614532470703
68.06124114990234
74.19852447509766
41.30498123168945
73.3974380493164
61.53974151611328
60.75065612792969
71.02003479003906
79.6749267578125
63.87675476074219
18.602787017822266
56.996543884277344
70.08869171142578
54.778724670410156
43.86835479736328
75.45765686035156
76.9072265625
44.451629638671875
54.59413528442383
54.217105865478516
72.8038558959961
64.5719985961914
83.20690155029297
63.239410400390625
64.87415313720703
72.18783569335938
78.70537567138672
69.19884490966797
71.21782684326172
72.58364868164062
69.14095306396484
74.35872650146484
73.99484252929688
64.4620361328125
57.4378662109375
71.99918365478516
70.12496948242188
67.72236633300781
74.19510650634766
64.34107208251953
60.29132080078125
80.86861419677734
74.42813873291016
72.73848724365234
7.807394027709961
72.46240234375
72.15560150146484
70.33705139160156
69.25446319580078
65.88594055175781
4.9323835372924805
72.94462585449219
81.55382537841797
37.16292953491211
80.21904754638672
66.93561553955078
54.899723052978516
19.33174705505371
54.75819396972656
70.40258026123047
72.6600570678711
74.22895812988281
66.77043151855469
65.51944732666016
72.51659393310547
61.727455139160156
66.63782501220703
25.039920806884766
73.07322692871094
47.28544998168945
73.71293640136719
70.94491577148438
43.33775329589844
60.24555969238281
66.3322982788086
82.93194580078125
73.76988983154297
67.53327941894531
69.23303985595703
77.34566497802734
87.05718994140625
60.85895538330078
49.60486602783203
81.08550262451172
61.7333984375
22.992279052734375
46.82966232299805
67.46641540527344
74.76948547363281
42.108673095703125
76.8262939453125
60.5218505859375
73.0354995727539
69.10588836669922
72.40428161621094
71.03916931152344
71.7875747680664
45.60732650756836
68.15206909179688
73.56817626953125
66.53365325927734
70.672607421875
61.624778747558594
65.98517608642578
65.95504760742188
76.79368591308594
73.04461669921875
67.28855895996094
10.836226463317871
67.02449035644531
68.92461395263672
77.7682876586914
68.6739501953125
67.27725982666016
72.01690673828125
72.95569610595703
77.44932556152344
67.44774627685547
71.62080383300781
68.13082885742188
70.44758605957031
83.34575653076172
69.64940643310547
81.44444274902344
4.484736442565918
5.421356201171875
65.3746566772461
-1.3984386920928955
64.96240997314453
71.63037872314453
73.59139251708984
72.28804779052734
71.07383728027344
65.92424774169922
62.402679443359375
74.87456512451172
73.11085510253906
76.1622085571289
34.35517501831055
69.27003479003906
25.424152374267578
71.54019927978516
61.88499450683594
66.38601684570312
71.9453353881836
66.31161499023438
66.77410125732422
77.26138305664062
58.59878158569336
55.57472229003906
67.90534973144531
76.3880386352539
83.80915069580078
11.584518432617188
74.66119384765625
67.39556884765625
67.3828125
74.14380645751953
74.39704132080078
48.61740493774414
59.593788146972656
64.67984008789062
66.2410888671875
71.06690216064453
80.87924194335938
67.22825622558594
78.03399658203125
64.20610809326172
66.05781555175781
66.04643249511719
66.29685974121094
69.94361114501953
65.73161315917969
70.35386657714844
66.80101013183594
39.25142288208008
70.50353240966797
20.572790145874023
62.051002502441406
69.60993194580078
73.57070922851562
68.85862731933594
74.15876770019531
73.68802642822266
71.28925323486328
67.42985534667969
61.579444885253906
44.699798583984375
78.60152435302734
79.16637420654297
90.69890594482422
69.87205505371094
70.30879211425781
81.88510131835938
62.678955078125
79.02245330810547
67.7152328491211
69.61233520507812
71.4142074584961
63.942710876464844
68.25250244140625
76.17041015625
68.65839385986328
62.15782928466797
61.667808532714844
77.15140533447266
54.57799530029297
79.10314178466797
82.46408081054688
72.61417388916016
71.29248046875
21.54570198059082
83.2006607055664
69.88336944580078
64.60717010498047
75.25931549072266
81.4218978881836
65.71659088134766
59.94123840332031
74.14906311035156
12.240175247192383
84.2843017578125
82.08589172363281
75.1559066772461
78.57726287841797
69.87797546386719
71.57166290283203
68.50392150878906
74.51782989501953
22.85395050048828
71.96844482421875
79.43568420410156
75.49159240722656
86.1185073852539
66.93737030029297
75.41706848144531
5.123752593994141
78.07568359375
70.77471160888672
68.15380859375
86.03215026855469
82.32550048828125
78.89997863769531
82.19664764404297
69.70818328857422
66.06555938720703
67.18862915039062
76.84999084472656
63.69950866699219
65.07911682128906
84.71934509277344
34.972286224365234
75.78257751464844
28.613956451416016
73.68038177490234
76.4167709350586
64.50886535644531
82.25381469726562
70.19281005859375
70.90634155273438
52.48240280151367
58.01697540283203
83.01908874511719
61.37446594238281
75.55049896240234
67.99037170410156
78.80131530761719
79.4514389038086
66.69197845458984
72.3097152709961
69.8636474609375
63.98173522949219
68.04007720947266
79.95647430419922
74.90379333496094
71.81739044189453
66.37213134765625
81.96951293945312
56.03386688232422
71.70516967773438
73.60863494873047
73.4742431640625
76.0434341430664
67.23101043701172
66.96183013916016
71.60514831542969
85.14872741699219
64.43201446533203
64.89197540283203
37.30789566040039
73.97168731689453
75.93511962890625
9.736072540283203
73.70883178710938
11.388969421386719
74.51349639892578
81.81100463867188
22.387008666992188
67.97151184082031
78.0319595336914
75.5049057006836
64.24369812011719
74.15088653564453
76.69640350341797
71.0915298461914
69.20779418945312
66.18968963623047
65.28717041015625
64.59606170654297
75.97237396240234
75.1227798461914
78.60602569580078
62.004638671875
70.88668060302734
60.61406707763672
73.75992584228516
74.7318344116211
8.631278991699219
84.70674896240234
79.30606842041016
68.63726806640625
79.9286117553711
78.88631439208984
67.86500549316406
57.06724548339844
74.34648895263672
75.71260833740234
76.04376983642578
78.37832641601562
65.93631744384766
15.246757507324219
78.4699478149414
67.8632583618164
78.10785675048828
67.67525482177734
83.8369140625
18.417543411254883
64.89411163330078
77.87508392333984
76.37667083740234
75.78425598144531
68.93511199951172
67.67362976074219
59.81414031982422
62.51263427734375
15.59559440612793
70.34811401367188
45.90861892700195
71.05376434326172
73.69908905029297
75.05178833007812
74.27059173583984
68.54436492919922
60.840309143066406
76.34008026123047
61.63533020019531
69.70796203613281
68.61455535888672
79.1527099609375
61.153587341308594
71.9198989868164
65.1233139038086
85.89736938476562
71.02750396728516
76.38162994384766
77.9373550415039
60.483192443847656
74.73925018310547
75.38900756835938
74.38105010986328
68.00688934326172
69.59402465820312
63.965057373046875
74.70516204833984
74.06217193603516
76.6422348022461
75.4360122680664
80.71373748779297
74.35392761230469
76.40813446044922
67.07105255126953
19.191370010375977
77.13570404052734
63.6988525390625
71.54813385009766
66.68817138671875
67.79630279541016
74.44788360595703
73.92481231689453
84.75204467773438
74.25416564941406
71.46269226074219
74.80491638183594
65.49225616455078
74.03215789794922
80.82369232177734
56.129852294921875
72.8307113647461
50.982173919677734
83.33080291748047
78.624755859375
19.816272735595703
57.16859436035156
7.357436180114746
67.66883087158203
71.77025604248047
55.250797271728516
10.332681655883789
73.64799499511719
77.1989517211914
73.52584075927734
69.20854187011719
84.71559143066406
67.82894134521484
1.4260835647583008
80.4051284790039
75.01731872558594
81.29071807861328
81.89965057373047
71.31744384765625
75.64676666259766
69.26702117919922
8.022371292114258
81.1307601928711
13.513553619384766
78.47838592529297
87.13455963134766
84.69029998779297
85.47953033447266
77.374267578125
70.89588928222656
72.22366333007812
88.51814270019531
80.93403625488281
67.23219299316406
62.63134002685547
58.7867546081543
79.38016510009766
88.6100845336914
69.96099090576172
82.87127685546875
75.37854766845703
81.25749206542969
57.51340103149414
78.80999755859375
79.4264144897461
82.70455169677734
66.36579132080078
72.65925598144531
77.41549682617188
59.98101043701172
66.76554870605469
79.44356536865234
52.72496032714844
67.45028686523438
63.702842712402344
74.63467407226562
65.98094177246094
65.09276580810547
83.31733703613281
12.332254409790039
62.403892517089844
83.19676208496094
79.53104400634766
89.66859436035156
73.146484375
74.02250671386719
78.36170196533203
78.80403900146484
70.96965789794922
76.80150604248047
85.19793701171875
78.22038269042969
91.30243682861328
78.19447326660156
76.88109588623047
76.75347137451172
71.35220336914062
74.2132339477539
76.33039093017578
60.606048583984375
77.65135192871094
77.64620971679688
86.89968872070312
83.27081298828125
76.06707763671875
66.01834106445312
76.08663940429688
63.096649169921875
82.00335693359375
73.50846862792969
82.10381317138672
58.69475173950195
68.97077178955078
78.32687377929688
63.93067169189453
75.85723876953125
77.18276977539062
85.03913879394531
78.45744323730469
92.1030044555664
89.15251159667969
70.08868408203125
74.60008239746094
48.293304443359375
82.9065933227539
63.24182891845703
79.96444702148438
82.05924224853516
79.85420989990234
83.64852142333984
63.563331604003906
84.77008056640625
83.68708801269531
80.42581176757812
81.61354064941406
77.5657730102539
81.07845306396484
67.72826385498047
12.097700119018555
77.22943115234375
63.607574462890625
70.68569946289062
78.46830749511719
75.04151153564453
86.95520782470703
70.72518920898438
61.55473327636719
79.63799285888672
85.09468841552734
76.75857543945312
74.37493896484375
78.9153060913086
75.8517074584961
84.2177505493164
59.67487335205078
70.40303802490234
79.60697937011719
89.59783172607422
67.26918029785156
76.89983367919922
83.49862670898438
72.24372100830078
68.58794403076172
59.00511169433594
81.47722625732422
63.80859375
75.49080657958984
81.8536148071289
84.67543029785156
78.52615356445312
79.29869842529297
86.91960144042969
76.3666000366211
13.162281036376953
74.55299377441406
85.4237289428711
89.89195251464844
82.4932632446289
73.4357681274414
79.15426635742188
61.381614685058594
69.42363739013672
70.80256652832031
78.93325805664062
74.06834411621094
72.21251678466797
82.11351013183594
59.637603759765625
60.75830078125
75.88496398925781
82.2303466796875
74.68846893310547
79.07738494873047
78.46237182617188
55.06765365600586
82.03533935546875
67.80565643310547
65.36479187011719
78.89094543457031
6.271383285522461
84.22673797607422
65.8377914428711
82.11492919921875
82.680908203125
68.83142852783203
75.42850494384766
82.24282836914062
86.1993637084961
83.01988983154297
80.88958740234375
78.95896911621094
71.07152557373047
82.73490905761719
75.36526489257812
73.15604400634766
88.52729797363281
64.8670654296875
84.36979675292969
83.76586151123047
86.01586151123047
81.01681518554688
75.84070587158203
73.06233978271484
86.4301528930664
81.34528350830078
77.69127655029297
86.37993621826172
135.7321319580078
68.71106719970703
65.36152648925781
99.63367462158203
88.00547790527344
75.16400909423828
85.09784698486328
83.96732330322266
88.80101013183594
79.78671264648438
72.75262451171875
80.79862213134766
72.0086441040039
83.13095092773438
82.9873046875
80.15338897705078
76.83282470703125
68.26953125
97.20083618164062
82.31141662597656
74.51802825927734
84.91376495361328
74.43636322021484
67.52539825439453
78.47342681884766
72.04911041259766
87.68933868408203
79.58428192138672
69.70993041992188
59.534332275390625
82.8977279663086
8.045199394226074
87.19998931884766
85.50750732421875
83.93470764160156
82.92768859863281
79.31214904785156
73.8729248046875
5.590409278869629
97.3456039428711
75.68099212646484
83.3868179321289
65.85884857177734
85.7149658203125
65.61241149902344
72.84984588623047
67.7861099243164
84.14491271972656
66.54911804199219
81.6015625
79.27278137207031
91.60328674316406
87.41643524169922
86.7088851928711
75.0438232421875
85.40380096435547
75.91669464111328
90.94120025634766
78.63764953613281
72.41899871826172
80.59773254394531
70.9067153930664
73.74152374267578
85.47513580322266
84.47819519042969
77.21314239501953
74.85783386230469
80.46592712402344
99.8967514038086
75.11241912841797
55.33770751953125
77.06110382080078
86.18016052246094
95.20530700683594
72.55084228515625
79.53595733642578
86.9151611328125
85.18128204345703
87.2349853515625
69.74544525146484
80.66475677490234
81.89186096191406
81.30352783203125
82.0467300415039
76.77422332763672
106.09452056884766
76.8572006225586
79.48504638671875
65.21875762939453
83.01182556152344
76.57718658447266
76.89723205566406
80.96847534179688
56.300724029541016
103.36639404296875
83.45156860351562
76.02892303466797
83.4119644165039
72.77456665039062
70.6028823852539
73.2760009765625
79.8135757446289
94.11272430419922
82.43556213378906
79.45195007324219
91.37358856201172
81.71391296386719
82.95572662353516
78.7060546875
87.20716094970703
90.52336883544922
85.9125747680664
71.26239013671875
90.72966003417969
82.1001968383789
79.99286651611328
10.970386505126953
84.67948150634766
101.96460723876953
69.14896392822266
75.86354064941406
11.490530014038086
78.97652435302734
68.2766342163086
77.26936340332031
81.14812469482422
76.31520080566406
83.20372009277344
81.39602661132812
84.90528869628906
79.22158813476562
10.270333290100098
82.75149536132812
80.55561065673828
79.646240234375
83.4065170288086
71.42314910888672
83.1408920288086
80.98925018310547
87.93694305419922
66.18508911132812
81.74742889404297
79.19532775878906
91.30484771728516
86.54905700683594
79.22148132324219
66.41836547851562
77.69764709472656
84.84547424316406
83.03526306152344
74.75618743896484
95.49089050292969
81.91670989990234
13.89073371887207
82.02303314208984
84.84925079345703
85.0447769165039
76.01839447021484
86.2544937133789
63.04918670654297
71.37532806396484
81.00257873535156
79.81121826171875
88.0040512084961
90.5018081665039
85.50019073486328
90.04521942138672
82.98675537109375
79.27350616455078
89.19617462158203
76.10052490234375
82.85950469970703
92.89725494384766
83.1144027709961
67.26919555664062
80.62468719482422
77.08000183105469
82.60587310791016
74.20272064208984
81.6054458618164
80.23432922363281
83.17654418945312
75.55744171142578
84.74224853515625
83.93939208984375
80.18083190917969
74.48045349121094
83.8134765625
89.08516693115234
76.21379852294922
80.34964752197266
82.00159454345703
97.21118927001953
88.77794647216797
85.34764862060547
79.72576141357422
72.6112060546875
69.6434555053711
82.12421417236328
95.94828796386719
67.36354064941406
69.83179473876953
77.20597076416016
79.2209701538086
76.70106506347656
92.29021453857422
83.49943542480469
93.21531677246094
81.25187683105469
71.15067291259766
81.1769790649414
79.12503814697266
88.56571197509766
100.29716491699219
68.98133087158203
68.76881408691406
76.03166198730469
64.50662994384766
81.42748260498047
93.68136596679688
101.20793914794922
75.51341247558594
71.32813262939453
86.14120483398438
94.72415161132812
88.70841217041016
92.75736236572266
86.58338928222656
83.889892578125
89.5655746459961
86.3308334350586
89.75665283203125
101.20845794677734
90.54105377197266
83.70841979980469
77.73728942871094
101.82881164550781
72.7403335571289
99.5576171875
96.05328369140625
74.42031860351562
80.52543640136719
84.50471496582031
68.68115234375
64.74099731445312
86.78800964355469
82.47079467773438
106.00588989257812
77.09247589111328
77.38758850097656
81.36615753173828
96.80262756347656
86.02534484863281
86.51716613769531
89.90361022949219
74.49787139892578
86.94366455078125
85.41681671142578
75.3276138305664
73.22782135009766
87.53462219238281
90.63580322265625
84.17554473876953
80.11641693115234
78.23963928222656
91.86957550048828
82.0820083618164
87.25968933105469
94.76404571533203
108.25233459472656
89.97294616699219
87.47647094726562
96.72589111328125
87.9963150024414
93.03753662109375
83.75782775878906
77.57018280029297
84.23820495605469
82.30266571044922
91.73172760009766
76.6914291381836
76.69609832763672
82.14542388916016
84.24053955078125
82.70127868652344
97.15042114257812
77.01008605957031
86.24565887451172
85.44530487060547
85.72076416015625
76.7749252319336
80.0859146118164
82.43811798095703
103.42139434814453
90.58000183105469
72.96698760986328
78.802490234375
91.83354187011719
87.96923065185547
90.21578979492188
84.62078094482422
90.27924346923828
90.24929809570312
94.31758880615234
96.02471923828125
91.17084503173828
85.95655822753906
79.97100830078125
84.38941192626953
85.33260345458984
87.46651458740234
80.82853698730469
91.043212890625
83.3798599243164
86.63439178466797
87.07666015625
85.34196472167969
91.33882141113281
83.83722686767578
106.01082611083984
74.07050323486328
90.78388977050781
85.44606018066406
82.25918579101562
88.77493286132812
67.57001495361328
86.63043212890625
86.73942565917969
79.12648010253906
103.31639099121094
92.24104309082031
75.74421691894531
86.50123596191406
85.84207153320312
82.29676818847656
89.2387924194336
87.2259750366211
93.32969665527344
85.14958190917969
86.82269287109375
85.4590835571289
8.079483985900879
101.59941864013672
54.99083709716797
87.05315399169922
80.45771026611328
93.6089096069336
79.17344665527344
62.69145965576172
56.37298583984375
93.9178466796875
110.17089080810547
93.86078643798828
84.60970306396484
108.76618957519531
84.65643310546875
81.78624725341797
90.2269515991211
94.9262466430664
7.4036149978637695
79.79997253417969
97.69347381591797
91.87751007080078
85.31631469726562
97.05659484863281
86.01315307617188
93.20175170898438
87.84693145751953
88.54750061035156
92.25369262695312
93.58087921142578
86.24435424804688
76.45699310302734
79.31985473632812
87.78072357177734
79.20613861083984
109.84265899658203
97.8772964477539
77.04444885253906
89.34834289550781
90.80302429199219
86.36974334716797
90.90840911865234
94.16729736328125
92.83824920654297
93.49119567871094
89.91175079345703
88.98284149169922
83.01296997070312
81.13822937011719
86.08505249023438
89.55423736572266
87.96512603759766
89.23341369628906
91.193115234375
77.21936798095703
90.37055206298828
84.47957611083984
84.72563934326172
92.1481704711914
93.79427337646484
72.90400695800781
90.25432586669922
79.25906372070312
87.79151916503906
88.650146484375
90.36811065673828
104.82554626464844
95.20121765136719
93.81315612792969
104.75658416748047
72.45266723632812
90.73904418945312
82.07022857666016
84.14863586425781
102.39557647705078
94.2077865600586
94.50504302978516
89.58942413330078
84.80296325683594
94.13894653320312
83.88377380371094
105.34264373779297
92.45389556884766
85.10696411132812
86.37918853759766
89.83198547363281
93.66634368896484
84.1479263305664
95.14547729492188
94.1240463256836
87.69189453125
89.3487548828125
92.82788848876953
91.61959075927734
75.99479675292969
80.58936309814453
88.79806518554688
86.91910552978516
87.03704071044922
102.2917251586914
80.32193756103516
102.39695739746094
87.61969757080078
107.21891784667969
88.79888153076172
73.87274932861328
84.66648864746094
96.14191436767578
83.29595184326172
83.35922241210938
81.61531829833984
93.5946273803711
91.47264862060547
91.26122283935547
89.67613983154297
93.0222396850586
95.79069519042969
98.44072723388672
97.27017211914062
90.2822265625
94.17391204833984
94.98424530029297
101.12598419189453
91.44109344482422
103.2089614868164
86.63350677490234
93.81977844238281
91.282958984375
90.20711517333984
98.94285583496094
95.39962005615234
91.9538803100586
84.2992172241211
92.88084411621094
93.56562805175781
87.3809814453125
93.0604476928711
87.34349822998047
87.34059143066406
90.56807708740234
84.09326171875
100.08555603027344
86.8132553100586
84.96815490722656
88.38436126708984
82.935546875
94.1977767944336
105.8686752319336
111.17304229736328
85.18384552001953
86.01393127441406
75.70909118652344
92.1120834350586
106.06464385986328
94.06658172607422
86.98725891113281
114.88916778564453
87.3510971069336
101.94868469238281
94.86250305175781
93.90924072265625
86.71564483642578
86.03811645507812
91.44195556640625
90.81075286865234
105.68074035644531
94.29660034179688
95.29573822021484
92.82616424560547
94.5501708984375
99.42781829833984
89.85462951660156
91.29299926757812
95.47457122802734
93.54464721679688
88.898193359375
97.33184814453125
84.57313537597656
90.91682434082031
91.85692596435547
102.56977844238281
93.53092956542969
83.06303405761719
103.1575698852539
81.9051513671875
88.85092163085938
81.6046142578125
96.58826446533203
99.55967712402344
105.22611999511719
95.08349609375
6.387948989868164
89.44065856933594
92.02606201171875
98.5313720703125
78.47789001464844
89.26952362060547
95.39173889160156
7.914191246032715
90.45777130126953
83.20781707763672
92.99694061279297
75.47539520263672
65.59153747558594
95.68571472167969
98.43868255615234
104.00769805908203
94.92713928222656
92.93478393554688
92.51741790771484
104.85061645507812
86.04020690917969
108.19871520996094
89.80528259277344
78.4681167602539
92.25658416748047
90.12989044189453
78.43446350097656
85.64156341552734
91.96401977539062
97.16654205322266
98.19750213623047
99.05536651611328
81.25150299072266
84.38094329833984
91.62490844726562
101.62335968017578
97.78687286376953
94.61984252929688
95.82152557373047
87.0572738647461
87.43709564208984
83.55119323730469
98.10216522216797
97.37468719482422
92.30158233642578
89.71977996826172
100.23759460449219
88.07720947265625
108.53167724609375
86.91686248779297
82.50739288330078
80.69933319091797
92.65738677978516
88.56343078613281
88.5810775756836
86.75040435791016
95.03892517089844
91.24510192871094
94.31431579589844
96.89830017089844
82.67575073242188
92.271484375
90.16858673095703
90.60050964355469
6.232002258300781
99.91234588623047
88.97499084472656
89.32701110839844
90.0728759765625
90.45133972167969
91.22660064697266
85.39556884765625
96.23600006103516
94.96691131591797
88.59889221191406
100.37039947509766
92.73295593261719
90.47105407714844
90.8799057006836
94.51636505126953
98.67208862304688
102.4454574584961
88.00377655029297
90.5322036743164
95.28797912597656
95.80139923095703
90.65411376953125
81.72394561767578
84.40142822265625
95.8823013305664
89.91464233398438
84.34346771240234
96.2502670288086
95.43167114257812
87.14199829101562
99.71217346191406
86.28187561035156
107.43437957763672
97.97605895996094
83.6656723022461
87.97018432617188
91.98873138427734
90.14937591552734
99.72234344482422
80.85302734375
94.03137969970703
70.60596466064453
91.60240936279297
89.24906158447266
88.33010864257812
93.85337829589844
83.75651550292969
98.31271362304688
87.37020111083984
85.0601806640625
105.14353942871094
72.85252380371094
98.31266784667969
89.19908142089844
81.0505599975586
87.41448974609375
84.86104583740234
78.89337921142578
84.5310287475586
85.1452865600586
83.60777282714844
86.69245910644531
82.04776000976562
83.23563385009766
85.2627182006836
88.50337219238281
86.57269287109375
84.88862609863281
65.61720275878906
90.6887435913086
99.59268188476562
83.43856811523438
76.52417755126953
85.21290588378906
97.1656723022461
76.55850219726562
83.28144836425781
87.25179290771484
72.64622497558594
87.92753601074219
80.03942108154297
93.65613555908203
93.12834930419922
13.105352401733398
77.7040023803711
85.36811828613281
81.04560089111328
85.66024017333984
89.29161834716797
109.02325439453125
87.44648742675781
81.26026916503906
85.65272521972656
83.30464935302734
80.065185546875
95.74172973632812
72.71939086914062
87.88816833496094
73.58138275146484
81.526123046875
87.64311981201172
80.38294982910156
94.28273010253906
97.7002182006836
88.47313690185547
94.7137680053711
103.66533660888672
136.26625061035156
94.792724609375
97.39625549316406
147.99525451660156
91.37870788574219
85.36772918701172
10.704154968261719
84.2619857788086
102.08602142333984
106.79127502441406
97.9228744506836
89.26313781738281
87.80774688720703
88.75469207763672
155.0438232421875
106.3877944946289
92.18675231933594
101.34857940673828
105.68840789794922
88.33573150634766
96.51995086669922
100.51029205322266
93.62667083740234
104.46350860595703
93.71501922607422
90.96377563476562
105.925048828125
78.2169189453125
85.020751953125
105.96114349365234
98.30113220214844
100.74026489257812
103.4557113647461
101.59854125976562
95.34402465820312
89.06453704833984
93.98551177978516
95.904541015625
88.65544891357422
108.86833953857422
92.87960052490234
81.80657196044922
89.84601593017578
97.23267364501953
94.0463638305664
86.11975860595703
96.37591552734375
86.064697265625
96.09151458740234
97.71923065185547
84.46836853027344
97.1159896850586
91.88584899902344
96.89522552490234
99.2550048828125
8.182868003845215
85.19153594970703
103.32987213134766
85.13633728027344
92.21417999267578
95.5060806274414
93.1709213256836
85.70008087158203
85.90364074707031
82.74771118164062
77.49903106689453
83.5186767578125
86.44852447509766
88.85000610351562
149.4345245361328
72.76042175292969
108.73951721191406
79.95389556884766
81.06310272216797
83.79594421386719
89.20733642578125
147.03463745117188
83.10377502441406
81.10828399658203
97.42182159423828
87.18865203857422
68.71546173095703
87.09337615966797
89.39695739746094
76.37429809570312
86.7826156616211
87.83454132080078
74.62220001220703
90.53675079345703
87.22969055175781
80.93431091308594
92.03715515136719
86.38262176513672
86.76583862304688
86.72130584716797
83.28626251220703
86.05695343017578
109.08930969238281
89.74752044677734
90.03009796142578
71.79893493652344
81.38561248779297
86.86419677734375
78.61195373535156
86.89751434326172
91.82412719726562
89.42274475097656
83.5022964477539
95.08941650390625
78.98606872558594
88.67950439453125
10.619906425476074
79.2252426147461
97.59599304199219
82.45242309570312
84.80006408691406
82.03726959228516
88.07470703125
94.0550308227539
76.4489974975586
83.37710571289062
78.45956420898438
77.29043579101562
83.01844024658203
86.84381103515625
83.38787078857422
94.28868865966797
85.38143920898438
95.0074691772461
78.68746948242188
77.22753143310547
85.18423461914062
80.58281707763672
97.92448425292969
81.15316772460938
79.2645034790039
76.25130462646484
91.69478607177734
82.75875854492188
80.57564544677734
86.47249603271484
76.79917907714844
84.08293151855469
83.2728271484375
89.2118911743164
98.0460433959961
91.66328430175781
76.42373657226562
72.69158935546875
74.07501983642578
92.51204681396484
97.60356903076172
95.4987564086914
80.29708862304688
74.56028747558594
95.51079559326172
79.86709594726562
81.85409545898438
85.48369598388672
85.8674545288086
85.3302001953125
86.89213562011719
72.64421081542969
77.66374969482422
15.502189636230469
87.36209106445312
95.10057067871094
85.91067504882812
80.90423583984375
73.99442291259766
81.9857406616211
87.63001251220703
69.78881072998047
86.03612518310547
76.19743347167969
91.6080551147461
78.31878662109375
87.73394775390625
81.90110778808594
83.67534637451172
98.9793930053711
66.8689193725586
83.74325561523438
80.30841064453125
82.27525329589844
87.5401611328125
117.0916748046875
80.19112396240234
95.0981674194336
74.7363052368164
91.00353240966797
75.86314392089844
91.30715942382812
85.7220458984375
90.18821716308594
86.43384552001953
86.20317077636719
95.41065216064453
96.92190551757812
84.52848815917969
87.54737091064453
88.45735931396484
79.93679809570312
109.16938781738281
74.21737670898438
99.78784942626953
105.1617660522461
88.03861999511719
93.78746795654297
85.3508071899414
87.23108673095703
70.24329376220703
98.66207122802734
94.46725463867188
84.274169921875
79.8598403930664
99.84599304199219
70.46122741699219
93.0426025390625
89.03401184082031
96.74407958984375
91.09302520751953
85.15140533447266
80.83477020263672
64.56291198730469
91.57260131835938
77.6156234741211
89.34346008300781
89.7669677734375
119.05606079101562
146.42076110839844
82.5033950805664
93.99346923828125
86.4347152709961
121.84233856201172
70.00228881835938
94.923095703125
75.66818237304688
56.893924713134766
115.76470947265625
82.81310272216797
84.87004089355469
81.7700424194336
144.9658966064453
101.05685424804688
82.8560562133789
88.55366516113281
93.66830444335938
90.01465606689453
85.13275146484375
85.93638610839844
88.92048645019531
141.33731079101562
68.96955108642578
96.41148376464844
85.3003921508789
82.73088073730469
90.40230560302734
94.76272583007812
91.00733947753906
79.44094848632812
100.16050720214844
81.71085357666016
84.04596710205078
93.14673614501953
105.31643676757812
86.96429443359375
92.02597045898438
83.38024139404297
95.02776336669922
91.58428192138672
88.2039794921875
94.79844665527344
78.76712036132812
104.72086334228516
89.54994201660156
94.53851318359375
87.40080261230469
85.668701171875
78.72167205810547
85.94859313964844
83.72323608398438
89.29964447021484
76.77308654785156
89.348388671875
90.59445190429688
86.99774932861328
85.28226470947266
88.85099792480469
97.67855834960938
95.70159912109375
88.68534088134766
96.79852294921875
88.8817138671875
87.95225524902344
91.70375061035156
87.54473876953125
97.54048919677734
97.37057495117188
83.797119140625
81.2490005493164
78.40880584716797
95.86012268066406
81.71012115478516
85.36956024169922
81.48357391357422
100.22088623046875
87.55826568603516
101.21099090576172
83.23419189453125
76.20267486572266
77.77677917480469
94.6889419555664
87.03768920898438
89.49375915527344
80.85079193115234
111.9290542602539
93.51595306396484
97.06696319580078
92.60806274414062
82.4254150390625
76.27154541015625
69.39288330078125
70.91902160644531
76.74241638183594
84.58967590332031
80.03739929199219
69.427001953125
83.27664184570312
75.793701171875
93.26277160644531
93.35659790039062
85.247802734375
82.26773834228516
86.99046325683594
97.72357177734375
88.67417907714844
90.97087860107422
73.81857299804688
106.66349029541016
93.31807708740234
85.78279113769531
91.23377227783203
90.85403442382812
90.06148529052734
88.96009826660156
13.870590209960938
74.48529815673828
91.20964813232422
89.78898620605469
86.70021057128906
119.77545928955078
78.46829223632812
92.55342864990234
88.10506439208984
64.7047119140625
79.4262466430664
88.8421630859375
94.06570434570312
90.29779052734375
82.79559326171875
103.32950592041016
88.67167663574219
97.1636734008789
88.21890258789062
90.16228485107422
97.56609344482422
91.26190185546875
152.51010131835938
94.85479736328125
89.91500091552734
90.45748901367188
75.92369842529297
88.80104064941406
90.1585693359375
88.08008575439453
89.33138275146484
95.7325439453125
148.7909393310547
100.4332046508789
84.96009826660156
95.54145812988281
149.25189208984375
85.08618927001953
95.30636596679688
96.58197784423828
88.33497619628906
107.70719909667969
84.50801086425781
90.94464111328125
88.7123031616211
92.39743041992188
90.84882354736328
94.99307250976562
91.1561508178711
101.01715087890625
103.4934310913086
109.69749450683594
96.31298065185547
102.95145416259766
111.18980407714844
119.26934051513672
141.84210205078125
105.31127166748047
106.78387451171875
95.70198059082031
83.72276306152344
100.63082885742188
135.51458740234375
88.74330139160156
90.44900512695312
93.88761138916016
69.36264038085938
97.34666442871094
93.46512603759766
153.01141357421875
106.0290756225586
104.25526428222656
99.57962036132812
114.05245208740234
94.95297241210938
89.32897186279297
149.88584899902344
95.47622680664062
94.79341125488281
84.54695129394531
90.19981384277344
110.89021301269531
95.56707763671875
97.40782928466797
97.47010040283203
91.10382080078125
95.86299133300781
99.38624572753906
78.43966674804688
127.681396484375
86.17208862304688
155.54937744140625
98.97917938232422
92.3441390991211
145.78787231445312
86.5321273803711
95.68803405761719
94.86997985839844
8.645926475524902
90.58666229248047
76.93659973144531
88.45142364501953
99.1434097290039
99.05225372314453
147.35617065429688
105.57719421386719
94.02043151855469
99.16767120361328
88.44236755371094
96.30121612548828
84.29742431640625
96.06828308105469
102.83942413330078
81.83321380615234
99.49108123779297
89.50456237792969
93.48961639404297
82.04045104980469
87.8728256225586
92.60283660888672
127.64363861083984
94.23420715332031
92.04096221923828
61.399147033691406
94.16173553466797
101.89273071289062
102.66594696044922
92.36361694335938
98.84817504882812
100.3076400756836
97.0981216430664
123.4052734375
95.8063735961914
95.05391693115234
104.63157653808594
95.83193969726562
147.29827880859375
148.67100524902344
75.1611557006836
102.37802124023438
89.88321685791016
138.37216186523438
81.06278228759766
98.07272338867188
96.59598541259766
154.013671875
107.48038482666016
141.45620727539062
157.74655151367188
111.71813201904297
90.33120727539062
97.10737609863281
101.88892364501953
97.90448760986328
82.25912475585938
156.0497589111328
97.60792541503906
99.66314697265625
94.61869812011719
108.45584869384766
103.8479995727539
94.92256164550781
146.10179138183594
106.92567443847656
97.63273620605469
93.06501770019531
97.63227844238281
98.68399810791016
103.96229553222656
90.58808135986328
99.51022338867188
79.42154693603516
99.56034088134766
104.59764862060547
94.14472961425781
111.55652618408203
111.8109130859375
92.0069580078125
98.41231536865234
95.25325775146484
103.71934509277344
145.8674774169922
97.93159484863281
98.8971176147461
99.08966064453125
150.4635772705078
99.63847351074219
106.13397216796875
115.10032653808594
102.62744140625
113.61876678466797
113.60537719726562
103.9944076538086
155.7097625732422
141.559326171875
154.5487060546875
146.02865600585938
134.58734130859375
99.48904418945312
149.7056121826172
110.99549102783203
91.06511688232422
107.05538177490234
100.76377868652344
102.12677001953125
115.12284088134766
95.39668273925781
126.39942932128906
91.98403930664062
99.32781982421875
95.17989349365234
108.37061309814453
98.08599853515625
94.88938903808594
89.85771179199219
113.88117980957031
131.822509765625
82.64244079589844
147.44183349609375
107.89289093017578
76.1707534790039
96.693115234375
88.24737548828125
93.97069549560547
97.6200942993164
98.9024658203125
105.63414764404297
97.30115509033203
139.25796508789062
95.6368408203125
89.26931762695312
107.37850189208984
95.34241485595703
132.9092559814453
106.51206970214844
76.70721435546875
92.995849609375
90.32989501953125
91.21896362304688
111.94380950927734
100.26178741455078
153.52349853515625
97.09194946289062
101.14604949951172
101.25840759277344
146.37570190429688
97.1851577758789
94.85970306396484
85.83305358886719
98.61332702636719
92.98664855957031
100.32997131347656
144.43809509277344
132.70553588867188
141.29238891601562
98.91582489013672
151.55540466308594
103.6253662109375
151.48902893066406
141.9371337890625
107.80188751220703
108.7835693359375
116.60144805908203
99.43559265136719
95.60736846923828
143.5113067626953
108.47413635253906
114.83548736572266
108.98393249511719
90.268798828125
150.93539428710938
90.39925384521484
150.2948760986328
90.95024871826172
99.43350982666016
114.60918426513672
143.92962646484375
89.18682098388672
149.00396728515625
147.16549682617188
96.27423095703125
86.08788299560547
124.49234008789062
151.70404052734375
103.9242935180664
99.62804412841797
95.00861358642578
93.63427734375
135.80813598632812
101.11125183105469
97.92018127441406
92.39212799072266
92.48211669921875
151.24264526367188
102.35147094726562
107.01736450195312
100.48982238769531
130.8190460205078
138.8070831298828
103.19243621826172
147.98204040527344
100.10636138916016
141.59872436523438
92.30490112304688
145.84498596191406
90.46612548828125
93.7802963256836
145.04541015625
159.49761962890625
7.783945083618164
114.577392578125
146.70948791503906
125.1988754272461
103.28439331054688
119.52180480957031
97.33490753173828
8.260133743286133
99.28170013427734
96.04590606689453
109.1793441772461
106.43121337890625
150.26473999023438
100.00310516357422
148.99415588378906
100.16608428955078
90.77224731445312
130.63552856445312
157.74806213378906
146.43406677246094
113.45121765136719
99.87053680419922
104.1971206665039
105.76841735839844
95.91614532470703
151.12619018554688
155.67706298828125
96.38793182373047
148.9329071044922
120.80634307861328
110.21007537841797
151.18051147460938
151.48834228515625
100.60950469970703
131.60797119140625
115.21666717529297
104.76294708251953
139.7600555419922
97.22943115234375
96.86736297607422
90.53821563720703
137.83474731445312
100.0186996459961
140.75001525878906
148.44374084472656
154.35382080078125
104.62272644042969
155.22589111328125
147.9083251953125
139.52191162109375
110.78496551513672
108.54759216308594
150.74549865722656
8.403099060058594
9.573959350585938
8.156039237976074
149.93678283691406
159.59425354003906
145.45632934570312
145.07798767089844
150.81344604492188
9.341714859008789
9.128141403198242
9.242155075073242
162.67994689941406
159.92257690429688
156.27464294433594
161.91297912597656
3.8418073654174805
158.3490753173828
8.703372955322266
114.44512176513672
146.52755737304688
157.04812622070312
6.924633026123047
144.4664306640625
7.312944412231445
147.6685791015625
10.443483352661133
162.6901397705078
149.03575134277344
153.2073211669922
112.86500549316406
148.34085083007812
144.10342407226562
9.45828914642334
118.30811309814453
146.739013671875
146.39918518066406
8.613524436950684
9.240493774414062
152.99021911621094
125.8674087524414
153.59475708007812
158.8433380126953
109.02751922607422
146.77574157714844
8.6329345703125
13.706544876098633
162.6190643310547
161.02462768554688
159.88804626464844
149.22557067871094
30.36886978149414
142.2598876953125
109.56636047363281
125.30970764160156
110.57377624511719
105.75778198242188
130.1529541015625
107.7801284790039
154.30738830566406
7.555422782897949
136.3232879638672
162.9243927001953
115.09760284423828
8.928491592407227
156.95819091796875
160.7058563232422
5.091322898864746
152.3040313720703
151.48626708984375
155.1184539794922
144.80364990234375
105.25413513183594
130.70394897460938
148.37350463867188
8.799813270568848
115.074462890625
142.35899353027344
163.30596923828125
162.38986206054688
101.04144287109375
105.9434585571289
123.6765365600586
122.53163146972656
144.08590698242188
141.2961883544922
139.9937744140625
8.98985767364502
153.0546112060547
155.70230102539062
8.443124771118164
110.72183227539062
6.195898056030273
164.74623107910156
145.67868041992188
39.4709358215332
151.68650817871094
151.2030029296875
9.220263481140137
97.7196273803711
158.11734008789062
154.03952026367188
143.5908203125
8.66913890838623
155.37083435058594
148.40415954589844
147.69239807128906
10.961328506469727
135.4266357421875
144.0378875732422
160.9287567138672
147.32472229003906
142.95950317382812
161.69703674316406
111.03910827636719
155.1551513671875
158.6641082763672
144.84310913085938
108.74789428710938
150.4667510986328
9.650486946105957
110.83848571777344
8.588174819946289
8.60301685333252
115.2432861328125
134.12051391601562
143.44749450683594
134.13516235351562
10.688543319702148
8.051880836486816
158.7660675048828
157.29994201660156
149.6028594970703
112.02737426757812
147.5617218017578
156.77481079101562
159.63525390625
163.97361755371094
9.199986457824707
149.16563415527344
124.04073333740234
113.92716217041016
146.40798950195312
146.98480224609375
156.7760772705078
156.76589965820312
147.9636993408203
95.275390625
147.04733276367188
125.0252456665039
160.21405029296875
114.23321533203125
132.7923583984375
162.397705078125
115.8951187133789
148.5911407470703
165.66986083984375
156.21803283691406
109.0649185180664
154.07791137695312
106.89466857910156
153.2549591064453
162.12637329101562
6.344244003295898
159.36973571777344
102.1914291381836
157.22865295410156
147.4732208251953
153.9840850830078
160.75479125976562
149.3848419189453
165.7557373046875
147.67648315429688
140.0183868408203
9.339866638183594
162.20700073242188
150.67062377929688
109.8419189453125
160.12110900878906
8.6063814163208
157.71975708007812
124.34634399414062
144.07235717773438
150.4794158935547
89.25273895263672
155.1226806640625
114.05413818359375
9.145261764526367
8.428291320800781
7.992979049682617
119.20990753173828
144.28526306152344
101.57672119140625
164.55284118652344
153.05230712890625
160.55165100097656
159.1321258544922
8.723599433898926
7.451210975646973
119.31715393066406
149.42401123046875
137.83999633789062
157.1961212158203
160.95697021484375
150.3193817138672
152.8484649658203
144.1387176513672
155.86984252929688
117.60784912109375
165.85321044921875
154.78439331054688
109.07904815673828
8.605363845825195
7.464851379394531
159.63504028320312
156.17529296875
153.32705688476562
7.448980331420898
164.73077392578125
145.3631134033203
158.98191833496094
157.0958709716797
9.260632514953613
6.619989395141602
91.8803482055664
156.55978393554688
159.97500610351562
124.31320190429688
142.25106811523438
159.771240234375
93.8452377319336
155.67803955078125
112.81402587890625
9.124393463134766
154.18756103515625
143.06935119628906
160.9616241455078
147.39520263671875
58.33900451660156
122.71871185302734
148.08026123046875
155.12481689453125
147.0504608154297
154.23793029785156
147.34414672851562
158.10829162597656
165.6272430419922
159.2266387939453
136.50289916992188
138.61997985839844
13.20650863647461
115.09297943115234
5.0945539474487305
141.5934600830078
159.67019653320312
6.0584001541137695
102.12061309814453
133.70162963867188
135.10488891601562
153.4451446533203
9.88422679901123
114.08360290527344
144.86224365234375
148.9667510986328
100.47786712646484
160.559814453125
140.4029541015625
155.5286102294922
5.2876081466674805
149.73147583007812
7.805904388427734
102.4151382446289
153.47988891601562
162.39479064941406
150.31704711914062
9.626029968261719
138.62759399414062
145.4475555419922
109.62198638916016
151.07174682617188
148.44381713867188
7.891477584838867
7.01487922668457
113.12122344970703
143.59681701660156
147.59999084472656
117.42353057861328
149.69496154785156
155.4928741455078
149.5753631591797
106.10791015625
102.14778137207031
156.3856201171875
155.32281494140625
148.3834686279297
5.697453498840332
141.7510986328125
7.052263259887695
157.4303436279297
100.65550994873047
144.4514617919922
159.4654541015625
148.11534118652344
149.7755889892578
100.09066009521484
163.3575897216797
149.96754455566406
141.14938354492188
93.18293762207031
156.7541961669922
154.091796875
159.86209106445312
104.2962646484375
166.3711395263672
160.75013732910156
152.42947387695312
9.28268814086914
144.68203735351562
7.318424224853516
5.969202041625977
149.653564453125
158.44216918945312
101.38892364501953
153.54544067382812
140.3256072998047
140.4963836669922
4.641043663024902
161.9487762451172
155.17005920410156
121.33378601074219
165.44894409179688
8.477347373962402
159.23361206054688
151.70510864257812
167.3889617919922
158.40576171875
158.12191772460938
63.14727783203125
142.3161163330078
102.3213882446289
106.34554290771484
10.236153602600098
119.26274108886719
55.28495407104492
163.82017517089844
105.80265808105469
147.43272399902344
11.460914611816406
141.79867553710938
143.72573852539062
119.13513946533203
107.33965301513672
117.0385513305664
115.86067962646484
151.04437255859375
156.12960815429688
102.77218627929688
169.38134765625
115.40640258789062
168.09527587890625
153.28448486328125
111.73689270019531
138.0176544189453
156.0128173828125
136.73428344726562
137.70094299316406
151.48895263671875
148.06748962402344
151.4008331298828
154.66854858398438
167.5769500732422
96.98947143554688
118.21263885498047
147.85646057128906
149.78257751464844
143.7224578857422
146.57958984375
162.09400939941406
163.2622833251953
152.52362060546875
141.42112731933594
160.17613220214844
148.74916076660156
118.21280670166016
155.799072265625
151.10169982910156
146.38150024414062
160.8054656982422
91.9041748046875
155.91513061523438
117.99505615234375
147.896728515625
148.8606719970703
161.8330841064453
157.08265686035156
121.24385833740234
148.1061553955078
161.5265350341797
168.8799591064453
154.19017028808594
111.4960708618164
134.4949951171875
162.97119140625
148.4005584716797
159.28997802734375
136.01846313476562
71.25597381591797
135.25631713867188
162.00111389160156
139.41539001464844
10.381821632385254
150.84689331054688
162.52682495117188
165.88768005371094
153.54254150390625
149.5322265625
116.35050964355469
147.9725341796875
159.75062561035156
120.53323364257812
165.73484802246094
134.68402099609375
153.00794982910156
147.49380493164062
154.22482299804688
96.8657455444336
7.786862373352051
114.54959869384766
162.55699157714844
117.13907623291016
155.171875
161.2606964111328
154.48573303222656
162.2010040283203
120.77194213867188
137.64096069335938
162.0858612060547
109.54147338867188
161.5518798828125
144.3142852783203
140.18214416503906
100.87814331054688
158.75112915039062
158.05203247070312
155.0397186279297
160.80413818359375
7.230866432189941
144.02700805664062
161.45223999023438
10.367464065551758
4.278299331665039
159.61753845214844
32.144630432128906
10.065381050109863
13.928869247436523
165.650634765625
8.862468719482422
119.40599060058594
151.69613647460938
166.29714965820312
162.57284545898438
147.20924377441406
98.96277618408203
155.28602600097656
168.69195556640625
155.92404174804688
166.7076873779297
148.59600830078125
161.0976104736328
146.98684692382812
153.10546875
155.6874542236328
118.64900207519531
169.86456298828125
165.11065673828125
154.2601776123047
10.415569305419922
156.81112670898438
155.58529663085938
6.649883270263672
148.01182556152344
144.685546875
130.95346069335938
103.08760070800781
11.45765495300293
157.73171997070312
109.34244537353516
145.7352752685547
155.36703491210938
144.15370178222656
108.20893096923828
170.1884002685547
101.21411895751953
156.34609985351562
146.759765625
147.1531219482422
107.11415100097656
149.67323303222656
162.8350830078125
158.74440002441406
153.89686584472656
165.15245056152344
118.66996765136719
165.2038116455078
117.08048248291016
148.78823852539062
6.7732038497924805
163.93614196777344
160.3690185546875
165.01776123046875
12.290428161621094
155.05772399902344
8.934279441833496
162.69580078125
163.79916381835938
170.20571899414062
155.72903442382812
160.794189453125
140.69764709472656
140.8380889892578
155.36770629882812
5.603524208068848
149.34779357910156
9.988235473632812
128.7629852294922
158.8826904296875
141.18521118164062
167.68310546875
143.84927368164062
148.6686553955078
5.533982276916504
165.47213745117188
156.44960021972656
118.50959014892578
156.5454864501953
7.663000106811523
149.03204345703125
151.01646423339844
158.5650634765625
164.68362426757812
104.73535919189453
146.7753143310547
167.75779724121094
156.568603515625
8.362187385559082
171.6516876220703
145.85751342773438
4.064454078674316
119.68730163574219
156.73681640625
6.182677268981934
159.3931884765625
152.06723022460938
157.76622009277344
158.27133178710938
166.3167266845703
165.1869659423828
158.0343475341797
156.44830322265625
149.1536865234375
153.74900817871094
6.5350446701049805
167.5565948486328
139.14019775390625
95.55570220947266
170.84051513671875
108.91373443603516
154.76109313964844
115.80422973632812
151.7787322998047
150.35256958007812
156.0048065185547
164.85736083984375
159.81517028808594
150.13552856445312
118.05034637451172
120.9126205444336
120.73920440673828
167.6794891357422
168.0275115966797
149.38035583496094
148.40411376953125
168.46473693847656
156.44308471679688
163.30892944335938
8.287768363952637
154.43716430664062
154.62210083007812
145.6458282470703
146.0958709716797
151.66294860839844
148.54696655273438
97.4935302734375
169.60484313964844
119.35521697998047
120.7781753540039
108.82096099853516
123.8487548828125
160.9400177001953
147.24049377441406
157.0614013671875
122.19303131103516
172.84304809570312
145.16050720214844
159.9886016845703
157.98329162597656
153.7407989501953
151.61160278320312
120.53517150878906
159.8246307373047
164.31483459472656
159.20619201660156
121.57345581054688
123.58676147460938
110.63059997558594
153.64988708496094
145.16932678222656
139.5248260498047
143.05484008789062
169.02101135253906
152.69573974609375
9.401562690734863
8.182303428649902
152.36875915527344
151.09225463867188
157.58709716796875
161.14271545410156
100.36093139648438
157.75634765625
117.75040435791016
156.55532836914062
161.90757751464844
158.59832763671875
145.66058349609375
168.21713256835938
139.8088836669922
160.5446319580078
152.2947998046875
166.81813049316406
143.01698303222656
167.82049560546875
157.72117614746094
170.13604736328125
125.07510375976562
118.6248550415039
153.1613006591797
158.70376586914062
130.45188903808594
117.3929214477539
116.17362976074219
126.36617279052734
72.53887176513672
147.73696899414062
117.34842681884766
160.06167602539062
151.74388122558594
152.57350158691406
118.29846954345703
155.43678283691406
135.96749877929688
138.09022521972656
111.6380844116211
134.50991821289062
142.4589080810547
123.2798843383789
153.18894958496094
115.3233642578125
150.2498779296875
168.0591278076172
166.63333129882812
157.05479431152344
170.46737670898438
167.04124450683594
170.1770477294922
158.24075317382812
158.28231811523438
9.886927604675293
159.043701171875
151.2056121826172
172.93173217773438
135.92117309570312
156.50607299804688
155.4634552001953
124.38815307617188
4.755633354187012
147.7786102294922
130.4549560546875
156.569580078125
165.17556762695312
166.29405212402344
145.33700561523438
162.26821899414062
157.78671264648438
134.80767822265625
160.60968017578125
149.7886962890625
163.4762725830078
164.2836456298828
143.32968139648438
154.5613555908203
157.3248748779297
168.26239013671875
115.34928894042969
158.23968505859375
161.80795288085938
160.38328552246094
166.42344665527344
140.1912078857422
141.93051147460938
154.01795959472656
160.6354522705078
119.49793243408203
171.2096405029297
163.30133056640625
154.4318389892578
163.13040161132812
172.88595581054688
113.13131713867188
118.83049011230469
139.79824829101562
120.07921600341797
161.49798583984375
155.30374145507812
166.31390380859375
149.67678833007812
144.00852966308594
162.47329711914062
162.5326385498047
165.0747528076172
147.0618133544922
166.15390014648438
119.21109771728516
115.64250946044922
150.1424102783203
159.19322204589844
165.4973602294922
149.88795471191406
162.46714782714844
153.3815155029297
164.673828125
168.20272827148438
156.679931640625
168.85385131835938
126.90815734863281
114.06763458251953
147.21633911132812
144.91993713378906
153.6631317138672
169.33285522460938
121.7760009765625
157.35501098632812
123.9031982421875
147.13206481933594
160.42633056640625
164.41741943359375
161.11795043945312
116.64875030517578
148.48989868164062
171.41241455078125
160.3136444091797
169.7062530517578
161.9759063720703
151.26177978515625
160.6064453125
165.13323974609375
170.28109741210938
155.9463348388672
171.23777770996094
159.4144744873047
161.65634155273438
165.26498413085938
162.88677978515625
114.59358978271484
120.54130554199219
150.2389678955078
125.65367126464844
159.93389892578125
165.06443786621094
122.19853210449219
155.577880859375
151.29002380371094
147.64254760742188
159.9580078125
165.57211303710938
153.27206420898438
115.29827117919922
144.67994689941406
160.75790405273438
170.7735137939453
154.09080505371094
150.4221954345703
112.62319946289062
169.3723907470703
145.08436584472656
159.38397216796875
102.59016418457031
120.06771087646484
170.28607177734375
145.64895629882812
162.5040283203125
113.88813018798828
151.5746612548828
151.39344787597656
162.1737518310547
157.51470947265625
7.344958305358887
10.209212303161621
148.05223083496094
107.83618927001953
146.6537322998047
170.90052795410156
168.78793334960938
135.88243103027344
152.10299682617188
161.40208435058594
121.5726547241211
164.38441467285156
167.83168029785156
171.38157653808594
156.5907745361328
143.77671813964844
156.0713653564453
159.76979064941406
140.64939880371094
118.71525573730469
145.32762145996094
117.28038787841797
160.23716735839844
164.56517028808594
168.4147491455078
142.8174591064453
164.5376434326172
163.8800811767578
147.63278198242188
155.4317626953125
170.43589782714844
160.83970642089844
170.4021759033203
10.15916919708252
164.49742126464844
160.3631134033203
167.7600860595703
155.07302856445312
157.70457458496094
165.3701171875
163.73916625976562
154.86585998535156
147.2453155517578
156.937744140625
159.93063354492188
142.84603881835938
165.3385772705078
163.14175415039062
158.6000518798828
120.323486328125
160.4105682373047
121.63644409179688
154.3356475830078
169.98239135742188
143.09085083007812
105.89368438720703
152.54388427734375
148.67404174804688
155.98095703125
156.12539672851562
162.92337036132812
156.23153686523438
155.94566345214844
109.78958129882812
155.56947326660156
153.7926788330078
166.29776000976562
5.913557052612305
164.41151428222656
154.53427124023438
158.48536682128906
151.90728759765625
173.18328857421875
118.01407623291016
116.28230285644531
143.65005493164062
133.16468811035156
158.96844482421875
144.0172576904297
154.8330078125
123.38233947753906
164.8675079345703
161.9236297607422
161.7177276611328
156.67495727539062
163.8359375
165.2622528076172
155.79751586914062
160.2576446533203
165.99610900878906
151.0210723876953
165.8080596923828
162.79257202148438
151.88710021972656
110.21039581298828
161.25155639648438
146.36534118652344
172.36837768554688
155.57077026367188
163.0272674560547
166.80833435058594
166.0301055908203
163.8823699951172
168.34765625
155.14132690429688
154.53030395507812
155.4681854248047
113.7268295288086
147.39208984375
159.15435791015625
169.46180725097656
170.3101806640625
162.80162048339844
159.1534423828125
163.4608154296875
116.08023834228516
165.5714569091797
118.09982299804688
167.11956787109375
127.79205322265625
168.9720916748047
142.32699584960938
124.56874084472656
151.27032470703125
165.40704345703125
114.82705688476562
168.64767456054688
158.71044921875
168.47994995117188
152.38572692871094
107.30453491210938
171.85011291503906
172.06332397460938
163.95217895507812
175.02716064453125
127.767822265625
156.95628356933594
153.38723754882812
152.0926055908203
114.96000671386719
173.55955505371094
161.256103515625
153.6691131591797
121.27375793457031
145.04879760742188
152.88185119628906
154.6122589111328
153.1965789794922
166.57913208007812
147.88980102539062
160.08697509765625
172.0760040283203
168.1552734375
148.61715698242188
124.47203063964844
160.3724365234375
164.82948303222656
155.64422607421875
165.66082763671875
165.61331176757812
141.62457275390625
171.0133514404297
157.78524780273438
158.23304748535156
121.761474609375
158.6205291748047
163.11776733398438
163.84149169921875
157.22853088378906
153.11923217773438
173.9862060546875
176.54547119140625
170.49053955078125
169.0990753173828
168.61746215820312
163.2092742919922
168.3967742919922
163.3178253173828
133.8656005859375
169.7164306640625
156.37730407714844
163.80006408691406
166.1261444091797
115.05349731445312
171.69454956054688
7.223606109619141
146.15414428710938
161.18482971191406
163.73165893554688
173.5724334716797
157.28819274902344
176.59764099121094
156.02906799316406
127.04873657226562
166.64149475097656
170.32537841796875
123.20137023925781
145.8444061279297
175.42140197753906
162.93128967285156
164.5320587158203
165.31040954589844
172.601318359375
161.72203063964844
150.8679656982422
145.84414672851562
164.9734344482422
170.17059326171875
154.15792846679688
177.48995971679688
122.9155044555664
159.91079711914062
158.54757690429688
175.4724884033203
167.53994750976562
166.53390502929688
172.77130126953125
174.4243927001953
167.84201049804688
126.30693054199219
160.0166015625
176.2539520263672
164.6619110107422
173.92364501953125
156.4470672607422
136.4302978515625
148.4408721923828
171.5670166015625
160.55868530273438
150.99942016601562
167.1151885986328
164.8880157470703
153.03799438476562
120.78307342529297
144.04669189453125
172.37460327148438
153.3576202392578
172.89926147460938
146.8467254638672
168.4859619140625
164.7162322998047
160.33370971679688
95.23294830322266
130.5036163330078
148.96348571777344
158.6705780029297
161.39370727539062
169.88735961914062
154.95423889160156
154.89932250976562
161.43399047851562
121.10216522216797
168.856689453125
164.73342895507812
123.35218811035156
169.3702850341797
107.38365173339844
160.95582580566406
153.8990936279297
169.7589874267578
170.4744110107422
170.79534912109375
165.84754943847656
156.9149169921875
166.47796630859375
167.93495178222656
165.1445770263672
164.80332946777344
158.4656524658203
153.25311279296875
162.0693359375
123.94677734375
162.9710235595703
122.3125
160.96385192871094
164.94004821777344
142.33053588867188
163.3086395263672
170.346435546875
48.813533782958984
173.5885009765625
156.5312957763672
147.07852172851562
170.1488494873047
158.41526794433594
171.44920349121094
142.3656005859375
136.90895080566406
161.93423461914062
173.4531707763672
170.61410522460938
148.66551208496094
158.96881103515625
170.91404724121094
171.81893920898438
108.53829193115234
172.69290161132812
171.34544372558594
166.49937438964844
146.9725799560547
148.65504455566406
172.023193359375
157.14883422851562
168.50112915039062
150.40223693847656
166.03526306152344
164.2738037109375
170.8383026123047
168.6609649658203
169.6768341064453
171.4238739013672
175.54981994628906
174.16244506835938
152.81484985351562
153.1571807861328
174.71560668945312
166.1494903564453
154.49513244628906
166.58160400390625
163.26605224609375
172.58489990234375
152.9532928466797
172.91781616210938
155.8195037841797
89.54828643798828
147.9608612060547
166.42108154296875
131.20748901367188
175.4410858154297
8.353789329528809
155.24551391601562
167.5203094482422
148.03012084960938
164.01995849609375
159.7122802734375
169.3678741455078
177.4285125732422
9.010286331176758
165.71649169921875
170.32228088378906
130.5762176513672
168.2544708251953
153.40447998046875
155.46685791015625
153.9984893798828
171.52694702148438
152.1487579345703
167.1573944091797
154.89686584472656
166.8225860595703
141.15269470214844
176.94203186035156
161.81967163085938
173.6096954345703
176.23654174804688
154.98004150390625
173.7915802001953
121.43389892578125
157.63845825195312
165.56692504882812
168.90914916992188
129.0344696044922
171.88909912109375
167.0391387939453
166.46096801757812
123.51178741455078
166.19906616210938
131.9103240966797
159.34100341796875
160.10137939453125
167.1395263671875
158.24745178222656
173.04444885253906
161.93826293945312
167.34042358398438
177.14828491210938
171.91586303710938
159.8297576904297
166.60691833496094
164.67626953125
170.708984375
158.50119018554688
165.9479522705078
169.61044311523438
162.0849151611328
126.45417785644531
151.42782592773438
166.68270874023438
173.38160705566406
153.77882385253906
177.1997528076172
171.6993408203125
164.70620727539062
122.28614807128906
129.28236389160156
167.97218322753906
121.16690063476562
166.04342651367188
150.83375549316406
173.18675231933594
167.55699157714844
175.08700561523438
151.1772003173828
164.82568359375
169.69094848632812
117.61302185058594
161.17324829101562
163.71446228027344
167.0728302001953
162.55816650390625
112.84062957763672
167.21981811523438
117.69047546386719
157.1334686279297
125.35905456542969
167.2641143798828
161.14109802246094
139.55267333984375
135.74874877929688
78.79475402832031
8.968480110168457
167.03285217285156
155.07191467285156
171.36618041992188
164.20828247070312
169.97921752929688
176.83436584472656
170.12757873535156
170.31935119628906
159.25428771972656
129.69569396972656
166.5819091796875
167.60894775390625
159.07931518554688
165.55726623535156
154.72032165527344
166.65684509277344
170.7695770263672
164.8345489501953
131.22247314453125
162.9820098876953
169.3844757080078
164.40525817871094
157.0085906982422
163.39451599121094
173.39505004882812
158.93264770507812
168.83120727539062
143.25123596191406
174.35586547851562
159.14599609375
165.36305236816406
168.27378845214844
173.4266815185547
165.0311737060547
156.39358520507812
171.627197265625
163.13616943359375
164.371826171875
122.40801239013672
172.28509521484375
172.82208251953125
163.51971435546875
166.0071258544922
153.53443908691406
150.95648193359375
177.83494567871094
168.04931640625
160.744384765625
165.45263671875
165.3364715576172
164.12033081054688
155.82261657714844
126.69906616210938
154.1840057373047
172.01580810546875
153.65603637695312
115.8411636352539
163.3987579345703
160.529052734375
168.99090576171875
173.6167755126953
162.9128875732422
168.18756103515625
155.93780517578125
162.6033935546875
153.07769775390625
147.79672241210938
174.1826629638672
168.5419464111328
163.0629425048828
151.124267578125
161.265625
169.85760498046875
156.6879119873047
170.56307983398438
166.31192016601562
159.4132843017578
165.31607055664062
156.84365844726562
153.6952362060547
164.47232055664062
163.82369995117188
165.29930114746094
124.92134094238281
158.9099884033203
124.14464569091797
156.71908569335938
145.71165466308594
164.11614990234375
129.56069946289062
173.759521484375
162.8552703857422
167.91119384765625
163.1429443359375
121.78842163085938
152.8818817138672
169.44374084472656
164.15846252441406
176.28541564941406
171.80209350585938
162.6409454345703
167.3311004638672
166.54129028320312
171.6476287841797
162.65708923339844
134.39418029785156
117.2110595703125
162.91493225097656
158.1829833984375
166.26663208007812
164.67904663085938
143.14109802246094
168.2060089111328
149.68089294433594
162.1895294189453
160.369140625
174.9227752685547
162.23667907714844
166.1683349609375
170.59877014160156
167.44488525390625
159.77359008789062
172.4056396484375
154.29177856445312
160.3341522216797
169.67030334472656
153.33993530273438
170.1798095703125
155.63259887695312
159.50804138183594
153.94296264648438
165.95985412597656
133.64804077148438
160.5884552001953
164.47608947753906
167.45497131347656
153.7266845703125
166.1112518310547
124.09901428222656
158.8950958251953
170.48414611816406
171.1650390625
140.00534057617188
166.7285614013672
159.62879943847656
165.48446655273438
152.8020477294922
160.2888641357422
146.0719757080078
142.4825439453125
117.41439819335938
147.04953002929688
150.6544952392578
160.42047119140625
146.94090270996094
142.80690002441406
164.0327911376953
112.84434509277344
170.2232666015625
142.76461791992188
164.43643188476562
148.94764709472656
163.08352661132812
168.62109375
167.63052368164062
133.78138732910156
164.8863983154297
166.34320068359375
114.43748474121094
165.26025390625
160.57308959960938
168.9017791748047
133.5222625732422
167.04490661621094
165.97030639648438
148.0507354736328
141.95704650878906
167.92489624023438
152.8555450439453
112.29966735839844
156.75218200683594
124.89494323730469
169.1263427734375
151.04794311523438
122.78564453125
146.91551208496094
170.1408233642578
120.55339813232422
146.61512756347656
172.64083862304688
132.04644775390625
153.78228759765625
160.39547729492188
160.0295867919922
140.2810821533203
129.83770751953125
162.97988891601562
163.95372009277344
165.77865600585938
154.3417205810547
169.18118286132812
158.3667755126953
124.660888671875
152.33099365234375
167.8455352783203
163.80804443359375
168.363525390625
155.46490478515625
167.9566192626953
168.0335693359375
129.81304931640625
149.2471466064453
131.19833374023438
160.73379516601562
169.19058227539062
173.5994415283203
165.5963134765625
165.9694061279297
159.52188110351562
161.7213134765625
133.2212371826172
167.39939880371094
171.9441680908203
147.85150146484375
165.7149658203125
119.154296875
169.18812561035156
165.40097045898438
171.1289825439453
166.27342224121094
171.32615661621094
162.34571838378906
169.5242462158203
167.0808563232422
150.7035675048828
166.62582397460938
161.74398803710938
168.7471466064453
167.18067932128906
157.12249755859375
162.92807006835938
163.16090393066406
116.9593505859375
165.62680053710938
159.11376953125
148.31805419921875
168.81103515625
116.77107238769531
127.83645629882812
127.15243530273438
162.21302795410156
163.69900512695312
130.66061401367188
160.15377807617188
168.47947692871094
172.8415069580078
136.45303344726562
165.0028076171875
175.369873046875
151.0038604736328
159.82518005371094
169.97500610351562
149.58993530273438
164.77464294433594
176.575927734375
160.5951385498047
171.887939453125
157.81637573242188
127.80412292480469
174.3025665283203
162.35061645507812
171.30389404296875
165.8102264404297
174.08030700683594
170.83290100097656
131.659912109375
170.2609100341797
166.7927703857422
108.31888580322266
134.95712280273438
162.95018005371094
137.9134063720703
174.17381286621094
170.9922637939453
162.60702514648438
162.5108184814453
165.1358184814453
167.7362060546875
157.1072235107422
170.5586395263672
170.9915008544922
169.37355041503906
161.74957275390625
164.23585510253906
169.5834503173828
165.69406127929688
173.21932983398438
138.1651611328125
171.08265686035156
166.40699768066406
139.33544921875
175.98715209960938
163.7078094482422
135.39010620117188
138.36341857910156
164.40589904785156
163.75807189941406
173.65208435058594
170.1283416748047
167.392822265625
165.97650146484375
172.21473693847656
123.27351379394531
163.9169921875
135.98594665527344
148.967529296875
171.28402709960938
135.89537048339844
101.21482849121094
123.39088439941406
125.17440795898438
141.8011474609375
141.9276123046875
146.6685028076172
9.217303276062012
161.78390502929688
161.6790771484375
123.3948974609375
173.02117919921875
167.5130615234375
165.577880859375
169.97787475585938
170.15428161621094
163.6875762939453
166.62295532226562
162.084228515625
171.0124053955078
176.7866668701172
145.67515563964844
168.28993225097656
144.91253662109375
162.7894287109375
148.49325561523438
166.8992462158203
169.81716918945312
175.721923828125
172.0208740234375
172.7844696044922
164.65342712402344
175.46804809570312
167.4149627685547
161.52931213378906
158.5439910888672
7.286121368408203
168.68836975097656
172.4663848876953
168.4481964111328
170.80055236816406
175.2879638671875
137.37364196777344
151.55503845214844
169.31134033203125
111.31197357177734
151.2990264892578
157.520751953125
153.0751190185547
164.22161865234375
137.8302459716797
174.23312377929688
167.93287658691406
167.98452758789062
153.0339813232422
166.02706909179688
175.90264892578125
170.4859161376953
178.58660888671875
175.12655639648438
143.79429626464844
166.9624481201172
165.7888641357422
112.02655029296875
159.9881591796875
173.8306884765625
173.97068786621094
144.4137420654297
179.38829040527344
168.51864624023438
135.10438537597656
168.21604919433594
160.36184692382812
162.46359252929688
137.04495239257812
170.8577880859375
125.32040405273438
169.22938537597656
172.97232055664062
173.95169067382812
159.8706817626953
160.73272705078125
132.20835876464844
164.46987915039062
167.4251251220703
146.17544555664062
167.8494110107422
161.922607421875
124.39935302734375
155.79725646972656
176.3172607421875
166.87802124023438
171.28662109375
158.2444610595703
117.92240905761719
126.39541625976562
179.43704223632812
174.21121215820312
126.66966247558594
160.48684692382812
161.48388671875
135.54412841796875
172.05491638183594
169.9138641357422
143.23541259765625
157.39332580566406
103.14850616455078
177.5095672607422
128.56568908691406
174.99661254882812
166.8504180908203
168.09014892578125
174.79397583007812
150.83663940429688
129.66087341308594
171.7264404296875
169.18751525878906
136.5867156982422
154.14956665039062
144.5594024658203
10.081835746765137
132.24253845214844
171.21958923339844
133.40435791015625
177.89195251464844
160.7860870361328
168.3933563232422
170.5435028076172
175.21994018554688
177.96621704101562
122.53620910644531
173.32640075683594
160.6098175048828
172.9050750732422
172.7325897216797
167.05747985839844
160.62725830078125
128.05816650390625
137.08981323242188
98.3217544555664
168.5519256591797
164.30551147460938
173.7486572265625
169.03773498535156
159.15658569335938
173.82960510253906
173.41835021972656
124.82859802246094
153.24749755859375
176.84779357910156
154.9608154296875
171.39044189453125
173.53659057617188
168.81744384765625
168.13009643554688
147.86863708496094
155.0669708251953
142.44241333007812
180.07147216796875
137.1846923828125
165.28976440429688
119.26359558105469
166.03941345214844
180.9382781982422
161.44627380371094
124.55874633789062
174.8365936279297
159.91513061523438
174.31906127929688
175.1214141845703
135.5416717529297
171.03538513183594
168.98635864257812
170.32029724121094
169.22640991210938
172.09136962890625
174.94236755371094
169.24246215820312
169.51382446289062
175.0895538330078
167.25424194335938
178.5891876220703
165.22230529785156
127.69493103027344
121.4417495727539
171.93777465820312
134.35443115234375
176.37936401367188
143.30445861816406
129.48895263671875
170.69505310058594
165.43795776367188
133.8010711669922
142.9069061279297
170.32882690429688
143.2806396484375
152.7628631591797
138.1097412109375
140.3589324951172
170.8336639404297
169.71620178222656
160.79269409179688
164.77256774902344
144.5106201171875
177.43853759765625
140.50686645507812
171.86666870117188
172.00714111328125
149.55308532714844
161.3313446044922
169.5679931640625
172.5147247314453
155.99981689453125
170.38372802734375
173.09201049804688
122.41148376464844
170.23072814941406
134.74786376953125
169.39056396484375
168.17178344726562
165.0286102294922
170.26673889160156
173.78903198242188
176.12400817871094
176.47967529296875
168.44662475585938
117.81918334960938
166.04920959472656
167.164794921875
122.9971923828125
142.44094848632812
170.86700439453125
171.1490478515625
166.85821533203125
170.9017333984375
176.68788146972656
176.9121856689453
177.2724151611328
174.69384765625
161.7794189453125
133.92788696289062
155.59591674804688
168.24954223632812
166.86456298828125
160.76345825195312
172.2925567626953
172.44442749023438
165.16285705566406
134.49998474121094
169.45361328125
129.27169799804688
169.89794921875
133.80014038085938
169.9284210205078
124.91883850097656
157.53985595703125
119.25296783447266
163.40769958496094
176.5542755126953
171.92819213867188
168.38026428222656
152.70262145996094
177.3229522705078
169.7194366455078
154.46527099609375
174.1495819091797
126.17572021484375
164.58404541015625
137.4491424560547
173.1619110107422
130.01182556152344
127.2901611328125
170.31947326660156
168.45794677734375
171.60137939453125
130.38394165039062
162.90863037109375
170.98045349121094
127.58209228515625
47.1907958984375
163.09669494628906
120.34256744384766
123.92001342773438
131.64869689941406
128.64077758789062
139.18174743652344
135.6173095703125
163.9193115234375
171.86358642578125
132.938232421875
128.06272888183594
170.43148803710938
132.09320068359375
180.13951110839844
168.40142822265625
137.88864135742188
174.06515502929688
130.04554748535156
174.34738159179688
174.48919677734375
144.3696746826172
169.75543212890625
173.15615844726562
142.4209747314453
175.74546813964844
171.5476837158203
143.223388671875
170.672119140625
163.25604248046875
135.14361572265625
128.37730407714844
175.91798400878906
172.940185546875
164.76235961914062
173.339111328125
143.09967041015625
173.64219665527344
164.1562957763672
133.37693786621094
165.4390869140625
161.48745727539062
126.25239562988281
162.57513427734375
146.21890258789062
127.28955078125
124.21427917480469
169.23126220703125
149.89962768554688
139.76036071777344
130.9743194580078
154.49525451660156
173.6670379638672
159.05311584472656
125.78775024414062
172.57431030273438
160.47900390625
164.6402587890625
175.13551330566406
125.96147155761719
160.1815185546875
140.60116577148438
139.74017333984375
168.9977264404297
131.609375
178.92311096191406
166.26394653320312
153.4543914794922
122.82415008544922
127.83688354492188
174.60028076171875
162.3743896484375
165.05209350585938
129.44825744628906
178.84735107421875
130.927978515625
11.127418518066406
138.83041381835938
125.23823547363281
160.87510681152344
164.5029754638672
173.11248779296875
156.30604553222656
148.2623291015625
172.6291961669922
165.20668029785156
121.73329162597656
152.32557678222656
134.1819610595703
170.58132934570312
167.55421447753906
159.6370849609375
129.04510498046875
129.20960998535156
133.40432739257812
173.77162170410156
160.2177734375
72.38386535644531
170.23709106445312
125.2491455078125
6.660628318786621
10.0463228225708
166.40328979492188
178.30718994140625
161.64712524414062
153.38296508789062
129.53150939941406
162.8685760498047
9.776552200317383
146.81448364257812
138.68055725097656
169.14149475097656
171.23355102539062
144.4144744873047
133.6721954345703
171.6498260498047
159.5520782470703
167.05262756347656
140.8514404296875
175.59959411621094
130.0357666015625
173.73423767089844
132.57786560058594
183.2552490234375
132.7904815673828
131.01034545898438
175.44703674316406
68.28709411621094
166.12136840820312
132.5868682861328
173.34095764160156
172.1327667236328
131.81600952148438
140.03411865234375
157.76333618164062
175.66424560546875
135.68019104003906
136.61886596679688
175.81326293945312
133.4864959716797
165.28395080566406
174.2083282470703
139.1973876953125
177.0524444580078
89.73675537109375
150.72193908691406
174.05136108398438
175.92445373535156
140.71389770507812
154.61163330078125
136.81492614746094
175.37896728515625
173.24180603027344
149.00450134277344
171.2134246826172
167.6295928955078
129.76617431640625
171.05943298339844
170.1529083251953
180.5326385498047
175.12701416015625
117.20734405517578
155.63522338867188
168.96337890625
128.71849060058594
176.53762817382812
172.89146423339844
171.0240936279297
137.169677734375
135.6359405517578
142.3885498046875
172.1383514404297
176.8567352294922
157.43212890625
168.3370819091797
164.95175170898438
170.01937866210938
129.9803924560547
177.38803100585938
128.43414306640625
141.22714233398438
177.926513671875
126.11099243164062
177.5165252685547
175.62091064453125
166.57814025878906
133.90249633789062
155.97940063476562
166.47903442382812
135.9939422607422
165.78909301757812
8.41837215423584
171.2577667236328
174.0501708984375
160.44276428222656
7.820913314819336
131.93289184570312
153.35784912109375
171.66244506835938
178.41062927246094
83.49746704101562
166.334716796875
172.75885009765625
148.8543243408203
126.70526123046875
172.85498046875
169.49246215820312
165.14895629882812
166.09185791015625
9.84999942779541
166.22698974609375
145.0355682373047
178.93408203125
139.56533813476562
168.8813934326172
174.9880828857422
170.03549194335938
166.8095245361328
162.37864685058594
129.44296264648438
171.7255096435547
170.50367736816406
138.37652587890625
135.52015686035156
176.34793090820312
170.3777313232422
151.28855895996094
174.55908203125
177.56517028808594
174.6831817626953
126.14323425292969
173.99099731445312
170.8654022216797
127.93421936035156
173.54432678222656
150.98927307128906
164.84681701660156
177.21292114257812
167.35028076171875
176.24005126953125
140.68685913085938
123.06582641601562
133.9244384765625
174.31277465820312
173.7186737060547
173.70831298828125
173.98138427734375
142.5417022705078
145.165771484375
121.94269561767578
129.84434509277344
175.98228454589844
150.40277099609375
143.91665649414062
134.03236389160156
170.30313110351562
170.2021026611328
126.65603637695312
169.4915313720703
148.41847229003906
161.44712829589844
172.3665771484375
145.70034790039062
149.6519012451172
127.10676574707031
170.2035369873047
171.23507690429688
164.3499298095703
172.37953186035156
130.1709442138672
170.30746459960938
174.41256713867188
172.74566650390625
174.5985870361328
175.93235778808594
140.00047302246094
178.8245849609375
139.3875732421875
165.3472900390625
173.27249145507812
166.5303192138672
173.18789672851562
150.47012329101562
171.52687072753906
178.9901580810547
170.824951171875
127.43037414550781
160.7861328125
183.21607971191406
134.63072204589844
175.1678924560547
92.31743621826172
171.6991424560547
173.47447204589844
169.29559326171875
171.7161407470703
176.811767578125
176.52964782714844
179.30276489257812
176.3244171142578
161.4959716796875
167.74143981933594
131.35011291503906
166.08592224121094
171.3487091064453
127.06845092773438
136.96929931640625
178.00267028808594
169.44021606445312
149.57241821289062
167.98306274414062
136.2529296875
178.54908752441406
166.0872344970703
163.04052734375
177.08660888671875
141.6376495361328
145.71469116210938
171.64474487304688
158.02813720703125
179.5572967529297
176.69798278808594
145.38978576660156
172.58749389648438
174.58262634277344
174.04937744140625
176.36439514160156
174.2643280029297
179.02606201171875
125.41059875488281
8.988349914550781
131.6619873046875
135.27499389648438
175.60406494140625
169.3413543701172
143.36814880371094
173.3459930419922
178.1770782470703
125.60694885253906
119.14813995361328
178.71617126464844
168.79661560058594
176.74940490722656
175.22634887695312
176.06703186035156
134.68576049804688
139.85189819335938
143.41439819335938
129.39756774902344
179.32000732421875
168.82461547851562
145.1786346435547
163.8582305908203
141.09141540527344
140.63990783691406
179.5303192138672
176.5070343017578
173.52029418945312
142.9349822998047
172.5033416748047
137.6612548828125
170.96250915527344
175.0210723876953
166.0534210205078
91.81309509277344
143.10487365722656
134.528076171875
92.17588806152344
155.22061157226562
126.08732604980469
175.75753784179688
145.22988891601562
165.85887145996094
167.67124938964844
168.59426879882812
172.41653442382812
126.90966796875
172.98265075683594
172.5729217529297
140.9496612548828
166.1615447998047
155.65724182128906
170.22341918945312
174.3814239501953
155.02561950683594
177.16897583007812
168.98867797851562
136.0376434326172
169.7787628173828
125.38032531738281
132.0778045654297
127.5777587890625
163.49911499023438
95.43586730957031
167.09783935546875
174.77252197265625
123.30673217773438
173.6844482421875
153.32357788085938
143.94090270996094
175.09515380859375
127.14169311523438
175.0413360595703
140.340576171875
132.86575317382812
141.53256225585938
125.31459045410156
158.68466186523438
172.46339416503906
124.29446411132812
174.1630859375
181.4736785888672
152.34561157226562
132.66995239257812
168.2757110595703
169.77256774902344
128.4215850830078
130.4031524658203
177.94244384765625
167.0055694580078
130.72076416015625
135.2909698486328
175.931396484375
161.77662658691406
125.21110534667969
173.85459899902344
172.77133178710938
122.65174865722656
129.8767852783203
165.3862762451172
173.12255859375
131.00196838378906
128.09771728515625
126.98890686035156
131.47665405273438
136.6648712158203
129.8190155029297
166.5209503173828
130.2095184326172
173.0247802734375
182.32150268554688
175.18673706054688
165.85650634765625
176.52920532226562
180.3441162109375
170.02760314941406
163.48681640625
124.58740234375
126.34771728515625
131.18185424804688
173.5170440673828
155.87640380859375
124.13397216796875
178.83108520507812
181.10353088378906
118.29808807373047
129.49557495117188
143.5524139404297
126.34170532226562
156.94540405273438
168.29043579101562
175.3889617919922
175.68487548828125
160.98147583007812
169.7498321533203
170.24644470214844
72.85417175292969
170.1448974609375
127.82331848144531
124.17095947265625
169.84498596191406
89.06039428710938
166.92308044433594
122.9225845336914
159.295166015625
107.79608917236328
176.8549041748047
129.9576873779297
121.405029296875
132.37664794921875
157.41653442382812
125.95704650878906
154.6733856201172
166.30416870117188
174.3111114501953
115.17615509033203
175.2391815185547
149.54808044433594
153.724609375
130.56524658203125
176.15196228027344
176.93124389648438
125.96270751953125
131.0936279296875
130.80218505859375
168.98194885253906
134.0794219970703
161.7189178466797
156.4960479736328
148.79237365722656
175.75083923339844
130.38156127929688
172.27005004882812
170.94717407226562
134.76576232910156
169.40243530273438
172.57675170898438
164.17568969726562
175.3730926513672
115.95448303222656
166.4470977783203
134.80433654785156
124.18878173828125
173.4684600830078
178.06884765625
146.12049865722656
160.95144653320312
149.33103942871094
160.3797607421875
163.5670166015625
140.77883911132812
128.56988525390625
159.7239227294922
125.81040954589844
178.68040466308594
132.49143981933594
177.67562866210938
105.12242889404297
168.77687072753906
177.46543884277344
130.80657958984375
167.2583770751953
128.2763214111328
129.2605438232422
176.06149291992188
119.45201873779297
173.31887817382812
180.15855407714844
171.33433532714844
126.44029235839844
137.8701934814453
127.47219848632812
177.03680419921875
170.46954345703125
152.34774780273438
165.0362091064453
144.51104736328125
133.29779052734375
174.4301300048828
169.2598419189453
179.27197265625
156.62586975097656
52.491188049316406
180.00457763671875
128.81895446777344
179.82005310058594
123.38377380371094
147.3333282470703
176.51646423339844
170.68287658691406
130.29989624023438
177.260009765625
175.59970092773438
173.3064422607422
122.76231384277344
116.86494445800781
153.61416625976562
171.29942321777344
131.91226196289062
148.35494995117188
159.20401000976562
120.43059539794922
161.41087341308594
144.418701171875
124.85171508789062
170.55117797851562
162.498779296875
168.16445922851562
157.43385314941406
160.2617950439453
175.80908203125
164.20480346679688
169.0254364013672
176.96226501464844
171.4088592529297
168.14398193359375
176.40081787109375
160.05361938476562
152.34535217285156
172.45736694335938
169.3121337890625
142.91778564453125
161.84259033203125
130.73435974121094
89.03270721435547
158.26742553710938
175.54595947265625
166.7464599609375
167.30758666992188
129.30593872070312
61.56938934326172
162.69891357421875
144.56654357910156
160.19419860839844
165.45164489746094
171.3950653076172
125.83599853515625
167.30601501464844
123.18385314941406
163.32237243652344
138.89939880371094
172.1033477783203
174.40223693847656
139.91629028320312
170.3686065673828
176.19898986816406
170.0725555419922
131.07223510742188
132.46212768554688
120.2398910522461
164.61532592773438
144.83668518066406
166.18658447265625
163.94505310058594
160.32701110839844
121.00455474853516
121.7994613647461
119.10917663574219
136.48846435546875
167.74600219726562
165.98963928222656
160.16001892089844
133.9837188720703
156.62977600097656
96.71150207519531
167.0794677734375
128.47311401367188
169.39715576171875
171.0989990234375
134.70115661621094
132.92498779296875
162.5304718017578
148.6013641357422
125.56027221679688
165.1040802001953
168.89047241210938
132.0083770751953
156.72329711914062
159.8785858154297
172.74232482910156
130.7886962890625
162.1381072998047
125.12985229492188
174.10096740722656
151.0644073486328
146.7874755859375
126.28207397460938
172.0207061767578
141.84385681152344
175.59912109375
146.31263732910156
164.5576934814453
157.30319213867188
125.98362731933594
117.17518615722656
137.9159393310547
136.97744750976562
146.83872985839844
161.77374267578125
169.05128479003906
161.00758361816406
120.71418762207031
170.90174865722656
133.13241577148438
168.41986083984375
121.74870300292969
173.59280395507812
157.46331787109375
132.90576171875
142.16529846191406
165.45364379882812
175.5988311767578
177.98431396484375
169.95492553710938
175.4425506591797
175.8710479736328
164.13194274902344
123.6068115234375
126.2418212890625
169.72036743164062
118.17119598388672
174.65707397460938
179.7003173828125
173.7864532470703
175.75003051757812
168.68289184570312
169.78900146484375
147.84298706054688
132.29322814941406
143.87225341796875
123.78985595703125
174.07066345214844
168.1795196533203
124.67527770996094
165.50262451171875
167.74798583984375
155.3557891845703
124.72222900390625
124.81901550292969
167.11830139160156
147.2955780029297
131.24459838867188
164.41217041015625
62.96295166015625
170.87060546875
168.46607971191406
167.42605590820312
160.42562866210938
109.54135131835938
129.24798583984375
169.67193603515625
127.08999633789062
174.53668212890625
143.58355712890625
176.84634399414062
175.92306518554688
145.02581787109375
169.67529296875
175.9264373779297
173.70053100585938
174.16029357910156
125.33036804199219
127.18275451660156
129.0671844482422
166.75540161132812
155.8143768310547
144.97093200683594
168.54598999023438
119.7977066040039
142.34181213378906
166.74935913085938
167.18418884277344
169.30946350097656
166.2730255126953
162.3258056640625
171.21615600585938
173.9657440185547
130.16786193847656
172.95535278320312
130.67921447753906
171.80776977539062
165.927734375
168.67379760742188
176.6707000732422
101.2033920288086
163.98269653320312
150.306396484375
165.6204071044922
161.18521118164062
88.1962890625
77.06664276123047
164.02098083496094
160.42684936523438
126.90019226074219
131.8282012939453
113.62901306152344
164.87155151367188
184.08084106445312
177.50582885742188
134.67123413085938
128.0389862060547
128.9744415283203
128.85353088378906
173.95675659179688
165.00198364257812
164.28146362304688
175.63101196289062
118.8888931274414
171.42361450195312
166.27198791503906
162.0251007080078
127.24510192871094
163.40350341796875
89.62779235839844
173.7699737548828
123.58164978027344
126.56085205078125
167.3592987060547
125.93486022949219
115.19979858398438
172.63722229003906
72.48674011230469
119.78516387939453
108.30241394042969
126.79270935058594
62.66572570800781
127.26268005371094
172.76759338378906
175.27162170410156
174.1859893798828
146.1073760986328
152.39918518066406
125.49282836914062
164.0149383544922
167.1609649658203
124.02601623535156
159.5130157470703
172.28472900390625
167.15435791015625
83.13855743408203
169.47421264648438
119.7231674194336
140.8363800048828
157.81349182128906
124.15682983398438
164.91558837890625
161.1102294921875
162.61878967285156
160.40184020996094
167.57461547851562
165.55807495117188
137.0769805908203
152.38661193847656
157.62051391601562
115.96782684326172
87.79444885253906
170.52767944335938
169.7745361328125
125.97247314453125
134.05137634277344
143.797119140625
146.78756713867188
167.09640502929688
126.94813537597656
137.9766845703125
91.50940704345703
167.1709747314453
123.76715087890625
159.94747924804688
158.04290771484375
158.48428344726562
130.58717346191406
176.1164093017578
121.76394653320312
136.91433715820312
167.79574584960938
133.88134765625
159.23025512695312
125.96212768554688
154.33409118652344
170.1387939453125
115.71398162841797
173.89886474609375
132.40855407714844
174.73074340820312
126.94248962402344
130.6175079345703
172.62124633789062
116.02216339111328
162.4593963623047
139.29702758789062
165.35694885253906
151.2351837158203
166.3917999267578
119.97868347167969
166.0388946533203
121.70765686035156
116.09461975097656
81.29338836669922
133.9586639404297
153.96961975097656
116.94526672363281
165.84791564941406
167.8215789794922
57.657379150390625
108.77164459228516
94.78324890136719
169.2469024658203
171.97042846679688
150.65576171875
167.5493621826172
141.496337890625
121.22725677490234
137.89596557617188
114.84209442138672
157.87171936035156
148.340576171875
171.19888305664062
164.59698486328125
146.760986328125
138.3142852783203
168.04441833496094
162.51768493652344
156.9609375
139.43887329101562
140.60731506347656
158.1868133544922
167.90142822265625
160.76034545898438
162.5392608642578
162.76730346679688
157.7261199951172
123.92568969726562
169.3515167236328
147.11524963378906
173.15371704101562
163.96975708007812
105.76912689208984
161.77748107910156
165.7689971923828
110.9652099609375
159.08004760742188
165.042236328125
162.07225036621094
159.86639404296875
173.05984497070312
112.15293884277344
123.08834838867188
167.32537841796875
153.55532836914062
171.41046142578125
172.84405517578125
164.34214782714844
148.9453887939453
167.72117614746094
122.24707794189453
157.67926025390625
170.88140869140625
172.4442596435547
168.3367156982422
140.51925659179688
169.27261352539062
167.81817626953125
155.95556640625
121.67118835449219
161.5684356689453
167.259521484375
170.28504943847656
111.43655395507812
167.70094299316406
166.6349334716797
119.14665222167969
150.62034606933594
167.954345703125
167.84864807128906
168.34991455078125
160.7261505126953
165.09442138671875
122.4969253540039
169.43370056152344
170.2735137939453
170.70355224609375
95.35847473144531
162.1265869140625
145.836669921875
162.4884796142578
150.99737548828125
123.79374694824219
126.76570129394531
162.8659210205078
174.09820556640625
166.02281188964844
141.3402557373047
152.20887756347656
141.3061065673828
166.16722106933594
124.56620788574219
54.107666015625
164.63255310058594
167.6891632080078
173.58453369140625
100.40174102783203
140.04177856445312
116.70584106445312
159.14930725097656
160.3604278564453
173.5973663330078
171.1103515625
180.38186645507812
157.40481567382812
163.1535186767578
160.99659729003906
141.4033966064453
112.5639877319336
167.45680236816406
165.87718200683594
165.62298583984375
164.26954650878906
170.0653076171875
112.61347961425781
165.6547088623047
116.10319519042969
160.43447875976562
172.26678466796875
157.91156005859375
116.46820068359375
174.58877563476562
159.4916229248047
166.13514709472656
167.7869873046875
157.99090576171875
124.30496215820312
156.0064239501953
161.82122802734375
178.2387237548828
132.33975219726562
153.33815002441406
152.42103576660156
155.9005584716797
162.57432556152344
173.72462463378906
114.4846420288086
165.22203063964844
165.06161499023438
162.05809020996094
163.59144592285156
165.8583984375
123.24269104003906
167.4322509765625
136.9360809326172
166.14480590820312
159.03282165527344
122.06082153320312
153.5290985107422
100.18265533447266
176.5708770751953
171.13497924804688
161.94485473632812
162.4287872314453
121.74042510986328
142.895751953125
169.66677856445312
172.86703491210938
150.9361114501953
127.19375610351562
166.9625244140625
138.4402618408203
121.83106994628906
169.28977966308594
82.00167083740234
158.48280334472656
74.4454574584961
67.38500213623047
171.3459930419922
168.64256286621094
158.7064666748047
119.38787078857422
166.5146484375
135.94491577148438
163.15150451660156
77.06266784667969
167.8758544921875
120.79374694824219
154.0060272216797
157.0274658203125
166.0973358154297
159.1111602783203
147.02816772460938
162.2503204345703
178.6361083984375
169.24559020996094
171.22662353515625
125.20640563964844
167.47438049316406
54.46372604370117
125.70674133300781
134.84226989746094
174.06044006347656
126.44732666015625
118.86302947998047
173.89346313476562
145.00540161132812
138.0579833984375
144.893798828125
158.06094360351562
165.36483764648438
167.41998291015625
166.72889709472656
129.7872314453125
172.9537353515625
139.29168701171875
165.70846557617188
141.3435821533203
169.05479431152344
166.04420471191406
136.28961181640625
165.92259216308594
156.78941345214844
167.9003448486328
177.55154418945312
159.4898681640625
131.51829528808594
142.74085998535156
167.97213745117188
170.84266662597656
115.79537963867188
163.74063110351562
138.22488403320312
147.98342895507812
155.60382080078125
122.88996124267578
122.76367950439453
156.3107452392578
118.99748229980469
172.5357666015625
169.15585327148438
160.1989288330078
139.53160095214844
171.0016632080078
170.52960205078125
170.7599334716797
166.15225219726562
125.39390563964844
165.84341430664062
140.5037078857422
151.9330596923828
166.3607635498047
162.99749755859375
155.9305877685547
159.38038635253906
164.8306427001953
172.57513427734375
98.40486907958984
148.78456115722656
135.12335205078125
146.3789520263672
169.954833984375
124.40499877929688
52.476192474365234
164.7847137451172
168.02862548828125
124.95664978027344
157.1295623779297
165.13145446777344
148.1902313232422
110.37356567382812
162.44400024414062
171.12132263183594
136.44802856445312
116.54936981201172
150.8435821533203
92.53518676757812
130.5730743408203
141.5484619140625
113.9342269897461
163.6095733642578
173.32388305664062
159.38372802734375
172.1072235107422
138.99842834472656
122.85813903808594
170.66973876953125
166.77145385742188
172.2522430419922
173.9194793701172
49.692710876464844
161.97891235351562
138.7815704345703
169.5384521484375
127.09353637695312
163.90106201171875
172.58668518066406
166.6167449951172
172.94471740722656
165.28981018066406
167.90472412109375
163.61654663085938
172.2145233154297
172.34521484375
168.1109619140625
168.42893981933594
164.0785369873047
139.02432250976562
122.90980529785156
167.58258056640625
136.42449951171875
117.31981658935547
163.65841674804688
168.25228881835938
159.40895080566406
138.164794921875
166.4500732421875
141.91517639160156
102.95887756347656
169.70223999023438
166.65196228027344
174.1482696533203
123.53666687011719
169.86190795898438
162.70115661621094
167.1257781982422
174.23553466796875
156.9904327392578
121.31122589111328
163.962646484375
177.01437377929688
169.38877868652344
175.2911376953125
170.65396118164062
175.27239990234375
169.81063842773438
140.45379638671875
173.38925170898438
164.27252197265625
172.02496337890625
77.3402328491211
126.7374267578125
169.20748901367188
171.93490600585938
124.67318725585938
180.95399475097656
165.23495483398438
164.12489318847656
161.50027465820312
122.41079711914062
96.72831726074219
117.57510375976562
172.5628662109375
169.27764892578125
163.5421905517578
165.92149353027344
167.65953063964844
172.3038787841797
173.53225708007812
153.51834106445312
169.7502899169922
168.90562438964844
175.24851989746094
172.9251708984375
167.0455322265625
170.13490295410156
171.53948974609375
169.0540771484375
174.55349731445312
168.84725952148438
174.66390991210938
162.69708251953125
160.2797088623047
117.96729278564453
161.44595336914062
160.0636444091797
167.1945037841797
174.39764404296875
151.9051971435547
164.06613159179688
84.47488403320312
166.66746520996094
174.82823181152344
61.408592224121094
165.84107971191406
173.61529541015625
157.9710235595703
177.052001953125
158.594482421875
171.23631286621094
138.66368103027344
149.07830810546875
122.69176483154297
169.81874084472656
168.47825622558594
72.11666107177734
172.27621459960938
170.367919921875
160.04722595214844
125.69781494140625
164.808349609375
138.86363220214844
122.38046264648438
166.093017578125
167.58255004882812
127.08071899414062
167.59048461914062
156.28074645996094
162.54727172851562
121.1413345336914
167.26206970214844
163.20729064941406
127.87631225585938
169.29193115234375
114.95228576660156
170.4600067138672
165.2168731689453
166.6903839111328
159.51779174804688
165.0528106689453
173.566650390625
171.22772216796875
164.1334228515625
164.74232482910156
163.91029357910156
160.4073944091797
112.79725646972656
174.49044799804688
168.9479522705078
166.20819091796875
138.138427734375
163.87232971191406
117.66928100585938
126.80198669433594
167.7870330810547
172.38877868652344
130.66390991210938
174.60499572753906
124.26234436035156
163.7432861328125
162.375
164.5271453857422
176.97450256347656
160.65524291992188
173.5975341796875
170.7744140625
176.75430297851562
170.95458984375
167.26953125
170.5045623779297
66.08152770996094
157.28785705566406
50.6513786315918
158.8664093017578
170.4187774658203
124.61088562011719
113.33413696289062
145.31753540039062
171.0015869140625
144.89414978027344
162.44039916992188
168.1807403564453
164.55130004882812
176.35150146484375
167.89736938476562
167.920166015625
165.99436950683594
98.3114242553711
125.31484985351562
167.78369140625
122.05620574951172
154.93597412109375
173.47105407714844
159.42694091796875
172.75416564941406
168.2200469970703
120.03119659423828
166.5194854736328
155.84400939941406
160.34576416015625
171.9544677734375
166.96104431152344
170.19195556640625
131.61886596679688
129.1033172607422
172.65658569335938
163.79705810546875
167.07276916503906
164.6444549560547
161.6382293701172
110.57870483398438
86.75243377685547
150.78497314453125
128.0226287841797
173.20407104492188
107.46116638183594
169.96124267578125
158.6771697998047
172.13064575195312
177.0560302734375
161.57801818847656
122.72518157958984
175.2138671875
99.20230102539062
166.03839111328125
172.79429626464844
131.8578338623047
152.46763610839844
167.785400390625
120.22228240966797
166.31678771972656
121.1646957397461
169.85020446777344
152.81398010253906
169.30441284179688
171.0014190673828
164.17005920410156
164.04820251464844
173.09461975097656
169.05889892578125
167.3323211669922
166.31179809570312
153.79251098632812
168.1725311279297
169.60794067382812
162.38490295410156
91.94437408447266
167.58056640625
168.7365264892578
150.53842163085938
87.70054626464844
164.11865234375
173.44911193847656
125.4273681640625
104.4295654296875
143.2163543701172
154.3754425048828
171.1210479736328
171.6011962890625
175.2019805908203
172.81759643554688
167.52760314941406
167.0769500732422
118.61515808105469
127.15922546386719
126.45620727539062
129.68258666992188
124.27993774414062
160.76626586914062
165.12196350097656
174.28836059570312
164.0598907470703
166.24215698242188
173.72450256347656
173.33705139160156
176.19186401367188
159.64405822753906
175.70654296875
157.3861541748047
175.39031982421875
159.7997283935547
170.03097534179688
156.79534912109375
164.7996826171875
125.65898132324219
173.26626586914062
174.354736328125
168.47039794921875
132.44891357421875
163.4400177001953
172.3955078125
170.59169006347656
116.20209503173828
121.25801086425781
106.26250457763672
176.4934539794922
165.00843811035156
115.10517120361328
171.66575622558594
167.04623413085938
59.083229064941406
171.93081665039062
166.36456298828125
160.19374084472656
139.94110107421875
128.79458618164062
161.31117248535156
170.69317626953125
125.00213623046875
173.29684448242188
168.7307891845703
166.96397399902344
146.39364624023438
175.1605987548828
165.70498657226562
170.95947265625
170.029296875
178.08126831054688
102.68280029296875
121.72163391113281
170.6124267578125
172.47293090820312
159.3103790283203
167.99249267578125
153.3585662841797
168.39682006835938
165.1431427001953
122.38262176513672
166.55538940429688
175.3403778076172
171.66604614257812
162.821044921875
125.6285400390625
173.90135192871094
155.976806640625
171.25009155273438
158.1899871826172
158.29612731933594
119.44763946533203
170.04217529296875
124.34269714355469
165.18585205078125
156.58909606933594
122.08429718017578
173.6219024658203
166.1973114013672
176.026123046875
127.41253662109375
152.26548767089844
175.449951171875
169.6400604248047
117.84855651855469
170.33111572265625
175.19654846191406
167.4777374267578
172.39866638183594
170.68519592285156
172.38970947265625
174.8120880126953
129.3724365234375
147.18399047851562
171.10816955566406
98.60713958740234
111.45244598388672
171.77452087402344
171.23443603515625
58.50507354736328
176.85708618164062
165.53485107421875
164.89395141601562
168.6696319580078
169.51109313964844
57.902183532714844
171.62210083007812
175.5535888671875
124.293212890625
114.3911361694336
172.32321166992188
160.53871154785156
176.82583618164062
180.52294921875
169.08424377441406
161.14373779296875
169.35330200195312
59.5733642578125
126.66535949707031
127.87132263183594
167.87954711914062
154.73841857910156
169.47665405273438
169.68569946289062
173.9875030517578
169.44032287597656
165.8720703125
63.73423767089844
164.60069274902344
122.41193389892578
177.00450134277344
172.80531311035156
134.05067443847656
181.1305694580078
129.5997772216797
140.7741241455078
171.98995971679688
168.41453552246094
172.1584930419922
176.85348510742188
175.97195434570312
167.1186065673828
166.51409912109375
116.04010009765625
165.15060424804688
167.18978881835938
169.75436401367188
165.37017822265625
170.19837951660156
168.75914001464844
154.17112731933594
164.8397979736328
170.4125518798828
86.97172546386719
166.68003845214844
171.6385040283203
178.2461395263672
180.1099090576172
166.03819274902344
122.8743896484375
169.8922882080078
129.70120239257812
171.8784637451172
180.2833709716797
172.34878540039062
158.0923309326172
173.02316284179688
172.0616912841797
168.45509338378906
171.2342071533203
173.20297241210938
74.88508605957031
155.46258544921875
172.8704833984375
138.3058624267578
123.04685974121094
170.44906616210938
165.39596557617188
177.7263641357422
158.6160430908203
155.69830322265625
175.69017028808594
129.82876586914062
170.35585021972656
169.42098999023438
165.85606384277344
165.22512817382812
123.27713012695312
154.07814025878906
158.31689453125
174.8671417236328
167.73239135742188
168.80836486816406
172.77076721191406
173.1562042236328
165.7359161376953
164.6887664794922
126.92886352539062
158.72579956054688
167.73085021972656
178.62213134765625
175.1659393310547
167.13905334472656
129.37612915039062
149.6039276123047
169.28933715820312
139.6224822998047
123.2646484375
171.57675170898438
163.37513732910156
173.7913360595703
175.14048767089844
167.32054138183594
171.74383544921875
171.58462524414062
117.85445404052734
154.4522247314453
168.7693328857422
174.70065307617188
164.80859375
161.8028564453125
173.76715087890625
165.66510009765625
158.86764526367188
154.2876434326172
164.86915588378906
175.17843627929688
164.65147399902344
166.55136108398438
175.00628662109375
171.81700134277344
169.9611053466797
180.8090057373047
164.6824188232422
167.7264404296875
171.8440704345703
179.38623046875
170.25680541992188
78.35587310791016
164.38314819335938
163.14564514160156
171.38304138183594
165.84652709960938
163.63131713867188
155.76210021972656
141.25352478027344
166.63491821289062
172.98008728027344
170.97076416015625
122.84829711914062
167.30917358398438
164.72352600097656
169.1472930908203
172.21998596191406
170.23831176757812
55.27199935913086
174.263916015625
167.8002166748047
161.0660400390625
164.10125732421875
175.0247039794922
171.60498046875
176.17466735839844
172.88314819335938
125.78480529785156
124.71720886230469
158.3353729248047
142.6007843017578
171.15945434570312
169.89764404296875
176.99600219726562
161.9996795654297
178.23516845703125
172.7819366455078
175.4564666748047
171.12034606933594
169.96827697753906
103.63688659667969
115.667236328125
124.11442565917969
177.88804626464844
168.40846252441406
174.28271484375
135.58413696289062
175.08177185058594
129.54046630859375
173.24180603027344
100.64136505126953
161.62974548339844
172.2032470703125
163.11184692382812
177.69378662109375
175.27658081054688
165.95050048828125
163.10134887695312
137.2626495361328
181.33038330078125
169.3975372314453
177.70120239257812
171.27830505371094
167.9901580810547
164.67095947265625
181.076904296875
173.39199829101562
169.384765625
162.7357635498047
56.2281494140625
171.0996856689453
175.61856079101562
174.1912841796875
168.55657958984375
174.98704528808594
178.78948974609375
173.28659057617188
150.1454315185547
149.97406005859375
168.31674194335938
166.40213012695312
105.12617492675781
161.91712951660156
100.16632080078125
175.1498565673828
177.64356994628906
171.6565399169922
170.62225341796875
167.75140380859375
158.59608459472656
140.40737915039062
172.4497833251953
174.60507202148438
170.70611572265625
128.47300720214844
168.8636932373047
160.63999938964844
172.87750244140625
69.92288970947266
164.97775268554688
167.9755859375
164.21987915039062
168.4514923095703
127.88157653808594
172.8100128173828
174.0746307373047
62.155235290527344
165.6414031982422
167.84683227539062
119.3584213256836
174.88375854492188
123.04530334472656
169.90895080566406
166.10955810546875
166.25411987304688
167.30349731445312
157.46522521972656
174.6078338623047
168.33322143554688
167.52618408203125
177.29776000976562
119.75450134277344
168.8790740966797
118.0007553100586
129.20074462890625
177.16151428222656
166.5370635986328
172.47544860839844
162.74803161621094
164.9135284423828
165.40757751464844
174.77120971679688
173.2982177734375
158.22239685058594
176.10484313964844
171.71893310546875
180.7444610595703
170.5243377685547
174.4417266845703
162.45889282226562
168.96273803710938
157.15773010253906
130.2550048828125
99.40719604492188
177.013916015625
139.65757751464844
142.53289794921875
127.46107482910156
169.77842712402344
176.14926147460938
171.13119506835938
174.256103515625
170.2548370361328
172.2957305908203
67.45355224609375
166.69264221191406
65.15105438232422
182.73709106445312
168.92788696289062
121.4883804321289
171.21807861328125
159.441650390625
68.02845764160156
123.22726440429688
180.5169219970703
156.7633514404297
162.35739135742188
165.25437927246094
171.27565002441406
176.71212768554688
167.88693237304688
83.29541778564453
159.95205688476562
170.5679931640625
159.93170166015625
176.60899353027344
168.47286987304688
168.5977325439453
167.4890594482422
146.887939453125
161.52987670898438
159.01832580566406
167.69143676757812
169.34390258789062
122.65116119384766
165.5939483642578
179.0536651611328
150.81402587890625
163.81338500976562
125.03886413574219
162.15093994140625
133.93743896484375
181.6445770263672
163.2775115966797
118.38834381103516
170.0595703125
158.95751953125
176.68833923339844
178.34930419921875
179.935546875
170.75950622558594
160.58505249023438
167.2462921142578
175.661376953125
175.0963897705078
160.95098876953125
168.8470916748047
171.58935546875
175.49948120117188
167.20538330078125
165.44056701660156
176.97830200195312
174.92086791992188
84.68341064453125
104.77949523925781
164.516845703125
172.4630126953125
169.17723083496094
146.6294708251953
176.34182739257812
175.33944702148438
173.75247192382812
170.52835083007812
184.0859832763672
172.62159729003906
172.2607421875
178.50430297851562
78.34033203125
174.91624450683594
175.09645080566406
176.24856567382812
81.576416015625
174.14175415039062
170.2085723876953
174.45904541015625
181.45169067382812
125.0653076171875
178.04354858398438
178.08389282226562
172.84852600097656
164.1639862060547
172.53286743164062
163.39675903320312
180.24656677246094
174.3958740234375
172.49172973632812
178.62899780273438
170.34771728515625
165.6191864013672
175.2618408203125
73.22190856933594
179.0856170654297
178.65667724609375
163.16099548339844
178.37867736816406
165.9030303955078
173.51239013671875
173.92822265625
125.22122192382812
170.31874084472656
169.7294464111328
178.8820037841797
99.0057144165039
176.15603637695312
177.58287048339844
176.64984130859375
179.3779296875
175.66371154785156
173.66455078125
174.74365234375
176.373291015625
165.47869873046875
180.71250915527344
170.2705078125
175.04200744628906
174.90585327148438
178.97235107421875
133.84605407714844
168.1885528564453
171.6262969970703
132.98912048339844
176.1720733642578
172.26881408691406
168.0142822265625
177.529296875
181.35153198242188
175.93917846679688
179.23199462890625
178.1109619140625
123.7291259765625
126.67710876464844
182.84097290039062
177.29701232910156
127.76063537597656
181.71070861816406
142.44068908691406
177.42066955566406
178.67254638671875
173.40957641601562
172.41526794433594
174.3348388671875
172.5007781982422
180.1721954345703
179.27220153808594
172.22576904296875
175.39918518066406
186.3103485107422
173.0201873779297
180.3242645263672
177.88613891601562
126.83882141113281
128.00416564941406
175.8505096435547
124.24774169921875
166.27017211914062
181.58607482910156
132.12232971191406
162.1113739013672
175.2249298095703
123.09513854980469
181.9277801513672
127.43110656738281
167.43563842773438
174.84414672851562
123.83447265625
176.62950134277344
182.705810546875
126.68980407714844
179.12486267089844
173.28648376464844
172.40267944335938
174.97039794921875
165.47738647460938
171.97007751464844
131.48785400390625
174.6591339111328
131.1954803466797
171.18130493164062
164.36329650878906
177.8761749267578
176.23133850097656
174.76611328125
175.77317810058594
126.79025268554688
167.57949829101562
174.9098663330078
170.7520294189453
98.85047149658203
151.73146057128906
107.67743682861328
134.68898010253906
128.41505432128906
123.70816040039062
176.15447998046875
156.67611694335938
174.5425262451172
168.64901733398438
124.06326293945312
169.93936157226562
172.97418212890625
127.32354736328125
173.78099060058594
176.34925842285156
164.49118041992188
168.26661682128906
171.7306365966797
176.77745056152344
179.1833038330078
158.49330139160156
181.67141723632812
175.49288940429688
178.74900817871094
175.3548126220703
182.05674743652344
174.18704223632812
175.72531127929688
178.03567504882812
128.23336791992188
180.24224853515625
123.06063842773438
124.68130493164062
170.21145629882812
164.34002685546875
177.71652221679688
161.99710083007812
122.78604888916016
162.5756072998047
172.65670776367188
175.83441162109375
128.64723205566406
176.69749450683594
184.03099060058594
178.06280517578125
122.77310943603516
170.55136108398438
176.6063690185547
118.23358154296875
168.50375366210938
174.02587890625
171.547607421875
126.74757385253906
179.89810180664062
109.70294189453125
125.99993896484375
170.9161376953125
113.46015930175781
170.23867797851562
182.0400848388672
183.2706756591797
175.76478576660156
126.53855895996094
175.11428833007812
167.7368927001953
164.05426025390625
169.50558471679688
173.030029296875
125.96043395996094
64.29617309570312
172.8453826904297
158.16920471191406
170.0770721435547
163.7565155029297
177.23165893554688
176.7967071533203
177.68983459472656
116.43167114257812
171.85848999023438
171.89012145996094
175.4268798828125
123.89224243164062
126.23458862304688
133.06402587890625
172.94711303710938
180.12075805664062
155.85818481445312
171.83265686035156
179.25717163085938
174.4268798828125
157.94332885742188
165.69970703125
158.93060302734375
180.54586791992188
126.68211364746094
169.61099243164062
175.7929229736328
123.87469482421875
169.3730926513672
178.41929626464844
125.86318969726562
127.06007385253906
176.2587432861328
163.22164916992188
178.0855712890625
126.69486999511719
129.58705139160156
173.68890380859375
167.7834014892578
173.3046417236328
176.85813903808594
174.8480682373047
159.96588134765625
171.90084838867188
180.42283630371094
127.3814697265625
178.44552612304688
174.52398681640625
179.09182739257812
180.27537536621094
177.44512939453125
125.89619445800781
173.4452667236328
172.46389770507812
122.57862854003906
173.18359375
179.89231872558594
176.2141571044922
173.0291748046875
177.0210723876953
171.36245727539062
161.8875732421875
128.43797302246094
165.92506408691406
173.70166015625
176.7662811279297
155.7664794921875
160.9779815673828
179.00917053222656
178.1396484375
154.1798553466797
181.8099822998047
121.38099670410156
172.70632934570312
126.26614379882812
180.100341796875
162.6820068359375
179.8797607421875
165.86293029785156
177.49029541015625
178.53421020507812
173.3515167236328
163.72813415527344
180.75213623046875
125.02703857421875
166.6005859375
127.02906799316406
145.97511291503906
177.9182586669922
173.9127197265625
169.48068237304688
179.57212829589844
162.86740112304688
174.98553466796875
177.83102416992188
123.64463806152344
172.199462890625
176.7980499267578
162.3450164794922
172.0901641845703
123.34371948242188
130.1387939453125
169.07691955566406
100.67807006835938
173.18157958984375
160.31805419921875
127.7388916015625
172.91897583007812
172.68902587890625
173.0728759765625
172.9197540283203
113.9015121459961
173.23117065429688
176.1246337890625
130.46168518066406
165.62330627441406
164.8357696533203
183.69715881347656
128.6882781982422
164.8314666748047
120.46416473388672
176.66644287109375
101.33077239990234
177.95126342773438
176.70889282226562
174.1540069580078
157.33189392089844
178.77789306640625
169.7387237548828
169.2845001220703
171.76773071289062
124.40853881835938
132.34552001953125
175.2942657470703
122.56172180175781
179.6901092529297
170.51168823242188
176.54441833496094
169.30618286132812
117.6764907836914
185.55987548828125
173.56369018554688
181.1419219970703
170.15093994140625
174.80813598632812
160.3889923095703
171.3841094970703
112.57849884033203
177.84405517578125
125.72201538085938
128.9671630859375
177.5208740234375
156.54800415039062
130.45681762695312
171.56173706054688
173.30303955078125
175.51144409179688
180.8987579345703
174.6930694580078
130.55645751953125
170.0017547607422
168.6228790283203
119.95233154296875
129.95657348632812
165.30567932128906
162.9835968017578
121.7739486694336
169.90863037109375
127.2001953125
125.15791320800781
170.98155212402344
172.20156860351562
171.30577087402344
127.07209777832031
175.16519165039062
128.97117614746094
173.81724548339844
173.42929077148438
125.60430908203125
131.85757446289062
173.7509307861328
78.07345581054688
171.2814178466797
174.0318145751953
129.06056213378906
166.54769897460938
91.74551391601562
171.60263061523438
125.41191101074219
170.83375549316406
167.3022003173828
171.86370849609375
178.76614379882812
169.22772216796875
181.49974060058594
178.1112060546875
170.67111206054688
160.62109375
172.95281982421875
123.65830993652344
166.32981872558594
176.50433349609375
166.7535400390625
165.5198211669922
172.00836181640625
178.62110900878906
166.69091796875
162.3955535888672
165.17239379882812
177.39718627929688
177.13177490234375
164.6227569580078
170.30580139160156
179.03390502929688
172.43832397460938
173.22874450683594
173.84423828125
180.06138610839844
166.5264434814453
166.08688354492188
172.01840209960938
174.1328125
170.84759521484375
172.39952087402344
161.71615600585938
167.00286865234375
166.83944702148438
114.41877746582031
154.72239685058594
157.73141479492188
174.5847930908203
180.72315979003906
175.95213317871094
173.5122528076172
161.96226501464844
123.15342712402344
175.03231811523438
174.9317169189453
169.16246032714844
173.83102416992188
174.769287109375
116.83039855957031
171.69015502929688
172.85350036621094
164.91860961914062
171.81295776367188
168.8596954345703
175.81349182128906
170.2630157470703
176.4504852294922
170.90980529785156
176.178955078125
97.84449005126953
112.57951354980469
167.37477111816406
118.78751373291016
176.40579223632812
160.98568725585938
168.51258850097656
171.4304962158203
169.7821044921875
168.00172424316406
157.18128967285156
156.96092224121094
171.38157653808594
170.85804748535156
159.7425537109375
163.6414337158203
64.90050506591797
170.68870544433594
173.7169952392578
167.4811553955078
172.086181640625
177.00706481933594
160.8015899658203
173.2251739501953
171.0269317626953
168.1902618408203
170.8839874267578
159.76040649414062
170.32217407226562
169.6464385986328
180.30999755859375
174.81288146972656
167.1006317138672
68.2278060913086
174.5086212158203
172.9005889892578
172.90208435058594
170.99757385253906
157.595703125
174.71466064453125
80.69893646240234
168.2354736328125
170.77938842773438
175.57626342773438
171.35426330566406
165.52688598632812
170.6907501220703
174.2539520263672
174.0862274169922
88.67156982421875
178.14669799804688
166.8435516357422
167.64642333984375
167.97076416015625
171.94358825683594
