-2.4821109771728516
7.894427299499512
3.4749441146850586
-2.7453629970550537
4.36528205871582
27.690746307373047
31.309650421142578
34.884395599365234
2.384486198425293
2.5584216117858887
9.11678695678711
8.654678344726562
-1.421654462814331
-1.1740086078643799
32.31684875488281
21.010391235351562
0.6569104194641113
17.777341842651367
-2.7904467582702637
0.30904626846313477
16.772634506225586
-1.7274174690246582
18.515804290771484
18.122314453125
8.929062843322754
5.031887054443359
-3.465625762939453
17.196945190429688
39.24992752075195
-2.825502634048462
23.16731071472168
9.864992141723633
34.28540802001953
31.26224136352539
4.688961982727051
17.491168975830078
23.193965911865234
4.723899841308594
28.977298736572266
-0.2613506317138672
11.348611831665039
23.04191780090332
34.11540603637695
-2.781796932220459
27.331104278564453
4.165884971618652
21.519535064697266
20.638286590576172
19.830551147460938
19.067428588867188
41.32777786254883
27.59072494506836
27.75733184814453
-1.2596092224121094
11.329891204833984
2.3273091316223145
5.218161582946777
23.283554077148438
22.662214279174805
-1.3378751277923584
30.44019317626953
6.413188934326172
28.32556915283203
32.12229919433594
9.705408096313477
31.264907836914062
0.772855281829834
-2.1819143295288086
27.808902740478516
-1.384080171585083
6.379606246948242
9.388819694519043
-2.803218126296997
6.788034439086914
4.207879066467285
30.949092864990234
-1.6253235340118408
-3.0168371200561523
32.62348937988281
30.623947143554688
10.403433799743652
26.255056381225586
30.156261444091797
3.9910783767700195
4.164076805114746
33.644771575927734
16.17076301574707
3.5278539657592773
35.13947677612305
25.66335105895996
6.593867301940918
10.653182029724121
1.595749855041504
25.124542236328125
16.41050148010254
0.9045534133911133
7.101232528686523
35.14407730102539
1.0985097885131836
18.657867431640625
-1.3561060428619385
5.53701114654541
29.231674194335938
5.755249977111816
15.177377700805664
38.392799377441406
-2.066826343536377
2.4152145385742188
13.210628509521484
8.95361328125
30.21302032470703
26.89814567565918
15.38226318359375
30.82223129272461
-0.5600299835205078
22.966867446899414
7.9595794677734375
26.87535858154297
13.146600723266602
7.123492240905762
0.7373361587524414
18.34626007080078
36.2869758605957
29.25571060180664
7.376070976257324
8.899712562561035
16.345823287963867
-0.5098257064819336
4.230746269226074
28.566104888916016
8.6159029006958
18.172245025634766
26.355541229248047
11.064966201782227
10.473817825317383
5.204051971435547
16.185209274291992
16.983383178710938
25.33075523376465
33.939762115478516
31.956806182861328
26.5017147064209
33.10036087036133
7.664581298828125
8.395092010498047
22.531747817993164
8.864802360534668
-3.3421387672424316
23.433210372924805
5.525303840637207
12.534095764160156
2.522250175476074
20.255285263061523
12.985647201538086
-0.527435302734375
31.326889038085938
35.26753234863281
7.343396186828613
-3.3778414726257324
8.70671272277832
5.721700668334961
28.702285766601562
2.35184907913208
13.6072998046875
5.471680641174316
1.7743339538574219
-3.954296112060547
25.743976593017578
31.836692810058594
27.43698501586914
-3.386413335800171
8.77111530303955
14.589427947998047
5.808088302612305
1.3221921920776367
23.44719123840332
17.048587799072266
22.842409133911133
5.96275520324707
29.163585662841797
14.466073989868164
3.3232316970825195
4.669551849365234
10.056269645690918
20.279205322265625
7.755932807922363
15.962213516235352
26.83379554748535
18.276473999023438
38.45581817626953
26.47193717956543
2.173318386077881
15.156158447265625
7.88078498840332
24.276702880859375
32.4042854309082
22.276330947875977
35.27415466308594
19.73055648803711
29.901493072509766
25.336397171020508
-1.9001109600067139
32.42734146118164
15.577634811401367
27.573806762695312
42.977237701416016
20.337533950805664
4.114520072937012
34.3673095703125
5.674482345581055
26.75760269165039
3.692607879638672
24.930957794189453
5.961063385009766
0.47975683212280273
4.908260345458984
24.7587890625
-1.4397363662719727
-2.39062237739563
3.306316375732422
27.409271240234375
-3.006213665008545
14.25090217590332
26.90961265563965
8.430292129516602
-0.7635998725891113
8.423975944519043
0.953557014465332
30.35466766357422
0.9260549545288086
8.783812522888184
-3.073944568634033
14.451322555541992
6.833240509033203
15.806770324707031
28.064727783203125
23.343774795532227
5.736064910888672
12.57730484008789
24.92559814453125
33.84528350830078
24.536123275756836
31.825321197509766
9.473186492919922
12.33682632446289
2.812771797180176
34.086761474609375
24.40675163269043
-0.6862473487854004
0.016208171844482422
33.28447723388672
33.24555969238281
11.45063591003418
-1.1554174423217773
7.25917911529541
21.522077560424805
30.208446502685547
31.497417449951172
33.265098571777344
28.830245971679688
12.03857421875
31.442523956298828
34.626686096191406
32.49251937866211
10.44652271270752
30.924148559570312
22.11986541748047
0.48248863220214844
24.654293060302734
25.468046188354492
31.25119400024414
20.522430419921875
29.477706909179688
15.237131118774414
26.105886459350586
0.5897560119628906
22.47380256652832
6.265798568725586
22.645254135131836
7.3467559814453125
8.697654724121094
33.130210876464844
32.695186614990234
16.232925415039062
23.66124153137207
30.70367431640625
2.31882905960083
30.98116683959961
31.079254150390625
26.067108154296875
25.21896743774414
31.840633392333984
2.9998092651367188
-0.05583000183105469
25.204736709594727
10.755339622497559
7.731378555297852
28.72115707397461
28.25159454345703
-0.379300594329834
33.416526794433594
27.971363067626953
25.473413467407227
35.38807678222656
6.134888648986816
3.149336814880371
21.877643585205078
24.352014541625977
21.866357803344727
27.197952270507812
25.7131404876709
5.004093170166016
19.841022491455078
20.399446487426758
28.154998779296875
24.703365325927734
19.94120979309082
31.18030548095703
24.358522415161133
26.63939094543457
20.384361267089844
9.666108131408691
23.200422286987305
2.3891520500183105
25.76924705505371
26.169858932495117
13.901548385620117
15.054845809936523
36.83671188354492
21.410568237304688
3.090534210205078
18.79288101196289
29.745288848876953
26.271347045898438
-0.43064117431640625
4.7747955322265625
5.198685646057129
17.319847106933594
7.154890060424805
25.09340476989746
22.9278564453125
29.255126953125
18.07339859008789
30.95199966430664
23.083818435668945
25.317228317260742
-1.0870978832244873
31.747047424316406
27.314231872558594
20.4808349609375
15.405590057373047
29.957237243652344
20.620147705078125
2.0742697715759277
0.9378314018249512
23.243553161621094
4.489707946777344
7.252253532409668
2.576422691345215
3.7632226943969727
10.811020851135254
29.712879180908203
13.460622787475586
31.782608032226562
-3.5706231594085693
6.8078413009643555
3.40521240234375
21.159393310546875
33.510616302490234
16.169536590576172
8.316590309143066
29.086139678955078
19.01348304748535
12.384193420410156
35.55236053466797
29.401676177978516
2.2591795921325684
22.088281631469727
32.24061965942383
20.452604293823242
31.559185028076172
27.808452606201172
25.645015716552734
15.322790145874023
5.234197616577148
13.34034538269043
26.544281005859375
-0.7046895027160645
31.54837417602539
29.581119537353516
4.914556503295898
24.620145797729492
24.484272003173828
27.296363830566406
26.92418670654297
25.231937408447266
4.0623931884765625
33.5609245300293
27.20382308959961
25.629972457885742
33.90149688720703
17.76738739013672
24.204971313476562
34.349693298339844
32.45618438720703
32.030887603759766
34.143009185791016
0.43296051025390625
25.319849014282227
35.98680877685547
25.70592498779297
27.943687438964844
19.621837615966797
18.288976669311523
16.31699562072754
23.087072372436523
20.242921829223633
23.791622161865234
34.02452087402344
22.983352661132812
22.361255645751953
23.765756607055664
37.213626861572266
18.522647857666016
26.672264099121094
39.19694137573242
29.817115783691406
19.177026748657227
22.02350425720215
16.810327529907227
19.50629234313965
32.378936767578125
17.726224899291992
30.987728118896484
18.867263793945312
26.940902709960938
34.35487747192383
29.369483947753906
25.192398071289062
27.61949920654297
39.466888427734375
6.024808883666992
26.82624626159668
-3.8102710247039795
15.449277877807617
31.91433334350586
23.968793869018555
5.39151668548584
13.663942337036133
13.758270263671875
8.825312614440918
17.082368850708008
25.009376525878906
30.448505401611328
9.037857055664062
29.61727523803711
38.48054504394531
12.237716674804688
20.073501586914062
29.099838256835938
35.27610778808594
35.90703582763672
25.94609832763672
27.139041900634766
32.077938079833984
-0.8866534233093262
39.17267990112305
20.70067596435547
25.186824798583984
26.83541488647461
24.679563522338867
24.34489631652832
3.2269458770751953
35.314483642578125
3.058037757873535
33.23640060424805
0.31206655502319336
35.90313720703125
33.21384048461914
29.01929473876953
22.231828689575195
31.31436538696289
33.86164855957031
32.967742919921875
24.600627899169922
27.568946838378906
10.682831764221191
23.28077507019043
30.45208740234375
34.96892547607422
12.701772689819336
23.71287727355957
13.71697998046875
1.3252649307250977
17.715309143066406
19.212526321411133
6.798797607421875
24.449077606201172
19.939613342285156
26.662118911743164
3.0738258361816406
2.7629475593566895
16.150039672851562
37.6910514831543
30.074581146240234
33.478023529052734
2.6243228912353516
27.334327697753906
2.8167991638183594
27.855587005615234
29.942440032958984
35.99400329589844
23.94609260559082
26.901464462280273
8.323897361755371
28.72552490234375
2.3773932456970215
-3.600350856781006
30.090843200683594
25.902118682861328
5.339814186096191
43.20587158203125
8.506797790527344
2.981260299682617
11.622291564941406
29.92757797241211
5.540306091308594
12.304695129394531
4.484475135803223
2.8471431732177734
3.075265884399414
26.881328582763672
-0.7191457748413086
28.98247528076172
28.661231994628906
5.875244140625
41.175357818603516
37.242191314697266
37.9108772277832
24.06026840209961
7.037169456481934
3.4507131576538086
1.1116175651550293
25.045141220092773
27.84814453125
1.459120750427246
29.233440399169922
2.339077949523926
39.860572814941406
-0.7394466400146484
20.668054580688477
24.397483825683594
35.922279357910156
-0.7448573112487793
3.8147315979003906
29.399768829345703
26.768980026245117
43.122440338134766
42.11702346801758
43.84907531738281
23.96989631652832
26.7293643951416
29.07756805419922
30.87491226196289
37.010711669921875
2.173924446105957
24.777685165405273
38.870113372802734
39.54075622558594
-2.709970474243164
-1.9286065101623535
16.009769439697266
2.5041608810424805
4.66668701171875
5.678400039672852
22.52400016784668
23.666635513305664
34.24135208129883
33.00155258178711
-0.43469667434692383
-0.45473766326904297
37.190433502197266
42.09324645996094
13.120378494262695
35.54389572143555
7.163318634033203
4.565764427185059
35.34953308105469
4.422551155090332
17.091842651367188
0.6086492538452148
33.60834503173828
5.674792289733887
25.85181999206543
33.53462219238281
3.3273162841796875
2.717495918273926
37.548152923583984
1.0760135650634766
-1.0203888416290283
1.378553867340088
37.20177459716797
2.2264723777770996
9.895495414733887
23.505468368530273
27.3533935546875
13.12755012512207
2.312567710876465
-0.9638805389404297
6.579037666320801
25.412948608398438
19.201492309570312
29.943069458007812
29.63412094116211
5.209015846252441
11.25615119934082
33.096649169921875
9.272007942199707
2.72098445892334
27.81155014038086
-1.2373127937316895
4.487846374511719
-1.1506273746490479
37.03316116333008
-0.0019588470458984375
16.166709899902344
27.030410766601562
1.944408893585205
4.946969032287598
4.918639183044434
40.17707061767578
10.230332374572754
32.01752471923828
32.31855773925781
33.62239074707031
3.879863739013672
40.46614074707031
3.233896255493164
1.3537545204162598
17.2900390625
24.775493621826172
20.138200759887695
39.970340728759766
2.9060568809509277
29.214248657226562
3.122831344604492
15.677814483642578
26.387985229492188
4.442923545837402
8.730186462402344
35.06003189086914
37.87451171875
41.87904357910156
3.708036422729492
33.42149353027344
3.2307424545288086
29.588932037353516
-3.481630325317383
37.94440460205078
30.525352478027344
37.449012756347656
32.35835266113281
32.54733657836914
32.52598190307617
6.914955139160156
-1.383965015411377
31.434371948242188
3.34438419342041
44.64059066772461
34.8636474609375
35.936973571777344
13.80738639831543
50.789520263671875
18.441585540771484
11.528799057006836
36.91098403930664
51.90971755981445
37.52397918701172
24.760459899902344
2.8036441802978516
0.2963438034057617
10.367607116699219
45.29643249511719
28.996051788330078
18.653602600097656
31.314205169677734
13.60743522644043
-1.1908550262451172
8.56635570526123
29.336212158203125
36.656410217285156
29.787250518798828
32.806270599365234
11.789493560791016
10.392253875732422
1.3942627906799316
31.775863647460938
37.67206573486328
-2.996711254119873
3.6215314865112305
35.85161590576172
14.491250991821289
35.823814392089844
22.8475284576416
36.45362091064453
32.361175537109375
6.22833251953125
1.453115463256836
0.44423437118530273
7.654004096984863
36.50628662109375
32.146087646484375
35.680328369140625
36.65013885498047
40.570899963378906
5.188301086425781
36.41830062866211
5.743435859680176
5.347357749938965
8.704968452453613
37.5686149597168
21.232349395751953
46.63230514526367
26.63882827758789
43.32892990112305
25.053937911987305
18.534040451049805
33.273162841796875
16.421768188476562
8.904167175292969
6.328643798828125
34.33617401123047
12.074020385742188
33.75845718383789
24.6077823638916
33.30176544189453
31.660842895507812
46.53005599975586
29.089275360107422
30.53784942626953
4.2701416015625
38.621490478515625
40.71339416503906
33.3340950012207
33.82183837890625
40.46772003173828
1.5950803756713867
26.574386596679688
30.492156982421875
0.009459972381591797
8.353546142578125
21.923442840576172
30.906230926513672
3.6431846618652344
5.849443435668945
25.28675079345703
33.4166145324707
28.73296356201172
33.81881332397461
34.543663024902344
27.894466400146484
31.296932220458984
1.3721880912780762
32.700679779052734
36.1161003112793
36.32979965209961
33.12629318237305
30.579727172851562
10.386735916137695
20.810375213623047
31.570823669433594
7.87045955657959
4.611294746398926
33.074440002441406
30.476638793945312
32.17086410522461
57.53313064575195
41.80828857421875
13.872085571289062
26.185884475708008
34.06822967529297
38.61595153808594
48.304107666015625
19.635086059570312
36.41048049926758
28.322280883789062
37.57743835449219
36.07608413696289
28.007099151611328
-1.0842056274414062
28.68994140625
12.299936294555664
22.977075576782227
42.39207458496094
39.52217102050781
13.280906677246094
69.6252212524414
0.258120059967041
35.691219329833984
38.273101806640625
30.134090423583984
16.685171127319336
83.39064025878906
46.1496467590332
36.768672943115234
44.771453857421875
30.610820770263672
5.838016510009766
46.975826263427734
6.471269607543945
26.144142150878906
25.47731590270996
47.46110534667969
36.61125183105469
18.103548049926758
33.533687591552734
39.42136001586914
34.20494079589844
32.74528121948242
17.44363784790039
23.473121643066406
29.809078216552734
27.824966430664062
47.816898345947266
44.389312744140625
7.244879722595215
31.341541290283203
41.12635040283203
37.795623779296875
41.496761322021484
30.778812408447266
50.76899337768555
8.332077026367188
38.27054214477539
7.8434648513793945
36.530494689941406
12.468364715576172
35.79067611694336
26.653705596923828
20.712541580200195
30.040767669677734
11.027162551879883
6.6151018142700195
19.456174850463867
31.25534439086914
59.49353790283203
39.18061828613281
5.054529190063477
37.14276123046875
44.085636138916016
23.876859664916992
33.378379821777344
42.94609832763672
42.67816925048828
34.20762252807617
32.21971893310547
29.56645965576172
41.415855407714844
39.56160354614258
44.64019775390625
40.41350555419922
41.974449157714844
14.121755599975586
42.64033126831055
9.038711547851562
37.728973388671875
11.366180419921875
40.43220901489258
11.638193130493164
29.853107452392578
74.89203643798828
48.28696060180664
5.942649841308594
-1.4478952884674072
42.95859146118164
25.98683738708496
25.548677444458008
43.98583984375
37.35065460205078
14.119583129882812
41.88601303100586
29.052410125732422
5.609614372253418
47.31721878051758
22.72194480895996
39.51686096191406
48.68891143798828
37.95650863647461
9.568293571472168
4.292463302612305
27.089950561523438
26.329662322998047
16.859756469726562
35.94278335571289
35.941123962402344
39.04730987548828
7.72499942779541
40.99724578857422
54.43153762817383
46.4969596862793
44.07212448120117
11.377847671508789
60.0020751953125
21.92835807800293
66.68194580078125
44.43269729614258
17.88730239868164
38.6545295715332
88.61443328857422
34.107757568359375
25.511341094970703
3.1999988555908203
3.983522415161133
15.599607467651367
6.714652061462402
48.67384338378906
42.373130798339844
74.3848876953125
14.171363830566406
33.1966667175293
7.932927131652832
36.49700927734375
3.494935989379883
26.64202308654785
39.152156829833984
27.838729858398438
16.61284637451172
31.87444305419922
7.8721418380737305
8.251993179321289
49.76197814941406
2.9124112129211426
38.89117431640625
5.338061332702637
24.866161346435547
8.077971458435059
29.59536361694336
4.9131317138671875
8.5866060256958
24.9620304107666
44.418914794921875
26.292675018310547
9.535662651062012
26.51987648010254
48.512489318847656
19.424949645996094
27.106075286865234
46.658626556396484
33.74327087402344
23.752004623413086
49.857582092285156
3.1261844635009766
92.06227111816406
41.78120422363281
97.20500946044922
14.644170761108398
77.88267517089844
34.76264953613281
73.40962219238281
103.29158020019531
74.71711730957031
80.65182495117188
37.27741241455078
82.10204315185547
75.83892059326172
38.72296905517578
53.57619094848633
47.860897064208984
47.623958587646484
61.764495849609375
83.55583190917969
40.65238952636719
102.39054870605469
31.76407241821289
81.83897399902344
75.83892822265625
67.837890625
16.840293884277344
61.55138397216797
45.657989501953125
23.08702278137207
0.5384154319763184
39.85966873168945
54.51070022583008
43.54041290283203
45.59326934814453
80.57693481445312
79.16565704345703
33.57470703125
2.3008360862731934
8.792954444885254
11.470504760742188
24.550823211669922
74.42485046386719
73.3672103881836
17.11382293701172
39.06690979003906
72.72505187988281
76.04029846191406
51.07249450683594
48.824989318847656
31.209453582763672
31.566909790039062
59.435585021972656
89.75395965576172
30.937206268310547
107.71517944335938
43.72648239135742
138.76754760742188
21.9744873046875
84.98233032226562
83.35285186767578
45.989044189453125
89.5770492553711
94.50666046142578
89.85984802246094
78.19097137451172
7.76717472076416
97.48191833496094
25.451120376586914
62.03253936767578
0.8950505256652832
70.74320220947266
86.86592102050781
87.59030151367188
40.97477340698242
37.99930191040039
85.46886444091797
10.392746925354004
66.17814636230469
87.81005096435547
39.31472396850586
115.03887176513672
6.949739456176758
88.13124084472656
75.0387191772461
1.060478687286377
141.02484130859375
20.859365463256836
25.937007904052734
78.34862518310547
78.30598449707031
31.624595642089844
76.38992309570312
86.53026580810547
101.4941177368164
109.79049682617188
85.072509765625
102.22257995605469
132.53614807128906
95.57506561279297
108.16644287109375
110.93556213378906
101.66311645507812
78.92703247070312
117.17281341552734
9.24941349029541
88.92770385742188
74.15840911865234
45.538063049316406
28.16705322265625
23.763986587524414
-2.5584213733673096
13.830533981323242
-0.1350259780883789
10.274016380310059
9.471619606018066
33.31085968017578
97.11550903320312
85.26802825927734
21.339784622192383
113.93138122558594
102.11282348632812
3.8407058715820312
20.215547561645508
5.825771331787109
110.90607452392578
26.70095443725586
11.221075057983398
40.75642776489258
8.950325965881348
13.304224014282227
21.49773406982422
10.987580299377441
103.47199249267578
12.771566390991211
13.635190963745117
29.576557159423828
160.5524444580078
23.966476440429688
90.63890075683594
135.8992919921875
18.349775314331055
19.26506233215332
42.610252380371094
28.61090850830078
41.8572883605957
9.678877830505371
24.25231170654297
101.96531677246094
20.9534912109375
10.80571174621582
111.45634460449219
46.20135498046875
30.65367889404297
27.968048095703125
19.13736343383789
11.922880172729492
67.48518371582031
17.212575912475586
10.199978828430176
38.42534637451172
26.798389434814453
19.929885864257812
144.59622192382812
22.476055145263672
16.07947540283203
146.31600952148438
111.60049438476562
145.6612548828125
49.39081573486328
146.38575744628906
14.834081649780273
0.17074060440063477
14.65207290649414
103.25294494628906
22.01182746887207
104.75865936279297
6.212037086486816
111.75321960449219
17.22208595275879
110.9360580444336
5.573372840881348
7.488607406616211
11.495365142822266
48.6505012512207
15.85400390625
137.07470703125
24.50821876525879
116.44966125488281
80.19879913330078
20.680200576782227
7.545828819274902
0.0636749267578125
98.35197448730469
8.49286937713623
53.201080322265625
105.86764526367188
89.04839324951172
29.596683502197266
57.19837188720703
25.781911849975586
108.1744155883789
20.83138084411621
13.71489143371582
8.123279571533203
55.954872131347656
13.448102951049805
8.012085914611816
80.26195526123047
150.93411254882812
14.667579650878906
144.3870391845703
-0.07135963439941406
99.82295989990234
5.532720565795898
7.897770881652832
34.75279235839844
107.03849792480469
34.18086624145508
42.14988708496094
10.11931324005127
11.063758850097656
97.49173736572266
14.003885269165039
121.11990356445312
97.95025634765625
38.92522430419922
7.964118957519531
16.310791015625
29.367061614990234
12.308853149414062
13.635845184326172
62.08180236816406
12.846668243408203
54.12636184692383
27.974960327148438
74.07339477539062
152.26358032226562
151.7423553466797
105.9716567993164
130.00299072265625
101.69070434570312
91.68904876708984
91.20631408691406
125.40611267089844
22.079572677612305
101.22366333007812
59.87223815917969
108.02030181884766
100.2440185546875
70.13655090332031
124.16263580322266
103.72679138183594
7.236812591552734
113.55874633789062
132.35446166992188
140.3665313720703
133.26551818847656
41.70782470703125
131.41500854492188
7.195944786071777
-3.0239953994750977
109.5276107788086
101.67694091796875
55.10174560546875
140.12754821777344
9.21886920928955
9.315176010131836
27.086380004882812
12.633604049682617
93.42032623291016
85.98429107666016
32.3865852355957
97.93270111083984
49.65367126464844
148.6337890625
146.09640502929688
142.28782653808594
137.78463745117188
118.40391540527344
145.8056182861328
144.57920837402344
141.7190399169922
151.11233520507812
146.5751953125
5.012041091918945
160.07090759277344
7.0366010665893555
151.01333618164062
139.1625213623047
134.23231506347656
147.11767578125
28.388851165771484
145.31578063964844
143.96054077148438
118.59027099609375
149.6562957763672
146.53475952148438
160.11280822753906
128.22117614746094
145.3680419921875
154.63233947753906
135.161865234375
32.90412902832031
71.3346939086914
-0.5881872177124023
27.2352294921875
156.790771484375
-3.346348762512207
6.6081695556640625
135.2966766357422
14.246604919433594
11.657289505004883
149.39010620117188
141.06661987304688
119.68263244628906
128.79498291015625
144.24978637695312
15.123489379882812
29.597721099853516
142.9102783203125
156.3729705810547
123.40835571289062
147.8876190185547
155.30972290039062
156.1056671142578
155.54896545410156
158.08644104003906
148.41265869140625
150.29339599609375
9.026834487915039
148.44143676757812
154.3839874267578
155.39242553710938
7.779705047607422
10.290375709533691
149.44606018066406
28.760841369628906
26.15224266052246
119.11577606201172
147.41773986816406
12.42596435546875
149.34510803222656
142.5326385498047
157.16976928710938
148.2416534423828
19.055368423461914
122.35475158691406
60.495277404785156
156.98252868652344
136.78118896484375
146.79840087890625
148.88966369628906
153.9571075439453
119.48976135253906
148.29275512695312
156.06719970703125
137.3482666015625
46.606048583984375
162.31039428710938
157.3282012939453
9.33543872833252
149.04689025878906
151.62440490722656
64.08306884765625
161.9474334716797
162.5756072998047
163.1520233154297
9.379712104797363
134.14434814453125
138.15768432617188
167.12066650390625
27.343624114990234
159.9457550048828
163.1213836669922
161.8390350341797
21.500078201293945
157.10496520996094
10.581366539001465
151.40768432617188
163.80088806152344
130.02642822265625
145.18060302734375
142.08999633789062
151.37451171875
11.242853164672852
7.961832046508789
160.89230346679688
148.56565856933594
160.64230346679688
163.49337768554688
159.5130157470703
140.9572296142578
153.64178466796875
162.08456420898438
164.58985900878906
150.64735412597656
142.10186767578125
156.82313537597656
141.34951782226562
150.7733612060547
162.1783905029297
157.7308807373047
157.61270141601562
142.8274688720703
152.3646240234375
156.75181579589844
146.58883666992188
155.85760498046875
152.3499298095703
136.45062255859375
152.2601776123047
146.36863708496094
153.10952758789062
90.70077514648438
148.43646240234375
146.3466339111328
35.61690902709961
137.37313842773438
163.0243377685547
141.57728576660156
128.35208129882812
152.39320373535156
142.44940185546875
152.16075134277344
148.218017578125
146.9168701171875
94.73053741455078
135.37716674804688
148.78607177734375
154.30946350097656
140.1416473388672
158.6477813720703
160.27737426757812
124.41320037841797
138.67449951171875
153.66415405273438
147.89723205566406
144.4764862060547
31.013568878173828
158.0432586669922
150.5627899169922
139.90452575683594
155.28005981445312
129.01222229003906
162.39122009277344
152.28878784179688
157.692626953125
140.7969512939453
158.9405517578125
122.89453125
160.71327209472656
173.94651794433594
150.50808715820312
159.10223388671875
134.869140625
159.54026794433594
158.43789672851562
135.46414184570312
14.604162216186523
160.5358428955078
24.327289581298828
151.60726928710938
153.1658935546875
168.22171020507812
134.60263061523438
126.32574462890625
162.92042541503906
151.9969940185547
153.87318420410156
22.368465423583984
160.7286834716797
0.5802545547485352
154.20217895507812
148.833984375
141.40818786621094
54.16244888305664
151.34732055664062
155.41798400878906
161.89610290527344
144.65997314453125
146.49781799316406
140.4955596923828
167.2213134765625
136.651611328125
10.509264945983887
28.061580657958984
161.4073486328125
145.39950561523438
24.424671173095703
150.73667907714844
139.107666015625
26.94866943359375
146.80120849609375
141.83245849609375
144.01422119140625
144.63009643554688
161.33541870117188
147.8973388671875
142.28675842285156
25.819334030151367
158.79400634765625
12.950336456298828
155.4678955078125
136.9752197265625
152.8391876220703
11.429187774658203
23.268075942993164
145.868896484375
145.32879638671875
158.2825927734375
133.93353271484375
16.306320190429688
162.32081604003906
161.8054656982422
165.79803466796875
144.0717315673828
33.82933044433594
165.1107635498047
149.42343139648438
8.14277172088623
148.58349609375
157.4914093017578
30.201213836669922
163.53457641601562
168.83810424804688
167.3358917236328
166.4733428955078
131.677978515625
164.15025329589844
168.71475219726562
163.09210205078125
150.31956481933594
162.48963928222656
14.575834274291992
155.9895477294922
9.706247329711914
175.02496337890625
160.00975036621094
7.319875717163086
7.551201820373535
86.28722381591797
172.45687866210938
156.0030059814453
162.0852813720703
7.212311744689941
162.1930694580078
152.38430786132812
135.67808532714844
16.04370880126953
164.15029907226562
162.74310302734375
155.208984375
153.2428436279297
163.0874481201172
138.37228393554688
154.50222778320312
150.84332275390625
166.16964721679688
150.9864959716797
139.26454162597656
160.77783203125
167.11289978027344
156.81170654296875
162.8860321044922
146.38278198242188
150.53128051757812
137.64810180664062
13.29326057434082
163.20407104492188
164.9860076904297
164.05352783203125
146.08802795410156
168.0611572265625
25.76495933532715
148.16493225097656
161.14158630371094
34.520259857177734
160.20021057128906
158.70384216308594
162.17935180664062
157.84994506835938
162.09405517578125
160.697509765625
169.20294189453125
139.40411376953125
17.890567779541016
121.70079803466797
106.20642852783203
84.40574645996094
84.3393783569336
155.36029052734375
156.04486083984375
164.4451904296875
170.53839111328125
140.4661865234375
168.3292694091797
137.95751953125
157.4768829345703
170.27420043945312
160.6881866455078
59.263702392578125
157.16299438476562
165.07327270507812
157.22987365722656
88.70879364013672
87.24552917480469
138.01345825195312
151.44403076171875
163.14366149902344
143.05482482910156
23.40702247619629
76.09232330322266
140.4573211669922
150.41465759277344
150.73712158203125
88.25194549560547
88.17218780517578
163.64108276367188
162.5867156982422
154.3152618408203
151.68783569335938
165.1663055419922
157.9835968017578
144.52886962890625
154.39083862304688
157.71832275390625
153.23663330078125
160.0485076904297
21.287118911743164
150.7041778564453
149.87440490722656
34.5294189453125
157.39320373535156
148.4102783203125
171.43338012695312
162.52671813964844
161.12171936035156
24.336328506469727
156.63885498046875
78.11985778808594
144.33319091796875
160.64834594726562
165.5999298095703
153.5772705078125
162.1909637451172
79.7423324584961
155.134033203125
159.14100646972656
158.20724487304688
89.78401184082031
159.02027893066406
151.49940490722656
165.57308959960938
155.6591033935547
165.48406982421875
153.9106903076172
160.5597381591797
162.9466552734375
158.8927764892578
156.8828125
160.95916748046875
149.29971313476562
14.95732307434082
156.70106506347656
90.07711029052734
162.8560791015625
165.31954956054688
154.37088012695312
156.24224853515625
124.69160461425781
164.03448486328125
158.54164123535156
156.40403747558594
13.582052230834961
167.4053955078125
150.5665740966797
13.174072265625
155.81448364257812
168.05775451660156
145.8985137939453
133.6042022705078
157.5272674560547
160.90245056152344
132.22805786132812
157.3563690185547
156.4973907470703
161.0778350830078
79.58500671386719
152.94973754882812
159.9247589111328
158.568603515625
25.470251083374023
161.05308532714844
155.47962951660156
145.06668090820312
89.31764221191406
164.93295288085938
147.85939025878906
166.26783752441406
76.1474838256836
82.55158996582031
162.37002563476562
156.2536163330078
107.97319030761719
69.53533935546875
161.2181854248047
87.27265167236328
140.04727172851562
164.39627075195312
89.0978012084961
158.5873565673828
160.0384063720703
148.18312072753906
149.8129119873047
88.08805084228516
156.266357421875
21.51725196838379
157.67196655273438
136.92333984375
149.404541015625
157.7364959716797
153.7034912109375
162.3994903564453
158.7642364501953
151.6022491455078
165.89163208007812
79.4676284790039
165.45263671875
166.7960205078125
111.49629974365234
90.12509155273438
162.50050354003906
163.81088256835938
103.49732971191406
166.89767456054688
15.652790069580078
68.40887451171875
101.59658813476562
152.90313720703125
25.579818725585938
167.09996032714844
156.59902954101562
153.63418579101562
159.26901245117188
29.47197723388672
125.89730834960938
100.07413482666016
139.60638427734375
162.3290252685547
159.1708221435547
157.16311645507812
100.79721069335938
26.155872344970703
156.4279022216797
159.89016723632812
155.65582275390625
159.25477600097656
18.323942184448242
93.14618682861328
167.3376007080078
88.84615325927734
80.98580932617188
76.61322784423828
98.40203094482422
157.7545166015625
166.70555114746094
167.0167236328125
158.08023071289062
24.666135787963867
166.16854858398438
85.35942077636719
88.09304809570312
156.44088745117188
105.20368957519531
89.76395416259766
90.61737060546875
164.47691345214844
143.28726196289062
112.00396728515625
160.19912719726562
157.8203887939453
167.0889892578125
153.2698516845703
94.37828063964844
71.71548461914062
144.42726135253906
163.4915771484375
165.66619873046875
117.83232116699219
93.918701171875
172.7281036376953
110.62416076660156
162.58642578125
168.07070922851562
153.6597442626953
89.52298736572266
164.11190795898438
12.138774871826172
158.43601989746094
90.5541763305664
86.83001708984375
155.173583984375
138.9635772705078
144.17572021484375
91.74909210205078
89.69792938232422
156.41329956054688
158.0116729736328
98.15731048583984
162.02713012695312
27.423858642578125
152.3719482421875
89.4371337890625
63.752647399902344
165.02420043945312
164.90536499023438
93.2154769897461
92.11930847167969
161.0132293701172
30.057472229003906
156.8466339111328
157.6678466796875
105.05656433105469
161.70916748046875
79.63896179199219
158.01309204101562
158.4645538330078
76.82433319091797
156.63995361328125
101.84121704101562
166.56655883789062
149.73822021484375
96.48540496826172
96.74421691894531
146.8343505859375
88.09571838378906
162.5100555419922
168.20285034179688
81.3864517211914
128.47998046875
160.76840209960938
89.44879913330078
82.64842987060547
151.13865661621094
160.8067169189453
106.03425598144531
156.21234130859375
153.30625915527344
110.68089294433594
151.7668914794922
169.11181640625
149.12388610839844
80.55062103271484
95.99361419677734
67.67386627197266
161.98951721191406
154.2808837890625
152.23226928710938
90.10133361816406
96.24614715576172
108.85346984863281
163.29579162597656
157.00099182128906
14.728912353515625
38.415985107421875
155.54473876953125
117.65970611572266
160.0046844482422
63.75602722167969
102.75704956054688
48.562469482421875
164.38650512695312
143.72607421875
112.38701629638672
11.31850814819336
112.52569580078125
163.37867736816406
83.75069427490234
156.34120178222656
109.8050765991211
150.44371032714844
148.30426025390625
67.8307876586914
136.70046997070312
133.31646728515625
156.50241088867188
157.74331665039062
107.4291000366211
122.30640411376953
66.79671478271484
104.94757080078125
114.8414077758789
91.50312805175781
85.36157989501953
21.979475021362305
112.5322494506836
155.6866912841797
163.68870544433594
158.81874084472656
111.43643951416016
73.46589660644531
119.7416000366211
139.1332550048828
146.18373107910156
158.4317626953125
163.26100158691406
164.83261108398438
147.1383056640625
152.74545288085938
85.91590881347656
151.90419006347656
90.45532989501953
77.17636108398438
150.55001831054688
154.19447326660156
85.18074798583984
157.42335510253906
155.64190673828125
151.5428009033203
85.90506744384766
112.07276153564453
69.76323699951172
155.32838439941406
160.28884887695312
154.89920043945312
14.264305114746094
156.92344665527344
153.51026916503906
88.80440521240234
168.4627685546875
64.51444244384766
162.75416564941406
78.17996978759766
158.3113250732422
79.20708465576172
164.4755859375
50.041236877441406
133.59519958496094
158.5941619873047
70.92169952392578
95.36544799804688
153.01498413085938
165.02413940429688
155.23548889160156
153.20062255859375
157.27598571777344
112.23736572265625
109.10862731933594
150.7872314453125
152.8226318359375
64.51210021972656
148.1314239501953
109.54412841796875
154.7795867919922
68.33917236328125
81.90498352050781
143.86151123046875
158.82432556152344
160.2863006591797
108.42025756835938
66.5027847290039
164.10943603515625
165.06488037109375
164.40846252441406
163.68060302734375
21.92578887939453
26.131696701049805
161.05438232421875
111.96958923339844
139.9403839111328
99.56096649169922
107.82887268066406
158.93832397460938
159.66810607910156
138.2748260498047
146.21975708007812
109.51507568359375
154.38877868652344
173.252685546875
164.86434936523438
158.14573669433594
154.5324249267578
12.105768203735352
95.79835510253906
159.75811767578125
149.0615234375
153.9940643310547
122.54148864746094
166.87350463867188
159.4663848876953
169.25216674804688
86.93067169189453
146.43606567382812
106.42772674560547
116.27945709228516
153.596435546875
161.57870483398438
113.54281616210938
113.62720489501953
150.22796630859375
139.945068359375
147.12298583984375
31.632068634033203
113.3169937133789
114.5300521850586
157.79586791992188
111.7203598022461
114.31827545166016
110.5252456665039
107.43280029296875
131.7368927001953
159.54103088378906
156.84275817871094
159.0972442626953
65.22846984863281
171.47740173339844
144.92897033691406
168.129150390625
112.61007690429688
154.00860595703125
156.7718505859375
27.56557846069336
163.86727905273438
161.57154846191406
165.7642364501953
157.8363494873047
152.1837158203125
164.60446166992188
159.25393676757812
160.3804473876953
155.9329833984375
121.31360626220703
157.30868530273438
82.67583465576172
161.2442626953125
156.63223266601562
162.4858856201172
162.751220703125
153.51441955566406
116.41217803955078
107.86027526855469
142.93812561035156
158.23789978027344
155.8448028564453
157.43434143066406
158.23568725585938
154.6508331298828
171.79966735839844
169.9468231201172
167.29400634765625
168.70144653320312
117.8211669921875
30.505836486816406
162.5341339111328
164.9450225830078
168.69078063964844
167.36558532714844
171.8203582763672
167.9281005859375
140.46426391601562
168.72735595703125
110.9401626586914
167.75994873046875
170.35426330566406
160.5750274658203
14.861251831054688
170.1089324951172
157.85809326171875
146.77816772460938
24.275503158569336
173.8555145263672
113.99652862548828
164.15113830566406
168.1764373779297
164.10130310058594
98.68741607666016
163.774658203125
105.07003784179688
172.0406494140625
165.68914794921875
13.027814865112305
1.7922148704528809
161.1814422607422
115.74556732177734
162.6981658935547
168.8767852783203
11.188970565795898
169.95359802246094
164.66502380371094
161.3332977294922
161.65863037109375
164.86148071289062
15.047403335571289
173.16427612304688
27.366294860839844
158.6738739013672
162.08633422851562
26.88681983947754
156.78268432617188
173.34161376953125
151.10650634765625
94.97106170654297
92.93971252441406
174.96031188964844
60.24705505371094
178.35475158691406
156.1595916748047
171.06947326660156
161.99432373046875
95.95806884765625
174.06591796875
119.94011688232422
134.97073364257812
167.70285034179688
11.976669311523438
31.098384857177734
171.78741455078125
117.26863861083984
173.3668975830078
13.136489868164062
114.4668197631836
157.1313934326172
158.4758758544922
161.42269897460938
122.21487426757812
162.50697326660156
167.43568420410156
116.47225189208984
168.9722900390625
113.90764617919922
171.43409729003906
175.30322265625
24.293235778808594
29.578994750976562
8.172300338745117
109.18622589111328
175.099609375
171.49310302734375
160.81256103515625
116.2279281616211
116.97752380371094
97.3134765625
129.33619689941406
148.4360809326172
87.3173828125
163.70040893554688
164.10482788085938
165.9004669189453
89.47498321533203
168.9840850830078
141.99026489257812
165.2061767578125
176.76263427734375
150.19573974609375
159.17831420898438
170.2010955810547
169.25811767578125
115.75325775146484
115.29834747314453
156.83352661132812
170.71685791015625
94.85309600830078
175.16844177246094
171.992431640625
14.189414978027344
170.7541046142578
162.8018798828125
170.88894653320312
164.9256591796875
161.96250915527344
117.12642669677734
178.22962951660156
112.70336151123047
166.81460571289062
161.3569793701172
158.05145263671875
117.9459228515625
13.014554977416992
114.69242095947266
166.00588989257812
175.53762817382812
169.76441955566406
165.38087463378906
174.56443786621094
174.94863891601562
117.07128143310547
163.3122100830078
175.34335327148438
170.18692016601562
156.0404510498047
121.59204864501953
171.06201171875
154.9943084716797
162.7621612548828
117.2955322265625
172.81228637695312
153.2835235595703
173.5880889892578
161.12020874023438
171.742919921875
117.76580047607422
108.39891052246094
171.162353515625
114.99658966064453
120.73302459716797
177.84532165527344
166.3861083984375
168.69900512695312
165.98394775390625
179.25096130371094
167.31642150878906
171.1191864013672
166.95603942871094
167.7047882080078
168.96080017089844
169.32594299316406
153.7329559326172
157.83448791503906
170.01771545410156
172.1043243408203
177.325439453125
173.4462432861328
157.8830108642578
98.69435119628906
117.62625122070312
154.81369018554688
170.42413330078125
165.68350219726562
168.0747528076172
121.26153564453125
172.9688262939453
155.1295166015625
169.60121154785156
158.2932586669922
170.05029296875
162.112060546875
153.67401123046875
168.53680419921875
116.9638900756836
163.07424926757812
163.21694946289062
148.02749633789062
116.55694580078125
157.35462951660156
127.9188003540039
163.135986328125
168.7930908203125
159.63926696777344
113.19312286376953
164.4935760498047
112.64381408691406
115.10247802734375
122.84007263183594
168.55007934570312
111.91803741455078
177.81375122070312
141.1736602783203
82.97704315185547
169.8594970703125
155.41685485839844
116.95299530029297
172.42169189453125
116.9720230102539
171.06460571289062
116.61921691894531
168.26039123535156
157.05526733398438
159.753662109375
66.896240234375
174.755126953125
164.7958526611328
115.81128692626953
156.22540283203125
158.23223876953125
109.86416625976562
169.58328247070312
25.998764038085938
167.16160583496094
121.00857543945312
168.2197265625
125.22283935546875
170.41009521484375
78.34746551513672
167.13829040527344
119.36170959472656
171.35643005371094
166.2805938720703
172.65919494628906
179.28504943847656
170.44830322265625
173.0823974609375
117.51692962646484
173.80673217773438
19.88715362548828
14.204227447509766
122.58704376220703
154.9988555908203
119.51945495605469
172.2521209716797
160.879150390625
117.58755493164062
164.06910705566406
167.353271484375
119.48532104492188
164.9215545654297
170.394287109375
170.63343811035156
22.91980743408203
118.97135925292969
116.56192016601562
174.16880798339844
173.4752655029297
165.14259338378906
124.45161437988281
165.8628692626953
176.91702270507812
69.42264556884766
148.01763916015625
165.75588989257812
131.1864471435547
176.6045379638672
171.5157470703125
125.46267700195312
178.02223205566406
176.29766845703125
172.2733612060547
177.5201416015625
167.82456970214844
174.74774169921875
175.0210418701172
177.64398193359375
172.7400665283203
157.181640625
121.09326171875
177.6185760498047
176.7771759033203
181.9956512451172
125.56185913085938
177.48403930664062
181.77554321289062
174.35989379882812
161.64486694335938
176.96478271484375
182.29129028320312
124.60467529296875
163.77554321289062
164.36158752441406
174.60302734375
180.96192932128906
8.783865928649902
165.37091064453125
171.5872039794922
172.9154510498047
177.7513885498047
176.1270294189453
131.65138244628906
176.73898315429688
178.81297302246094
176.25035095214844
177.996826171875
177.15328979492188
152.6177215576172
173.70347595214844
180.34219360351562
178.53482055664062
176.07806396484375
180.48779296875
171.2266845703125
177.4000701904297
145.81491088867188
178.3285675048828
178.43577575683594
180.8003692626953
179.02267456054688
182.3203582763672
177.5851287841797
169.19627380371094
177.06808471679688
173.6939697265625
177.66055297851562
172.4324951171875
168.476806640625
170.3959503173828
177.09872436523438
178.34555053710938
164.6976776123047
164.48092651367188
170.74937438964844
171.13656616210938
176.40704345703125
174.6986846923828
181.83383178710938
172.54574584960938
179.5735626220703
122.53742218017578
173.40350341796875
181.9192657470703
169.5395050048828
172.08901977539062
172.1161651611328
120.50801849365234
182.31739807128906
174.98858642578125
169.4801025390625
171.12979125976562
163.10284423828125
173.3650360107422
178.50450134277344
176.1085205078125
171.56219482421875
166.40472412109375
169.40682983398438
182.86077880859375
172.8230438232422
176.3554229736328
178.02056884765625
176.4759521484375
177.59286499023438
172.52737426757812
178.4571075439453
175.6656494140625
179.54713439941406
142.66590881347656
175.92662048339844
169.97555541992188
179.42105102539062
119.51878356933594
180.48292541503906
121.47899627685547
175.70101928710938
79.72028350830078
165.39923095703125
79.76000213623047
176.1856231689453
172.505615234375
121.72057342529297
181.29022216796875
180.1294403076172
177.32186889648438
175.6583251953125
172.31060791015625
167.34405517578125
122.88932800292969
159.94195556640625
157.62791442871094
179.22271728515625
156.6518096923828
184.05673217773438
177.00633239746094
180.69908142089844
172.3692169189453
179.18150329589844
34.01879119873047
180.99642944335938
179.9097442626953
175.11880493164062
174.37399291992188
176.96363830566406
176.0291748046875
120.76144409179688
179.0472869873047
177.48797607421875
180.6806640625
177.5645294189453
178.5668487548828
178.98989868164062
176.5953369140625
131.7080535888672
172.27081298828125
181.1837921142578
179.98448181152344
172.41375732421875
180.0220489501953
124.00010681152344
173.371826171875
174.29270935058594
181.2317657470703
175.1136932373047
177.2268524169922
182.46994018554688
182.99594116210938
130.82913208007812
174.1664276123047
94.24308776855469
179.2275848388672
177.5402374267578
182.79237365722656
178.0609893798828
115.75439453125
124.73844909667969
180.00616455078125
176.91795349121094
180.71786499023438
169.00119018554688
92.7000732421875
171.3636474609375
175.56387329101562
168.0623779296875
180.71102905273438
123.73417663574219
170.5771484375
173.32408142089844
182.6984405517578
175.25559997558594
169.9258270263672
179.76402282714844
178.3829803466797
178.98622131347656
180.39752197265625
176.21548461914062
14.214487075805664
178.59059143066406
10.35421371459961
91.73145294189453
29.569385528564453
124.28359985351562
175.96641540527344
31.108474731445312
184.50994873046875
183.9414520263672
179.32952880859375
120.4229965209961
162.4979248046875
180.65158081054688
170.81832885742188
172.39993286132812
175.68875122070312
175.56283569335938
177.5798797607422
181.81777954101562
173.8733673095703
176.0229034423828
169.82073974609375
128.9295654296875
179.79348754882812
172.18093872070312
123.12791442871094
178.15916442871094
123.13470458984375
125.57041931152344
163.36900329589844
175.77835083007812
165.25836181640625
164.67385864257812
125.45600891113281
168.28939819335938
123.64633178710938
126.01449584960938
166.37875366210938
117.64888000488281
175.08895874023438
173.68905639648438
174.93490600585938
176.2398681640625
168.1268768310547
165.19058227539062
173.39337158203125
173.67218017578125
170.23721313476562
12.17759895324707
128.0834197998047
164.9022216796875
126.67127990722656
122.94519805908203
181.3350067138672
172.02554321289062
176.6097412109375
159.09934997558594
117.06070709228516
178.01443481445312
178.4480438232422
116.33259582519531
171.75755310058594
14.632726669311523
126.53164672851562
166.36578369140625
125.74014282226562
122.57141876220703
177.38243103027344
145.26992797851562
147.61993408203125
167.43666076660156
125.76875305175781
181.45547485351562
169.9281768798828
170.75588989257812
123.32470703125
118.1927261352539
129.1944122314453
123.50064086914062
175.8616485595703
168.9406280517578
130.0137481689453
126.02725219726562
14.404211044311523
120.4424057006836
168.57791137695312
168.849609375
167.11415100097656
126.78532409667969
179.83412170410156
145.5754852294922
167.6317138671875
168.2893829345703
164.2473907470703
166.71925354003906
173.63583374023438
169.57749938964844
166.57418823242188
10.063277244567871
126.08708190917969
170.5089874267578
161.54464721679688
124.02752685546875
12.658567428588867
124.037353515625
161.4912872314453
171.66795349121094
119.10693359375
173.78475952148438
125.9669189453125
129.85008239746094
159.26776123046875
28.329864501953125
121.44664001464844
171.67181396484375
174.44642639160156
174.9052276611328
165.17214965820312
170.63063049316406
166.8937530517578
173.09141540527344
156.48008728027344
163.7164764404297
167.45343017578125
161.87423706054688
120.21080017089844
169.8426513671875
171.5768585205078
127.45782470703125
128.8715057373047
165.4047088623047
167.93479919433594
166.08084106445312
177.34718322753906
145.88597106933594
166.4607696533203
164.15098571777344
124.03266906738281
169.25466918945312
26.321067810058594
157.23089599609375
165.63612365722656
123.12600708007812
169.2697296142578
116.39129638671875
166.5478515625
178.79672241210938
167.53933715820312
165.52859497070312
170.97518920898438
170.86764526367188
172.2578125
166.50120544433594
168.2043914794922
167.72825622558594
176.9908905029297
29.399616241455078
163.73655700683594
169.8931121826172
170.31919860839844
120.25407409667969
170.57394409179688
171.48184204101562
176.6117706298828
177.18365478515625
176.63169860839844
171.14651489257812
173.70849609375
28.3258056640625
173.1410675048828
142.25869750976562
19.056121826171875
168.7969970703125
142.8518829345703
176.07188415527344
170.51504516601562
174.8720245361328
173.73297119140625
29.525264739990234
127.67964172363281
176.06358337402344
174.26612854003906
170.9481964111328
178.45899963378906
175.34228515625
175.86888122558594
26.90017318725586
170.59979248046875
173.732666015625
169.09715270996094
167.2550811767578
17.684341430664062
166.04202270507812
172.58914184570312
173.8545684814453
20.61393165588379
138.38909912109375
27.821617126464844
172.62554931640625
168.70631408691406
12.334033966064453
32.31184768676758
141.043212890625
181.8715362548828
174.6072235107422
13.774942398071289
173.88552856445312
32.6036262512207
172.43759155273438
171.63528442382812
18.31224822998047
139.046142578125
172.99710083007812
170.15919494628906
167.69471740722656
171.43348693847656
127.96612548828125
149.61720275878906
171.93112182617188
29.577476501464844
172.7611846923828
173.7550811767578
168.32383728027344
176.05955505371094
172.7963409423828
171.1162109375
168.22544860839844
29.99942398071289
169.12530517578125
12.022684097290039
140.9135284423828
168.61474609375
126.96034240722656
173.02069091796875
171.89959716796875
172.14974975585938
175.8941192626953
174.1973114013672
166.73489379882812
169.21067810058594
170.82762145996094
173.80128479003906
163.86878967285156
173.3292694091797
172.96954345703125
164.13685607910156
129.31381225585938
27.993011474609375
172.4530029296875
167.78590393066406
177.29547119140625
167.81321716308594
30.707576751708984
179.05633544921875
167.3179473876953
165.99208068847656
177.92491149902344
168.81236267089844
30.321651458740234
120.68123626708984
173.357177734375
176.6918182373047
168.67013549804688
172.8834686279297
172.51919555664062
174.0605010986328
170.40135192871094
170.42977905273438
31.333904266357422
165.8380126953125
164.36843872070312
167.47496032714844
172.48960876464844
11.878620147705078
170.98629760742188
175.988037109375
173.25247192382812
164.66683959960938
177.7283172607422
34.03005599975586
157.71142578125
24.12559700012207
15.854686737060547
167.9070587158203
168.5677490234375
171.399658203125
167.00120544433594
170.5742645263672
160.57777404785156
166.54989624023438
174.4305877685547
177.50904846191406
173.30323791503906
169.9613800048828
166.3177490234375
168.67726135253906
170.99908447265625
166.549072265625
167.91114807128906
125.3084945678711
163.6121826171875
168.0719451904297
31.393314361572266
171.70166015625
164.7786865234375
173.48374938964844
31.197757720947266
30.602794647216797
166.38482666015625
172.7039337158203
172.94241333007812
169.15768432617188
174.12037658691406
173.28074645996094
168.35621643066406
171.38894653320312
172.95701599121094
165.79994201660156
170.206298828125
174.4282684326172
169.2831573486328
165.9348602294922
159.83958435058594
176.59796142578125
167.31178283691406
173.2197723388672
163.6533660888672
167.247314453125
167.7081756591797
32.29092025756836
167.92149353027344
185.21485900878906
174.96742248535156
170.22727966308594
166.7770233154297
30.514320373535156
173.4151153564453
175.7958526611328
170.27047729492188
139.99964904785156
124.36882019042969
177.10809326171875
162.70631408691406
176.21969604492188
177.0894012451172
136.1724395751953
179.44491577148438
31.969989776611328
167.4363250732422
167.69268798828125
173.18685913085938
33.64497375488281
164.94976806640625
16.4678897857666
142.67910766601562
172.8153839111328
27.86138153076172
176.8764190673828
174.32046508789062
174.6028594970703
168.34129333496094
169.32118225097656
175.9925079345703
180.49884033203125
168.39439392089844
175.46922302246094
175.64630126953125
173.13877868652344
164.56317138671875
176.27735900878906
157.67823791503906
180.03379821777344
177.4813232421875
174.9920196533203
180.4357452392578
96.47332000732422
167.1860809326172
178.55519104003906
171.1624298095703
174.02108764648438
184.7451629638672
176.3082733154297
14.543399810791016
45.83529281616211
177.1436767578125
175.66983032226562
181.025390625
19.29141616821289
47.43412780761719
176.34365844726562
172.5129852294922
30.74587631225586
171.49317932128906
171.96824645996094
168.4645233154297
171.5850372314453
172.27359008789062
180.35165405273438
175.63656616210938
178.20553588867188
170.2864532470703
174.85540771484375
167.71844482421875
169.7661590576172
169.29290771484375
178.29095458984375
171.76332092285156
131.60562133789062
172.2285614013672
172.158935546875
181.6769561767578
143.73899841308594
174.8165740966797
180.3845672607422
179.11276245117188
179.9070281982422
171.19503784179688
172.04721069335938
28.917022705078125
180.15309143066406
45.244564056396484
177.20628356933594
181.1958770751953
178.24520874023438
172.19564819335938
175.81922912597656
14.925668716430664
175.85995483398438
17.768646240234375
31.436275482177734
163.2760772705078
176.5220184326172
176.17897033691406
177.74398803710938
172.2744903564453
177.48745727539062
179.0382537841797
174.47186279296875
33.01924133300781
176.71693420410156
178.87510681152344
176.13702392578125
176.40689086914062
146.0542755126953
173.58375549316406
176.07083129882812
175.70933532714844
175.8402557373047
172.00071716308594
173.63180541992188
174.8258819580078
176.1004638671875
178.0510711669922
171.2917938232422
176.1924285888672
170.9064483642578
178.36080932617188
19.222169876098633
178.6597137451172
136.73565673828125
168.61898803710938
162.44036865234375
24.311052322387695
33.94261932373047
173.79722595214844
32.460182189941406
31.122398376464844
180.67340087890625
150.58834838867188
178.11935424804688
172.80288696289062
172.4965057373047
166.82412719726562
179.2522735595703
12.83082389831543
177.34007263183594
139.2532501220703
176.6593017578125
104.38511657714844
143.88385009765625
172.8618927001953
173.83924865722656
175.25436401367188
181.7572479248047
177.4903106689453
166.48016357421875
177.3383331298828
172.41552734375
108.10269165039062
175.92489624023438
174.4174346923828
174.63710021972656
133.95001220703125
177.20477294921875
168.50982666015625
168.86598205566406
175.27487182617188
174.24090576171875
171.11460876464844
26.211294174194336
174.39630126953125
17.139829635620117
180.228515625
173.19349670410156
15.725475311279297
18.91046142578125
175.25050354003906
175.74644470214844
168.35679626464844
114.13141632080078
171.76397705078125
172.52426147460938
175.34275817871094
177.83578491210938
172.551513671875
171.9070281982422
163.02024841308594
32.11579895019531
180.6443328857422
158.08554077148438
171.3495330810547
170.57119750976562
173.68881225585938
165.98387145996094
167.4418487548828
146.89129638671875
175.595703125
160.87179565429688
171.89083862304688
172.68431091308594
171.84393310546875
174.03567504882812
175.7622833251953
173.07655334472656
174.22195434570312
171.266845703125
18.619586944580078
27.934314727783203
28.255939483642578
170.64517211914062
114.22261810302734
174.48196411132812
19.59709930419922
174.50732421875
169.59547424316406
22.073511123657227
181.62490844726562
29.766284942626953
167.78994750976562
168.50982666015625
31.856689453125
170.29615783691406
168.29205322265625
172.83346557617188
176.5866241455078
171.66497802734375
20.655195236206055
33.499427795410156
177.9503173828125
16.392547607421875
29.814334869384766
107.84687805175781
168.0635223388672
180.68063354492188
179.3768768310547
178.31985473632812
168.78604125976562
172.4702911376953
174.75169372558594
171.03677368164062
174.9912872314453
171.65240478515625
18.441791534423828
174.24136352539062
172.81570434570312
21.255706787109375
175.86553955078125
29.021739959716797
115.6222152709961
176.19998168945312
180.261474609375
179.61827087402344
18.241397857666016
23.233407974243164
104.56356048583984
18.877656936645508
19.110118865966797
169.7930450439453
177.70993041992188
171.3160400390625
169.2837677001953
175.5833740234375
147.55917358398438
169.7940216064453
172.72023010253906
177.924560546875
19.314611434936523
15.66838264465332
165.22943115234375
21.501323699951172
106.78811645507812
165.64463806152344
16.110395431518555
180.44906616210938
17.278791427612305
34.39107894897461
174.22793579101562
177.73414611816406
174.3623504638672
32.23836898803711
178.5477752685547
181.7819366455078
174.50418090820312
31.88558578491211
168.7526397705078
21.066024780273438
98.94437408447266
181.19796752929688
122.73330688476562
169.27676391601562
159.0557098388672
176.62033081054688
165.2322998046875
32.971580505371094
175.83865356445312
111.57450103759766
174.393798828125
176.51966857910156
177.54478454589844
29.54007339477539
168.1607208251953
176.40663146972656
16.190473556518555
32.11130142211914
174.94033813476562
173.46243286132812
30.112125396728516
30.439987182617188
175.5357208251953
10.289417266845703
172.7101287841797
171.89561462402344
174.78114318847656
34.19352722167969
164.41632080078125
55.74139404296875
165.46328735351562
166.84445190429688
165.36289978027344
33.569480895996094
175.5877685546875
113.90364074707031
173.20681762695312
176.2082977294922
168.1640167236328
173.2677459716797
24.138914108276367
172.97105407714844
164.76271057128906
170.74281311035156
168.4812774658203
171.63638305664062
172.46072387695312
113.45332336425781
179.6377410888672
115.50117492675781
113.5842514038086
168.02659606933594
174.54490661621094
21.328176498413086
172.67958068847656
174.8760986328125
17.89495849609375
172.22451782226562
173.19622802734375
170.63600158691406
171.44322204589844
169.8402557373047
176.3307342529297
169.6143341064453
176.1464385986328
169.71444702148438
179.7194061279297
18.64101791381836
122.18555450439453
17.268705368041992
167.4981689453125
173.3250732421875
173.06591796875
178.50144958496094
170.9221649169922
166.60061645507812
168.77418518066406
164.0733184814453
174.6646728515625
169.026611328125
177.4239959716797
106.17118835449219
168.1436767578125
175.45669555664062
132.59327697753906
169.48097229003906
176.4714813232422
173.92446899414062
132.5508270263672
106.26666259765625
170.01126098632812
167.6927947998047
107.49969482421875
15.938186645507812
25.86050796508789
172.61891174316406
175.42156982421875
175.03240966796875
147.66275024414062
169.75503540039062
21.959672927856445
176.52215576171875
173.46429443359375
144.64791870117188
168.94479370117188
47.601341247558594
174.0260467529297
105.72085571289062
171.45314025878906
23.41897201538086
173.47549438476562
174.70265197753906
167.50973510742188
174.777587890625
17.163124084472656
174.0255889892578
168.6555938720703
175.8130645751953
155.2391357421875
172.98338317871094
171.92088317871094
165.52120971679688
169.4411163330078
173.25865173339844
176.1022491455078
135.23370361328125
169.5669403076172
175.81890869140625
173.06732177734375
176.00808715820312
108.63231658935547
179.5576629638672
172.07449340820312
175.22840881347656
164.45748901367188
163.1915740966797
171.19268798828125
176.9514923095703
176.19760131835938
172.1645050048828
173.7802734375
167.4105987548828
175.94671630859375
173.1067657470703
168.42880249023438
140.6892852783203
179.6761932373047
177.09170532226562
19.04220962524414
139.53561401367188
171.39512634277344
175.73904418945312
19.711467742919922
169.3846435546875
171.6851043701172
171.3353729248047
169.52516174316406
173.77330017089844
170.1823272705078
175.37527465820312
176.45616149902344
171.2052001953125
172.92578125
172.76651000976562
112.46946716308594
167.06710815429688
171.12924194335938
172.07131958007812
18.292818069458008
20.163122177124023
176.3926544189453
183.18582153320312
170.89279174804688
169.4069061279297
173.44317626953125
177.08229064941406
171.500244140625
166.70375061035156
174.2823028564453
174.17091369628906
173.3024444580078
169.62486267089844
175.1591796875
182.82589721679688
179.43939208984375
131.0253143310547
170.33702087402344
18.340892791748047
165.26683044433594
23.62091064453125
167.49468994140625
175.88604736328125
16.418664932250977
146.59262084960938
169.58642578125
178.90196228027344
173.22740173339844
175.69842529296875
155.0910186767578
161.05645751953125
140.74810791015625
137.8389892578125
176.87120056152344
174.4444580078125
148.06251525878906
172.14979553222656
172.00289916992188
166.89886474609375
15.148429870605469
11.364311218261719
26.839466094970703
178.51979064941406
139.79176330566406
174.93222045898438
169.70278930664062
170.5984344482422
174.25827026367188
132.9352569580078
176.27268981933594
173.68617248535156
165.66000366210938
177.86949157714844
175.47027587890625
182.26918029785156
176.44802856445312
88.1763687133789
185.07443237304688
179.37745666503906
134.65444946289062
181.86509704589844
139.75547790527344
136.8502960205078
171.54312133789062
31.973220825195312
17.949445724487305
15.758071899414062
16.253538131713867
174.47262573242188
169.0358428955078
13.193584442138672
181.4142303466797
170.8914794921875
175.88250732421875
174.13619995117188
173.9082794189453
176.2388916015625
162.77162170410156
172.671630859375
176.39068603515625
123.99247741699219
147.90322875976562
173.6935272216797
148.39109802246094
177.7311248779297
177.55165100097656
176.80242919921875
29.27942657470703
165.4033203125
172.43812561035156
168.24700927734375
172.23434448242188
179.80130004882812
179.50027465820312
178.43263244628906
168.1563720703125
105.55470275878906
175.9908905029297
171.5691680908203
109.53870391845703
135.83302307128906
178.23544311523438
154.54278564453125
180.80252075195312
106.00578308105469
174.3598175048828
172.53402709960938
134.58926391601562
172.8453826904297
19.209623336791992
112.26394653320312
168.7482452392578
176.5303497314453
157.0086669921875
176.98023986816406
171.2156219482422
172.21311950683594
173.49468994140625
178.6090087890625
176.4531707763672
146.258056640625
175.95960998535156
178.1219940185547
174.449462890625
185.03652954101562
175.27972412109375
174.7167205810547
173.15867614746094
176.03262329101562
181.01620483398438
180.41241455078125
177.7379913330078
172.093994140625
178.07716369628906
178.06935119628906
137.0229034423828
175.0817413330078
172.40875244140625
182.37054443359375
166.59910583496094
159.7515869140625
172.0524139404297
173.33982849121094
19.92371940612793
181.37632751464844
172.88360595703125
114.50633239746094
27.02008819580078
19.88399887084961
181.1880340576172
172.58724975585938
177.0804443359375
169.5111541748047
175.1983642578125
23.04868507385254
17.53730583190918
173.78787231445312
165.95248413085938
182.8404998779297
176.15611267089844
143.2759246826172
125.81947326660156
167.1063690185547
147.37510681152344
168.3628692626953
177.55740356445312
175.85794067382812
180.16517639160156
145.66371154785156
100.18086242675781
176.30247497558594
173.4800567626953
125.81068420410156
177.21693420410156
12.257423400878906
176.18275451660156
174.5433349609375
178.70779418945312
172.5607147216797
173.15805053710938
13.586669921875
147.6161346435547
142.65699768066406
174.4344024658203
177.76536560058594
102.99359893798828
168.4009552001953
179.6505584716797
180.11138916015625
131.31292724609375
179.91571044921875
184.1324920654297
172.95774841308594
175.48556518554688
104.00333404541016
176.98617553710938
166.55776977539062
159.67344665527344
175.52273559570312
175.6843719482422
177.47540283203125
178.52040100097656
175.0837860107422
178.64395141601562
174.01658630371094
179.84371948242188
165.73118591308594
182.06993103027344
180.5092315673828
178.476806640625
120.4061050415039
165.63809204101562
175.0920867919922
167.56170654296875
139.14797973632812
18.477981567382812
167.6162567138672
182.18310546875
126.27693176269531
175.700439453125
104.25521850585938
32.21221160888672
102.7591552734375
30.280948638916016
126.73789978027344
174.9974822998047
177.90505981445312
108.84281921386719
176.5810546875
17.205307006835938
169.52590942382812
171.05116271972656
110.11458587646484
23.57495880126953
26.18889617919922
124.201904296875
179.14942932128906
124.51834106445312
145.9517364501953
163.90252685546875
103.51693725585938
177.2748260498047
172.84625244140625
178.99551391601562
179.8223876953125
171.98379516601562
134.93478393554688
171.61550903320312
172.86874389648438
163.2566680908203
145.91439819335938
170.1971893310547
174.8750457763672
127.21101379394531
178.60716247558594
173.3424530029297
162.0731964111328
170.02899169921875
166.5424041748047
126.03056335449219
178.04502868652344
167.12913513183594
126.07499694824219
178.81248474121094
165.7250213623047
16.960277557373047
172.54383850097656
170.82530212402344
167.23788452148438
172.9306640625
170.6753387451172
176.59815979003906
165.93666076660156
128.86134338378906
170.498046875
173.28561401367188
176.17881774902344
173.426025390625
177.02528381347656
23.563613891601562
144.1195526123047
176.49049377441406
174.07325744628906
177.79017639160156
165.43075561523438
179.1062774658203
19.686325073242188
125.47909545898438
170.83694458007812
172.76539611816406
173.04885864257812
176.37841796875
174.9457550048828
21.035198211669922
178.3238525390625
182.5804443359375
137.9725799560547
169.70535278320312
181.16310119628906
175.82435607910156
168.74935913085938
176.42437744140625
178.32801818847656
177.8708038330078
171.048583984375
172.5972137451172
177.89524841308594
182.82110595703125
172.50917053222656
22.83251190185547
152.8389129638672
23.74918556213379
173.17337036132812
140.05831909179688
169.04542541503906
124.89613342285156
173.7830047607422
175.0961151123047
145.3318328857422
168.31954956054688
180.0303192138672
173.59417724609375
173.0081024169922
181.9247589111328
172.4530792236328
177.53221130371094
176.3772430419922
120.43783569335938
172.9840545654297
177.92259216308594
176.5604705810547
171.79376220703125
178.17709350585938
182.6454315185547
181.83570861816406
19.81960678100586
134.97531127929688
175.4842529296875
178.70205688476562
178.16677856445312
17.203521728515625
173.60687255859375
174.580322265625
173.19261169433594
172.82571411132812
178.6365203857422
168.22413635253906
177.9827880859375
181.7076873779297
171.36875915527344
128.18060302734375
122.66519927978516
157.46014404296875
140.152587890625
181.87489318847656
138.56256103515625
122.12066650390625
164.9214324951172
119.96666717529297
119.77471923828125
16.891742706298828
116.10128784179688
121.15050506591797
172.15853881835938
173.63143920898438
64.9396743774414
163.86813354492188
148.79490661621094
161.6976318359375
152.61679077148438
117.5411148071289
108.62860107421875
171.55419921875
149.02919006347656
167.4786834716797
121.00967407226562
174.4528045654297
160.6929931640625
139.67288208007812
161.40638732910156
43.901302337646484
155.39158630371094
172.76339721679688
168.02528381347656
163.67137145996094
164.70993041992188
115.33467864990234
116.82149505615234
165.3627166748047
174.27511596679688
173.26974487304688
161.04432678222656
116.27191162109375
132.70547485351562
156.77142333984375
163.73480224609375
169.864501953125
162.443359375
118.12699127197266
167.41551208496094
165.78506469726562
99.11087799072266
82.63755798339844
167.72398376464844
162.11322021484375
152.1573944091797
176.3701934814453
120.5685806274414
132.06045532226562
168.62632751464844
117.13194274902344
155.5731658935547
115.6017837524414
175.8238983154297
163.03077697753906
151.23287963867188
170.2042236328125
162.5013885498047
164.06207275390625
117.07771301269531
119.15201568603516
161.5527801513672
164.8843231201172
160.34214782714844
181.4187469482422
173.34420776367188
161.1842498779297
165.08489990234375
167.4116668701172
168.6768341064453
152.16177368164062
173.11900329589844
172.33302307128906
121.21568298339844
155.55184936523438
143.94329833984375
165.05838012695312
126.12403869628906
162.20211791992188
161.67050170898438
167.98863220214844
110.40693664550781
118.71444702148438
168.63380432128906
160.49168395996094
160.7412872314453
161.877197265625
123.78221130371094
172.6536102294922
153.62156677246094
169.01394653320312
22.593215942382812
170.55747985839844
140.78086853027344
161.68870544433594
165.93165588378906
122.23381805419922
175.66363525390625
164.7316131591797
159.9888916015625
149.17620849609375
151.00306701660156
168.9477996826172
158.476318359375
118.86941528320312
138.33966064453125
163.99533081054688
172.37022399902344
148.21279907226562
102.6124267578125
170.5649871826172
158.17681884765625
155.2224578857422
170.06390380859375
161.5579833984375
149.57159423828125
164.4043731689453
167.03244018554688
132.3889923095703
165.1129150390625
158.11875915527344
108.83094024658203
165.9073486328125
174.3073272705078
167.93638610839844
138.83628845214844
162.0725555419922
158.3594512939453
162.78253173828125
118.75757598876953
169.90342712402344
156.21511840820312
116.0010986328125
145.0631561279297
157.42445373535156
153.55169677734375
167.46954345703125
132.02987670898438
158.3870849609375
162.682861328125
163.28892517089844
164.50982666015625
170.53253173828125
160.12315368652344
171.25892639160156
170.8024139404297
175.1915283203125
166.58226013183594
169.0516815185547
117.9994125366211
166.15301513671875
168.74957275390625
167.1400604248047
162.69163513183594
167.49920654296875
148.88470458984375
158.4349365234375
122.66842651367188
163.31971740722656
171.59646606445312
168.71868896484375
130.9702911376953
164.32069396972656
166.87391662597656
163.6505126953125
121.49616241455078
112.76761627197266
147.92359924316406
120.2127456665039
152.47984313964844
165.3238067626953
113.61878967285156
157.5788116455078
101.44161987304688
119.40669250488281
151.14256286621094
159.22311401367188
158.34759521484375
168.6002960205078
170.77786254882812
173.53297424316406
76.99561309814453
163.96456909179688
160.702880859375
153.57083129882812
163.72193908691406
155.88291931152344
162.8976287841797
163.7563018798828
165.232177734375
141.1212158203125
117.80606842041016
156.69644165039062
86.05223846435547
155.7908935546875
159.8922119140625
156.9303741455078
116.76636505126953
106.39002227783203
118.08177947998047
123.07159423828125
108.80196380615234
119.08997344970703
164.55990600585938
163.3889617919922
161.4654998779297
160.6239776611328
159.15545654296875
158.72251892089844
162.65353393554688
168.4827117919922
115.8760986328125
167.6171417236328
112.49871826171875
154.52401733398438
121.45823669433594
33.1807746887207
115.13450622558594
92.57757568359375
166.39939880371094
159.45440673828125
165.02804565429688
163.9983673095703
173.8353729248047
158.61537170410156
121.30071258544922
109.89933013916016
171.99331665039062
171.98611450195312
158.80775451660156
162.48260498046875
124.80986022949219
165.63613891601562
161.56007385253906
170.8131561279297
120.08842468261719
165.30738830566406
171.38006591796875
154.8834686279297
165.65301513671875
161.66445922851562
162.5760498046875
160.354248046875
171.60768127441406
166.15133666992188
165.3662109375
164.51112365722656
129.27969360351562
155.54656982421875
164.95513916015625
170.42832946777344
163.4425048828125
162.450927734375
171.2435760498047
164.73870849609375
175.01116943359375
122.54227447509766
163.43185424804688
166.3511505126953
162.23435974121094
162.74525451660156
166.5720672607422
155.33303833007812
160.06185913085938
152.84828186035156
168.7823028564453
160.1399688720703
129.0497283935547
164.4673309326172
168.94212341308594
162.68507385253906
173.50723266601562
160.33274841308594
170.4859619140625
173.5232696533203
161.1038818359375
142.02874755859375
144.12411499023438
168.20982360839844
155.942138671875
164.79901123046875
169.2391357421875
173.99818420410156
120.61248016357422
176.0839385986328
161.43531799316406
110.85115051269531
166.82859802246094
170.55311584472656
172.86184692382812
168.0958251953125
97.28065490722656
121.17855072021484
163.1243133544922
174.31336975097656
170.21556091308594
156.44711303710938
162.23377990722656
161.50607299804688
177.48533630371094
143.0917510986328
170.8975830078125
174.61976623535156
170.79635620117188
93.82661437988281
174.04605102539062
129.9336395263672
173.81858825683594
165.0133514404297
116.46665954589844
158.2691650390625
166.3452606201172
124.49635314941406
167.9210968017578
171.90725708007812
144.99258422851562
174.63833618164062
121.6169662475586
150.93797302246094
154.13385009765625
15.469758987426758
170.48703002929688
174.5150909423828
175.35337829589844
169.47068786621094
164.19712829589844
173.4512939453125
112.94605255126953
171.9761199951172
167.7783660888672
171.19671630859375
170.06973266601562
168.1848602294922
156.64089965820312
165.12034606933594
165.49041748046875
173.36898803710938
165.2919464111328
174.01974487304688
171.96099853515625
179.38204956054688
173.44473266601562
170.0487060546875
168.2888641357422
168.44760131835938
171.09115600585938
126.41790771484375
169.508056640625
159.08445739746094
169.784423828125
160.6477508544922
181.89671325683594
26.33173942565918
124.80903625488281
122.95948791503906
156.97215270996094
114.30294799804688
164.5469512939453
116.6675033569336
155.79669189453125
167.71267700195312
165.04629516601562
177.7537078857422
117.47480773925781
170.8633575439453
170.17892456054688
167.38441467285156
165.7640838623047
167.8948974609375
161.88278198242188
171.5900421142578
170.88360595703125
176.13955688476562
164.437744140625
172.0151824951172
176.99278259277344
171.61668395996094
165.42083740234375
170.9310760498047
168.27090454101562
166.35398864746094
172.40121459960938
172.3568115234375
29.382221221923828
165.2098846435547
170.67259216308594
167.77796936035156
166.61700439453125
174.04930114746094
127.79562377929688
169.80743408203125
167.04969787597656
171.43402099609375
172.46484375
163.54739379882812
170.2462615966797
164.6015167236328
170.90533447265625
168.9890594482422
169.72918701171875
124.95315551757812
141.62904357910156
174.93991088867188
170.8230743408203
19.861087799072266
161.39846801757812
168.69357299804688
162.43307495117188
163.37762451171875
170.26385498046875
164.1891632080078
171.110595703125
173.19097900390625
166.88906860351562
166.06097412109375
19.849319458007812
146.8588104248047
155.65855407714844
168.08053588867188
169.2628631591797
164.16612243652344
164.2711944580078
168.86817932128906
161.5104522705078
157.81578063964844
169.86868286132812
175.09954833984375
173.77560424804688
163.72463989257812
166.15245056152344
174.32843017578125
172.97476196289062
167.520751953125
33.56891632080078
162.1636505126953
169.59983825683594
168.65771484375
167.3983917236328
166.6874542236328
87.91327667236328
158.67626953125
151.90371704101562
166.66510009765625
166.63645935058594
165.91481018066406
167.56228637695312
119.93920135498047
161.7392120361328
171.75225830078125
160.9957733154297
164.3838653564453
169.020263671875
176.05609130859375
32.51530075073242
168.528076171875
175.22019958496094
170.64454650878906
171.5546875
122.17182922363281
27.61925506591797
123.87200927734375
175.49014282226562
173.44227600097656
121.29534912109375
171.50814819335938
174.34454345703125
176.4430389404297
173.52662658691406
176.90806579589844
120.09620666503906
181.185546875
171.65545654296875
175.44509887695312
175.93128967285156
178.8627166748047
169.4795684814453
167.31431579589844
94.43595123291016
175.44215393066406
168.7282257080078
95.98556518554688
27.375797271728516
185.3372344970703
168.62945556640625
171.02137756347656
171.86917114257812
166.55496215820312
31.525989532470703
176.99002075195312
174.72750854492188
175.52120971679688
169.20179748535156
175.04603576660156
172.8871307373047
47.8525276184082
176.98545837402344
176.87368774414062
177.5906524658203
180.32859802246094
173.9362030029297
182.003662109375
99.11152648925781
101.69019317626953
91.52153778076172
17.166067123413086
176.7729034423828
171.5453643798828
178.6575164794922
165.9053955078125
42.21493911743164
171.09849548339844
28.71628189086914
174.54086303710938
175.56275939941406
165.0847625732422
169.87005615234375
174.1624298095703
175.2916259765625
173.21424865722656
170.48043823242188
21.81644058227539
178.60702514648438
113.69951629638672
179.3563995361328
172.0185546875
175.111083984375
174.4991912841797
172.3465576171875
175.30679321289062
177.52931213378906
126.92701721191406
171.1542205810547
182.14866638183594
126.11764526367188
178.22174072265625
110.07450866699219
168.97702026367188
174.61276245117188
17.547697067260742
181.0908966064453
179.2016143798828
170.2769775390625
167.886962890625
176.93006896972656
174.83859252929688
119.93648529052734
177.2038116455078
124.19956970214844
169.46971130371094
119.1549301147461
177.82554626464844
33.73650360107422
176.61532592773438
173.0846710205078
179.6924285888672
176.98318481445312
21.316905975341797
175.97962951660156
22.976478576660156
169.95343017578125
180.31539916992188
171.90667724609375
171.51004028320312
177.7217254638672
144.03097534179688
46.92493438720703
173.95675659179688
177.45301818847656
138.0825958251953
175.736572265625
178.52688598632812
174.6517791748047
177.13587951660156
180.62899780273438
177.04901123046875
178.29705810546875
143.1874237060547
175.6156463623047
174.03990173339844
147.87171936035156
172.93148803710938
168.39007568359375
170.83078002929688
119.16436004638672
168.83985900878906
165.9178466796875
170.57150268554688
155.03578186035156
171.9513702392578
169.4697265625
169.54400634765625
170.35003662109375
165.91473388671875
169.95204162597656
174.25534057617188
175.51931762695312
173.9478302001953
175.2950439453125
169.0509796142578
169.68382263183594
174.95533752441406
157.81500244140625
167.0535430908203
166.42913818359375
168.46539306640625
165.7720184326172
170.6132049560547
173.10951232910156
176.31997680664062
174.34410095214844
171.57070922851562
18.252037048339844
165.25360107421875
169.0044403076172
167.50625610351562
167.99952697753906
167.52049255371094
172.40711975097656
111.9798583984375
169.5176239013672
164.00814819335938
171.4390411376953
173.75552368164062
170.8504638671875
120.2445068359375
169.61795043945312
172.02328491210938
168.26197814941406
166.17396545410156
126.11331176757812
122.50723266601562
173.8911895751953
172.2818603515625
164.5625457763672
173.7174835205078
167.46331787109375
179.30276489257812
168.3494110107422
176.23489379882812
169.923828125
124.03175354003906
168.60748291015625
92.86231231689453
171.88734436035156
174.43374633789062
179.9794921875
176.06968688964844
171.34695434570312
169.8886260986328
176.35494995117188
175.06077575683594
175.3267822265625
168.72784423828125
173.84886169433594
175.01377868652344
178.39593505859375
111.56934356689453
18.619779586791992
177.01072692871094
174.8496551513672
176.37289428710938
178.5272979736328
152.34718322753906
172.2864227294922
171.57406616210938
162.12493896484375
119.99784851074219
180.17562866210938
126.53007507324219
175.62014770507812
169.03623962402344
173.64401245117188
169.502685546875
28.09725570678711
88.1041488647461
175.88832092285156
170.8745880126953
172.9072265625
171.72781372070312
178.1485137939453
176.46127319335938
169.2257537841797
174.4515838623047
179.922119140625
177.12571716308594
166.46218872070312
119.79133605957031
177.88999938964844
130.3647003173828
179.77137756347656
171.4780731201172
125.232666015625
181.5067596435547
169.95858764648438
177.26356506347656
117.7883071899414
175.74598693847656
121.60679626464844
128.95323181152344
177.69171142578125
172.9308319091797
177.79678344726562
181.20257568359375
173.4541778564453
176.35586547851562
128.39305114746094
97.69371032714844
121.3391342163086
172.44378662109375
182.48800659179688
132.3212432861328
24.915218353271484
116.22362518310547
173.9272918701172
118.64356994628906
173.9600830078125
174.20806884765625
180.513671875
175.2831573486328
130.2568817138672
131.1650390625
172.10394287109375
90.8038101196289
181.75340270996094
166.6883087158203
143.64573669433594
125.69007873535156
178.67794799804688
125.43733215332031
177.84317016601562
166.83348083496094
178.45213317871094
175.82005310058594
20.96804428100586
175.0298614501953
122.51078796386719
127.789306640625
170.39537048339844
175.197265625
181.56834411621094
170.86822509765625
172.9479217529297
94.49329376220703
127.14280700683594
95.10325622558594
176.15234375
128.234375
172.24378967285156
173.98886108398438
175.6028594970703
172.9593505859375
166.76983642578125
23.624469757080078
176.36541748046875
163.1242218017578
177.40025329589844
116.3877944946289
178.24864196777344
123.51931762695312
174.91912841796875
174.4823455810547
169.00442504882812
92.0541000366211
173.42742919921875
173.7050018310547
168.56739807128906
167.03074645996094
175.40870666503906
176.2802276611328
182.368408203125
175.35142517089844
86.83615112304688
172.39511108398438
170.96556091308594
44.7454719543457
176.8140411376953
171.57589721679688
122.3472671508789
170.81317138671875
177.5067596435547
181.02598571777344
175.5589141845703
174.67303466796875
157.08370971679688
173.40170288085938
167.94532775878906
116.04129791259766
99.19082641601562
161.31204223632812
181.3229522705078
176.03955078125
186.4464874267578
173.00599670410156
175.94480895996094
182.43763732910156
169.3977508544922
178.35098266601562
181.18414306640625
183.81460571289062
91.77298736572266
180.12493896484375
110.09151458740234
182.42311096191406
173.3922882080078
127.56925964355469
177.66896057128906
174.44522094726562
31.724510192871094
176.50755310058594
179.73785400390625
171.4716796875
165.03414916992188
177.02517700195312
162.82705688476562
175.059326171875
173.37908935546875
126.78042602539062
176.9145965576172
174.04739379882812
170.70550537109375
166.75668334960938
178.43284606933594
179.5120391845703
130.15708923339844
178.32737731933594
106.29468536376953
167.86941528320312
169.0422821044922
169.9687042236328
173.38755798339844
178.6049041748047
164.95082092285156
172.7456817626953
175.39776611328125
169.92950439453125
171.7996826171875
175.79527282714844
173.6973114013672
171.86997985839844
136.66220092773438
169.63780212402344
178.8164825439453
174.75732421875
182.2865447998047
171.76255798339844
87.3212890625
171.530517578125
59.828529357910156
124.38258361816406
175.00274658203125
179.41403198242188
144.99246215820312
179.23599243164062
172.86383056640625
22.246135711669922
83.59102630615234
167.87771606445312
120.65803527832031
173.40032958984375
179.39450073242188
167.8729248046875
171.9855194091797
129.31353759765625
100.19488525390625
166.4298858642578
172.57432556152344
180.43679809570312
165.5417938232422
174.50506591796875
113.05917358398438
177.45701599121094
175.01954650878906
171.40286254882812
179.4688720703125
175.77012634277344
175.90582275390625
151.03890991210938
179.9148406982422
173.7949981689453
180.55857849121094
175.56936645507812
179.8540802001953
180.71043395996094
165.23765563964844
183.304443359375
177.51393127441406
175.6808319091797
129.81256103515625
28.4093017578125
182.32632446289062
174.66163635253906
176.5098876953125
179.15492248535156
172.07379150390625
123.80398559570312
174.947265625
178.6947021484375
175.70614624023438
168.7172088623047
171.65711975097656
179.30923461914062
181.86904907226562
158.4810791015625
169.114501953125
177.1472625732422
176.33554077148438
151.3156280517578
173.64315795898438
90.02031707763672
127.94213104248047
168.30674743652344
142.21826171875
170.696044921875
178.89199829101562
20.995595932006836
171.87509155273438
175.38087463378906
181.6800079345703
186.82687377929688
87.42938995361328
174.47564697265625
165.30905151367188
123.28109741210938
159.60365295410156
176.80661010742188
173.88612365722656
177.0380859375
19.599729537963867
174.20758056640625
171.93992614746094
136.92562866210938
179.12698364257812
132.6533966064453
178.64686584472656
172.8578643798828
172.9733428955078
176.5638885498047
176.61114501953125
24.974424362182617
172.51905822753906
176.87335205078125
177.97276306152344
176.04397583007812
179.57879638671875
176.12841796875
179.6671905517578
21.674522399902344
178.5662841796875
32.91627502441406
180.95614624023438
175.46241760253906
168.87091064453125
180.62388610839844
22.07427215576172
126.35543823242188
176.2744598388672
176.68980407714844
177.6432647705078
181.2615966796875
24.355670928955078
177.11630249023438
88.54476928710938
128.35797119140625
183.07733154296875
128.24356079101562
181.08570861816406
20.541723251342773
122.29815673828125
182.66546630859375
175.80267333984375
170.7202606201172
179.81524658203125
155.8234100341797
122.47381591796875
169.3302764892578
123.21971130371094
182.4185333251953
168.55665588378906
93.12850189208984
177.68304443359375
124.53697204589844
83.8570785522461
182.5931396484375
176.8700408935547
121.6923599243164
178.42015075683594
129.06600952148438
180.36502075195312
180.38636779785156
184.11715698242188
125.25428771972656
32.9498405456543
172.0192108154297
172.15933227539062
122.54296875
180.718505859375
182.88844299316406
181.685546875
176.0333709716797
182.9215545654297
181.55108642578125
27.855907440185547
178.19900512695312
178.07821655273438
178.27198791503906
180.422119140625
177.0164337158203
183.09498596191406
171.02838134765625
176.80836486816406
23.56048583984375
175.28842163085938
24.678918838500977
177.0326690673828
182.87847900390625
174.6779327392578
176.26414489746094
131.2446746826172
181.0919952392578
179.05982971191406
178.7815399169922
186.59600830078125
183.287841796875
169.67202758789062
90.89326477050781
173.9731903076172
180.10162353515625
182.71722412109375
173.68907165527344
177.60723876953125
181.18162536621094
179.81509399414062
181.14413452148438
181.3805389404297
172.4922637939453
178.28822326660156
177.12246704101562
182.5580291748047
181.468505859375
142.32150268554688
175.96913146972656
178.06784057617188
182.49436950683594
174.7753143310547
172.20147705078125
180.0139617919922
179.01046752929688
178.1337890625
181.63038635253906
182.29458618164062
178.4534912109375
178.51815795898438
174.67808532714844
134.58755493164062
175.45501708984375
180.6995086669922
24.033344268798828
179.271728515625
177.05111694335938
22.843971252441406
129.48109436035156
170.23269653320312
24.552553176879883
180.97190856933594
174.16232299804688
175.2681121826172
182.29576110839844
176.87181091308594
183.70973205566406
116.43026733398438
181.20993041992188
104.56622314453125
85.10626220703125
172.56951904296875
175.27239990234375
170.21751403808594
172.46954345703125
161.723388671875
169.64102172851562
154.28172302246094
171.31378173828125
163.93165588378906
171.21995544433594
169.5973663330078
172.4861602783203
121.64837646484375
103.85075378417969
170.5688934326172
164.52232360839844
55.72639846801758
171.38414001464844
160.9997100830078
171.50466918945312
152.15902709960938
110.57811737060547
173.91835021972656
157.0405731201172
177.98904418945312
170.4994354248047
168.5008087158203
174.7883758544922
172.36553955078125
129.26187133789062
172.89833068847656
162.85610961914062
171.01687622070312
174.63890075683594
171.92881774902344
171.56288146972656
170.3104705810547
163.4381866455078
170.9512939453125
166.37835693359375
166.23007202148438
161.33917236328125
175.00906372070312
165.287109375
167.1575164794922
173.70054626464844
166.75814819335938
165.2029266357422
167.85191345214844
171.3657684326172
148.82965087890625
169.13768005371094
177.48997497558594
173.47564697265625
169.6605987548828
174.79566955566406
173.9357452392578
27.238704681396484
169.0942840576172
176.7581787109375
129.08351135253906
179.17807006835938
177.09169006347656
172.40969848632812
177.04544067382812
177.13885498046875
176.52780151367188
180.345458984375
181.87957763671875
121.93876647949219
177.6128387451172
183.94712829589844
182.627197265625
177.1343994140625
177.4753875732422
174.1482696533203
181.17237854003906
181.8140869140625
177.79725646972656
180.24241638183594
165.79763793945312
172.314208984375
181.19920349121094
172.3339080810547
178.3946990966797
181.56564331054688
178.25892639160156
170.24757385253906
130.02734375
177.76942443847656
177.28236389160156
152.39195251464844
177.54510498046875
177.23519897460938
177.06626892089844
78.61045837402344
180.86924743652344
170.29022216796875
122.30859375
181.5972137451172
172.9827117919922
180.0714569091797
180.47821044921875
94.34494018554688
118.61982727050781
176.238525390625
179.20480346679688
177.98782348632812
177.8977813720703
169.95095825195312
168.79869079589844
181.44508361816406
176.7749481201172
179.84848022460938
182.52020263671875
173.25613403320312
20.257904052734375
171.0303192138672
182.5472412109375
176.56817626953125
181.83287048339844
176.68032836914062
179.62603759765625
181.11495971679688
64.03861999511719
128.55514526367188
176.6916046142578
180.707275390625
105.6926040649414
177.26353454589844
178.37197875976562
62.046714782714844
179.1756134033203
179.233154296875
180.1282196044922
176.61898803710938
122.6718978881836
180.11363220214844
185.7442626953125
125.96913146972656
179.8120574951172
175.8293914794922
177.79063415527344
134.0211181640625
182.53414916992188
185.18519592285156
133.256103515625
62.34346008300781
133.37319946289062
176.65618896484375
175.15518188476562
180.45281982421875
171.48214721679688
175.58963012695312
183.20428466796875
124.90489196777344
130.55209350585938
174.88998413085938
176.18035888671875
174.0842742919922
171.67721557617188
183.732666015625
178.91964721679688
178.20562744140625
169.4752655029297
178.80902099609375
174.9114990234375
184.10519409179688
176.44969177246094
178.1991424560547
174.94229125976562
124.67091369628906
181.43775939941406
30.022884368896484
175.14675903320312
177.06365966796875
179.0887908935547
179.3144989013672
127.93916320800781
175.50570678710938
182.93934631347656
79.86783599853516
83.64698791503906
168.55772399902344
181.07984924316406
179.4520721435547
177.26416015625
177.451904296875
173.334228515625
172.35562133789062
180.828369140625
179.50523376464844
179.3776092529297
177.650390625
178.76824951171875
123.56852722167969
177.07127380371094
177.13351440429688
125.54315185546875
172.19664001464844
169.9270782470703
93.64356994628906
181.3155517578125
127.24221801757812
179.8239288330078
177.7707977294922
182.73483276367188
129.3997039794922
176.34762573242188
176.53982543945312
178.68971252441406
174.68675231933594
177.42178344726562
175.7681884765625
181.06271362304688
178.5127716064453
169.63926696777344
180.07244873046875
173.22157287597656
177.11404418945312
171.35400390625
180.46002197265625
181.45034790039062
144.36502075195312
170.4748077392578
177.8638153076172
179.1919708251953
182.22000122070312
174.90792846679688
178.26060485839844
146.30014038085938
173.0706787109375
179.69871520996094
183.60557556152344
178.5934600830078
127.23683166503906
178.8632354736328
173.18357849121094
171.6100616455078
125.27226257324219
181.72109985351562
175.03208923339844
168.228515625
182.5785369873047
179.8064422607422
186.23861694335938
178.053466796875
129.482421875
177.92153930664062
176.23202514648438
174.39219665527344
180.0730743408203
179.30435180664062
171.180908203125
21.301984786987305
118.043701171875
180.86276245117188
181.7294464111328
130.6719207763672
165.8374786376953
183.68934631347656
86.62410736083984
22.633800506591797
154.15707397460938
176.48716735839844
135.99020385742188
126.55514526367188
171.91795349121094
179.709716796875
182.87335205078125
18.15949821472168
177.5398406982422
181.89907836914062
122.75018310546875
176.71559143066406
179.8822021484375
179.7323760986328
178.6875
179.27528381347656
176.48739624023438
182.16424560546875
182.77972412109375
180.30699157714844
176.54519653320312
177.0889129638672
180.40333557128906
178.65419006347656
175.603759765625
182.715576171875
180.01341247558594
27.557113647460938
170.92266845703125
175.16831970214844
124.75326538085938
127.2860107421875
177.14308166503906
140.34170532226562
185.43081665039062
182.17955017089844
171.69102478027344
183.3656463623047
97.1966323852539
177.97454833984375
180.1254425048828
94.32051849365234
179.2743377685547
180.8455047607422
179.32090759277344
180.08352661132812
185.08450317382812
31.330554962158203
16.856056213378906
173.178466796875
180.23892211914062
185.33712768554688
181.209716796875
183.37362670898438
171.11068725585938
181.67698669433594
181.84681701660156
184.99107360839844
22.586973190307617
26.1090030670166
179.67494201660156
172.4756317138672
184.22152709960938
128.09593200683594
93.80081176757812
130.35317993164062
125.95191955566406
182.84011840820312
176.3181915283203
182.60671997070312
181.30223083496094
179.48634338378906
176.79754638671875
23.341318130493164
24.528066635131836
182.3743438720703
183.38226318359375
129.4056396484375
175.13645935058594
126.611572265625
179.958740234375
134.33990478515625
126.87751770019531
179.31167602539062
180.35459899902344
171.18853759765625
184.86685180664062
181.4332733154297
178.69976806640625
181.40301513671875
33.547515869140625
180.0788116455078
182.21295166015625
179.82598876953125
179.96035766601562
22.947708129882812
94.77308654785156
183.65841674804688
184.1581268310547
173.77906799316406
177.62388610839844
132.6575927734375
180.07559204101562
18.715072631835938
26.7635440826416
128.9249725341797
183.33599853515625
184.9246368408203
130.37313842773438
20.482633590698242
177.94020080566406
175.42990112304688
180.40936279296875
128.3835906982422
168.62144470214844
171.5782470703125
176.9736328125
170.28750610351562
19.400840759277344
177.84878540039062
176.8787078857422
178.92994689941406
183.04039001464844
184.50088500976562
178.5042266845703
182.9594268798828
176.61831665039062
184.8828125
171.4721221923828
128.4189910888672
177.25949096679688
176.25352478027344
181.23385620117188
176.5066680908203
23.484336853027344
182.6024932861328
19.67170524597168
177.92010498046875
179.24501037597656
183.23284912109375
173.52847290039062
183.32029724121094
180.4429931640625
178.688720703125
179.00942993164062
177.28659057617188
179.89549255371094
174.11996459960938
180.34866333007812
173.02883911132812
124.35472106933594
173.66934204101562
185.7491455078125
181.50518798828125
19.50998306274414
181.73324584960938
176.65097045898438
19.37689971923828
123.20401000976562
16.20050811767578
174.59414672851562
183.83546447753906
188.08042907714844
183.92893981933594
185.23866271972656
21.155488967895508
175.38943481445312
179.08155822753906
175.15643310546875
178.47186279296875
17.143415451049805
177.779296875
179.9426727294922
182.22732543945312
172.34671020507812
175.33790588378906
181.197509765625
173.33499145507812
172.16854858398438
167.31654357910156
173.76109313964844
177.5902557373047
179.52517700195312
177.56768798828125
24.56027603149414
22.46254539489746
179.9118194580078
129.44554138183594
27.809303283691406
48.06147384643555
179.16635131835938
124.0513916015625
175.67544555664062
177.8656005859375
177.23931884765625
175.8147430419922
122.4895248413086
183.96096801757812
81.07223510742188
170.10472106933594
128.47994995117188
176.44699096679688
177.09400939941406
179.77743530273438
175.61639404296875
176.82119750976562
172.9222869873047
180.5854034423828
181.4453582763672
176.49661254882812
124.48460388183594
173.45513916015625
104.45246124267578
172.6155242919922
182.40150451660156
27.79537582397461
138.51657104492188
172.26004028320312
175.14341735839844
78.2458267211914
174.4683074951172
174.56874084472656
176.2597198486328
179.09768676757812
164.37750244140625
178.4009552001953
116.56649780273438
178.80059814453125
111.18463134765625
177.6676483154297
176.68545532226562
125.06437683105469
184.13290405273438
168.0609893798828
137.03744506835938
179.71803283691406
22.028579711914062
163.20201110839844
177.61720275878906
36.013038635253906
189.38340759277344
173.0242462158203
174.82310485839844
177.10263061523438
182.16651916503906
180.23577880859375
177.76800537109375
173.03738403320312
48.262508392333984
152.59693908691406
179.9180145263672
180.72413635253906
53.95206069946289
176.5873565673828
132.50625610351562
179.69386291503906
97.57433319091797
24.194520950317383
21.974496841430664
177.8232879638672
169.56051635742188
183.25009155273438
170.4246826171875
178.74635314941406
179.9772491455078
172.38523864746094
182.78912353515625
174.1128692626953
183.63320922851562
179.01553344726562
178.52804565429688
179.46945190429688
181.01136779785156
173.1886444091797
173.16285705566406
171.97247314453125
179.52871704101562
174.49026489257812
115.58970642089844
128.00299072265625
129.98744201660156
175.57821655273438
171.04489135742188
174.0015411376953
121.01246643066406
177.04273986816406
131.10855102539062
168.90232849121094
23.953933715820312
169.37171936035156
178.2081756591797
166.41725158691406
175.56492614746094
180.77227783203125
176.7916259765625
170.69992065429688
178.64752197265625
169.40614318847656
178.39901733398438
176.06472778320312
180.1246795654297
184.41500854492188
175.89427185058594
48.38560485839844
172.8955078125
176.59239196777344
181.568115234375
173.30194091796875
175.89971923828125
92.48008728027344
172.0074920654297
175.67507934570312
130.0746307373047
167.9156951904297
179.01300048828125
175.9896240234375
89.5827407836914
179.45089721679688
168.91123962402344
167.4971466064453
175.5381317138672
174.0791015625
174.13113403320312
106.04417419433594
164.45066833496094
171.08128356933594
170.5718994140625
167.88792419433594
176.62774658203125
177.99180603027344
177.77659606933594
173.78167724609375
174.99200439453125
174.4744873046875
182.1350555419922
174.17347717285156
70.85005950927734
178.67141723632812
171.8068389892578
27.28946304321289
174.54283142089844
172.79736328125
172.73309326171875
125.71771240234375
121.61717224121094
176.72323608398438
172.5484161376953
177.16859436035156
164.53904724121094
128.2943878173828
179.9124755859375
129.27413940429688
175.21255493164062
170.86508178710938
182.50247192382812
174.14610290527344
176.2060089111328
128.9135284423828
178.77748107910156
173.7998809814453
174.03866577148438
181.62490844726562
176.8453826904297
169.9976348876953
130.765380859375
177.108154296875
173.04396057128906
171.88763427734375
174.13729858398438
164.77890014648438
172.3837127685547
169.33837890625
167.83140563964844
185.30918884277344
178.52479553222656
172.09609985351562
178.44927978515625
126.38479614257812
122.41487884521484
173.8147735595703
173.45057678222656
168.01608276367188
167.28285217285156
177.3599395751953
173.87762451171875
183.5103759765625
178.04930114746094
178.86190795898438
185.18603515625
175.20706176757812
171.90011596679688
170.76898193359375
173.888427734375
175.5586700439453
174.07406616210938
129.3956298828125
175.16055297851562
120.51025390625
161.060791015625
165.04202270507812
176.0090789794922
22.504331588745117
173.0155029296875
175.19879150390625
172.89637756347656
177.98390197753906
177.00961303710938
123.05961608886719
162.56507873535156
182.71609497070312
127.96635437011719
121.6377182006836
168.80857849121094
161.4974822998047
16.31466293334961
172.82754516601562
182.17962646484375
178.8521270751953
23.39093017578125
116.24330139160156
173.0668182373047
179.05792236328125
170.1848602294922
177.15029907226562
172.163818359375
171.5861053466797
92.30404663085938
171.29367065429688
19.668285369873047
173.48086547851562
179.8252410888672
179.10308837890625
173.38330078125
175.04087829589844
171.45509338378906
169.40750122070312
125.21427917480469
171.48475646972656
181.6327362060547
186.22903442382812
175.12832641601562
181.0260772705078
130.484375
175.16799926757812
176.3614044189453
182.70263671875
183.06605529785156
174.76507568359375
181.08071899414062
182.64892578125
178.57464599609375
174.42034912109375
179.66885375976562
22.3049373626709
180.0096435546875
176.8317413330078
178.41607666015625
184.08859252929688
145.08316040039062
179.1585235595703
179.94232177734375
180.54251098632812
29.88629150390625
184.20779418945312
179.85452270507812
173.53640747070312
176.06861877441406
179.2042236328125
177.5102996826172
21.633920669555664
126.17832946777344
181.74990844726562
169.38694763183594
115.29879760742188
180.54519653320312
177.0071258544922
179.4214324951172
180.19784545898438
181.8173065185547
177.7440643310547
68.1025390625
175.33792114257812
21.05595588684082
125.73014831542969
173.35580444335938
50.4624137878418
184.60400390625
175.40121459960938
45.9393196105957
178.88018798828125
172.297119140625
20.4053955078125
119.96568298339844
170.97506713867188
166.69979858398438
22.42093276977539
182.5755157470703
182.54727172851562
180.64874267578125
151.37757873535156
175.5740203857422
177.9663848876953
169.44110107421875
164.76611328125
174.0133819580078
177.71902465820312
25.163393020629883
167.95399475097656
181.33302307128906
174.93600463867188
178.39686584472656
174.59849548339844
33.59873962402344
181.25830078125
23.85081672668457
19.37881088256836
172.87725830078125
92.10187530517578
181.4808349609375
176.78213500976562
172.53404235839844
15.51997184753418
179.69630432128906
165.12307739257812
181.3556671142578
179.7853240966797
130.13519287109375
174.24659729003906
175.39572143554688
81.73017120361328
172.76092529296875
176.7693328857422
74.75213623046875
175.20632934570312
173.9360809326172
180.2359161376953
177.2770233154297
175.8810577392578
172.59336853027344
177.64004516601562
179.46524047851562
179.21771240234375
179.84181213378906
175.32322692871094
55.99925994873047
175.704833984375
177.12818908691406
174.21510314941406
127.15673828125
172.35043334960938
175.39541625976562
179.21737670898438
130.2692413330078
173.087646484375
168.92161560058594
172.1063995361328
181.31777954101562
169.5360565185547
19.373640060424805
128.68075561523438
177.45648193359375
181.4779815673828
183.11285400390625
180.7742156982422
180.487548828125
180.23056030273438
179.37876892089844
128.28549194335938
178.3915252685547
180.7209930419922
172.421630859375
179.54119873046875
183.271484375
170.77015686035156
182.1439208984375
168.03411865234375
179.30795288085938
175.43612670898438
174.6910400390625
120.63075256347656
176.1458282470703
178.8846435546875
179.51271057128906
185.26950073242188
179.9727325439453
178.4333038330078
185.02674865722656
181.08836364746094
178.5986785888672
126.47909545898438
178.75807189941406
175.67115783691406
176.5155029296875
183.9503631591797
180.25640869140625
175.5190887451172
179.7337646484375
178.36239624023438
177.1986846923828
180.42356872558594
182.37704467773438
129.3098602294922
182.194580078125
180.1370391845703
183.8213348388672
177.88243103027344
184.64947509765625
179.75794982910156
176.1753387451172
178.7681121826172
179.61380004882812
178.2816619873047
178.1853485107422
179.28419494628906
182.72610473632812
178.8788299560547
178.63038635253906
172.9368896484375
176.07150268554688
155.88499450683594
177.1417236328125
172.14007568359375
180.7485809326172
126.87498474121094
178.15310668945312
22.170644760131836
180.52175903320312
176.9225616455078
183.15040588378906
181.94544982910156
181.78363037109375
177.31268310546875
29.636783599853516
179.8807373046875
180.9783477783203
175.96290588378906
181.70574951171875
127.49861907958984
176.29190063476562
179.60501098632812
181.44972229003906
25.10116195678711
169.58282470703125
181.25633239746094
178.99293518066406
169.10791015625
178.4561004638672
127.01364135742188
178.09970092773438
20.745498657226562
171.3566436767578
179.6060028076172
178.49012756347656
178.16358947753906
180.8515625
183.56631469726562
183.75872802734375
134.86607360839844
176.5262451171875
180.01828002929688
170.72799682617188
178.6224365234375
170.98538208007812
178.5293731689453
179.64395141601562
179.1597442626953
174.8306121826172
127.33140563964844
178.71885681152344
178.58314514160156
180.98353576660156
182.4922637939453
172.84881591796875
180.10784912109375
128.8913116455078
124.23200988769531
100.55950164794922
178.71604919433594
176.30662536621094
181.80064392089844
127.03524780273438
180.08071899414062
184.61793518066406
183.20559692382812
168.039306640625
171.71240234375
179.1639404296875
174.0169219970703
179.7274932861328
174.3848114013672
178.1340789794922
176.20281982421875
168.25015258789062
174.3631591796875
168.8368682861328
168.15733337402344
168.81039428710938
25.768901824951172
64.6968002319336
99.63296508789062
140.04296875
168.53651428222656
177.8543243408203
167.21682739257812
115.04736328125
182.74578857421875
175.42562866210938
153.3043212890625
177.5701141357422
173.09495544433594
174.3047637939453
177.88023376464844
164.69459533691406
177.2667694091797
178.0813751220703
181.30038452148438
175.04071044921875
129.7671661376953
179.17550659179688
125.7288818359375
179.4257049560547
178.29010009765625
179.6105499267578
178.38893127441406
177.3070831298828
178.41705322265625
165.99317932128906
177.234375
162.52113342285156
25.58551025390625
162.77696228027344
181.06248474121094
172.31455993652344
168.2906494140625
168.18145751953125
180.66627502441406
130.93038940429688
173.3309326171875
174.28732299804688
168.711669921875
179.54525756835938
181.89576721191406
178.5880584716797
177.16448974609375
161.42071533203125
57.100433349609375
177.55429077148438
168.64942932128906
173.91842651367188
181.73155212402344
175.70294189453125
176.7289581298828
181.58660888671875
181.93850708007812
177.0245361328125
180.3979949951172
180.41796875
175.2594451904297
172.22845458984375
183.75755310058594
176.24234008789062
163.9379425048828
173.24827575683594
174.36541748046875
180.9623565673828
174.5088653564453
169.24099731445312
177.9685821533203
176.5148162841797
177.72225952148438
184.0102996826172
176.51145935058594
126.74166870117188
183.70022583007812
183.92201232910156
177.55711364746094
82.83612060546875
177.12533569335938
178.5082550048828
176.40013122558594
161.63848876953125
181.17893981933594
174.102294921875
179.9488983154297
174.60186767578125
178.3435821533203
176.26641845703125
181.3505096435547
171.3230438232422
165.40924072265625
178.82505798339844
183.4950408935547
28.237957000732422
175.82252502441406
178.0797882080078
178.74835205078125
176.5477752685547
174.375732421875
172.6089630126953
179.1715850830078
186.5432586669922
180.21771240234375
163.0279541015625
169.3904266357422
179.1763153076172
162.50570678710938
167.13453674316406
152.12677001953125
171.76673889160156
181.9182891845703
168.5967559814453
130.63136291503906
181.12493896484375
181.56419372558594
184.8484649658203
85.86502075195312
177.87002563476562
185.9845428466797
175.36810302734375
186.54962158203125
176.4534454345703
176.1953125
126.88789367675781
186.60850524902344
177.65069580078125
178.49081420898438
180.10012817382812
179.98074340820312
180.66171264648438
177.89901733398438
184.9678955078125
182.6768341064453
180.7217559814453
178.70257568359375
178.98269653320312
161.57537841796875
175.5546112060547
179.03602600097656
183.51356506347656
176.00448608398438
187.34515380859375
175.59054565429688
177.8291778564453
181.4610137939453
182.03004455566406
177.06687927246094
181.95689392089844
175.65489196777344
179.4029998779297
182.88043212890625
179.4763946533203
182.1649932861328
178.85018920898438
183.36618041992188
182.9178009033203
175.21852111816406
94.66092681884766
183.5536346435547
164.8309783935547
183.04580688476562
183.20162963867188
185.759033203125
182.04339599609375
184.6120147705078
176.15902709960938
176.98477172851562
176.4189453125
181.28843688964844
129.39710998535156
182.20567321777344
169.88308715820312
183.72787475585938
131.14605712890625
184.98843383789062
179.17689514160156
176.43150329589844
186.65975952148438
183.57891845703125
176.10751342773438
181.35800170898438
182.9909210205078
182.50103759765625
167.938720703125
177.8671112060547
177.4966278076172
178.27024841308594
179.11253356933594
180.22703552246094
184.32595825195312
186.16722106933594
179.90345764160156
165.1725311279297
178.59996032714844
29.333221435546875
185.9743194580078
20.236082077026367
184.5472412109375
179.07427978515625
180.14002990722656
185.99539184570312
181.9702911376953
176.95579528808594
125.17781066894531
177.41958618164062
184.97943115234375
178.7179718017578
177.5608367919922
177.8485107421875
178.01397705078125
178.07273864746094
182.33518981933594
182.356689453125
185.476318359375
181.10186767578125
179.4259033203125
173.39022827148438
184.72689819335938
119.55149841308594
179.99185180664062
184.51353454589844
174.37460327148438
179.159423828125
178.34690856933594
183.08538818359375
180.32632446289062
182.28094482421875
183.74978637695312
181.9608612060547
30.285472869873047
180.65914916992188
184.53924560546875
182.36219787597656
178.00027465820312
175.33056640625
129.8884735107422
175.3970184326172
178.75787353515625
183.2308807373047
179.0878448486328
180.8006134033203
182.88894653320312
184.19252014160156
131.10043334960938
25.242919921875
181.3843231201172
181.29165649414062
181.7102508544922
181.20343017578125
181.25604248046875
176.35511779785156
176.10910034179688
180.38014221191406
23.597606658935547
170.05799865722656
181.49937438964844
177.77732849121094
178.7163543701172
134.12535095214844
182.3588409423828
188.25473022460938
187.3229217529297
182.4975128173828
131.16995239257812
176.25668334960938
125.64643859863281
182.5609588623047
184.00253295898438
182.65374755859375
183.42864990234375
173.73306274414062
178.58531188964844
180.3392791748047
131.61622619628906
155.6824951171875
184.73272705078125
130.56588745117188
165.82313537597656
176.9262237548828
183.97007751464844
178.7070770263672
179.94039916992188
185.06626892089844
184.6339569091797
182.28187561035156
186.6979217529297
183.2915496826172
180.34976196289062
176.2862091064453
185.10984802246094
178.35394287109375
172.1032257080078
186.1222686767578
187.44349670410156
184.2576904296875
187.495849609375
182.18130493164062
184.50726318359375
180.44131469726562
190.09414672851562
183.93533325195312
184.19993591308594
180.93392944335938
186.8325653076172
185.82907104492188
181.791748046875
133.3070068359375
183.9938201904297
181.38052368164062
175.31346130371094
183.40109252929688
182.12940979003906
185.8773956298828
188.5030517578125
182.43844604492188
180.9864501953125
179.8059844970703
185.7635040283203
187.68894958496094
185.9974822998047
189.69564819335938
181.37445068359375
181.5487823486328
179.33151245117188
185.18572998046875
187.74061584472656
183.32461547851562
174.1251983642578
178.7686004638672
183.48648071289062
184.9369354248047
185.06289672851562
23.37027931213379
178.77767944335938
183.14517211914062
185.7708740234375
23.539867401123047
182.4281005859375
178.70037841796875
187.23519897460938
179.9243927001953
185.5955352783203
183.4285430908203
180.11903381347656
172.131591796875
184.47854614257812
188.68997192382812
186.59820556640625
183.9429473876953
176.2261962890625
180.5866241455078
177.30349731445312
180.4339599609375
174.8780975341797
188.33499145507812
185.4293212890625
181.35641479492188
23.988672256469727
184.5028076171875
182.62564086914062
181.9213104248047
24.878324508666992
23.341915130615234
182.89047241210938
181.105712890625
132.33895874023438
184.13002014160156
181.75155639648438
182.57980346679688
93.35668182373047
186.5894012451172
173.53704833984375
184.5581817626953
189.07225036621094
181.62583923339844
104.38198852539062
179.4396209716797
181.03382873535156
174.36192321777344
183.4903564453125
184.95236206054688
187.4050750732422
24.611345291137695
83.38787841796875
186.2447967529297
27.03586196899414
188.2227325439453
182.56573486328125
184.9087677001953
179.77651977539062
184.302978515625
183.5135955810547
182.60171508789062
177.02748107910156
180.5941162109375
185.3002471923828
183.42898559570312
182.5459442138672
190.7525177001953
134.75265502929688
178.22409057617188
129.92111206054688
182.85134887695312
188.30921936035156
175.26751708984375
185.3984375
182.72988891601562
169.18992614746094
184.15008544921875
187.04283142089844
185.6571502685547
179.20620727539062
19.024141311645508
180.15309143066406
183.2067413330078
186.8684539794922
185.48025512695312
190.4181365966797
183.5276641845703
26.797500610351562
187.11444091796875
187.78070068359375
179.1708221435547
192.09774780273438
187.2130126953125
185.76417541503906
186.225341796875
184.91677856445312
22.625349044799805
178.16473388671875
132.83724975585938
184.85684204101562
170.16795349121094
186.28152465820312
183.8238067626953
174.73519897460938
183.62374877929688
181.1083221435547
186.53619384765625
181.22171020507812
187.53176879882812
65.21116638183594
185.4596710205078
183.99168395996094
184.19854736328125
185.67193603515625
187.14987182617188
187.43630981445312
180.75047302246094
188.38656616210938
22.230382919311523
190.14498901367188
184.01898193359375
184.79354858398438
185.51573181152344
186.15496826171875
183.1839141845703
180.35015869140625
183.71511840820312
182.43359375
126.41398620605469
188.17970275878906
184.8540802001953
21.68817901611328
182.9930419921875
114.68982696533203
135.1481475830078
180.85581970214844
182.74986267089844
185.5236053466797
20.486709594726562
187.0913543701172
184.34156799316406
185.3318634033203
181.97293090820312
178.90110778808594
186.0079803466797
22.326311111450195
165.222900390625
181.41835021972656
186.5638427734375
183.7761688232422
188.25450134277344
180.88807678222656
184.90708923339844
185.47438049316406
182.02561950683594
181.85292053222656
185.81521606445312
17.567636489868164
185.371337890625
179.76048278808594
182.57977294921875
184.56658935546875
181.49159240722656
182.1864776611328
180.4602813720703
178.6680450439453
182.20550537109375
184.9525909423828
186.9239044189453
184.54478454589844
185.9937286376953
185.88082885742188
185.45631408691406
184.25640869140625
180.0749053955078
187.07888793945312
182.76832580566406
188.21343994140625
134.423828125
186.01513671875
174.1152801513672
183.43832397460938
181.96705627441406
187.4335174560547
181.45169067382812
115.19662475585938
190.91934204101562
185.37850952148438
184.25477600097656
185.91714477539062
188.3903045654297
180.1767120361328
180.9528350830078
178.95938110351562
186.859375
187.14886474609375
184.45652770996094
186.20372009277344
184.73251342773438
177.0421600341797
186.82244873046875
182.48318481445312
125.44493103027344
185.6993408203125
186.9891357421875
187.12841796875
184.8208770751953
178.6947021484375
186.62469482421875
176.95126342773438
187.9996337890625
183.3057098388672
176.03323364257812
184.12905883789062
185.68295288085938
134.88873291015625
187.83071899414062
186.2980194091797
182.9039764404297
190.08273315429688
133.0521240234375
187.4340362548828
185.18336486816406
180.68124389648438
176.63906860351562
188.74322509765625
179.59356689453125
182.6606903076172
185.166259765625
189.28123474121094
137.07955932617188
190.71615600585938
181.53558349609375
187.88536071777344
162.16818237304688
186.6361846923828
189.62709045410156
187.86228942871094
185.49171447753906
185.01551818847656
184.87757873535156
189.53717041015625
185.94528198242188
183.57269287109375
188.74053955078125
184.37362670898438
187.45738220214844
180.7372283935547
188.51998901367188
184.55880737304688
183.93072509765625
182.4766082763672
184.92518615722656
186.7972412109375
184.9462890625
183.74258422851562
183.4154510498047
184.98306274414062
185.39869689941406
183.39617919921875
178.7281494140625
183.72744750976562
186.08834838867188
187.49835205078125
185.98077392578125
186.953369140625
185.27711486816406
183.88360595703125
133.76434326171875
183.61746215820312
180.92202758789062
180.94297790527344
183.57989501953125
22.677019119262695
183.79676818847656
187.66067504882812
185.2130584716797
184.776123046875
181.82481384277344
178.0298309326172
184.89682006835938
185.4364471435547
186.5006103515625
184.2660369873047
176.90060424804688
189.03501892089844
184.76011657714844
185.46670532226562
181.67034912109375
177.33258056640625
176.61517333984375
183.61270141601562
176.50393676757812
183.82937622070312
186.47801208496094
183.01492309570312
181.7248992919922
187.37326049804688
182.4501190185547
187.26187133789062
185.16055297851562
186.26644897460938
177.88421630859375
183.1453399658203
175.9960479736328
180.4269256591797
182.9752197265625
130.96560668945312
180.92843627929688
186.81637573242188
191.57313537597656
180.61512756347656
185.70562744140625
185.033447265625
187.588134765625
189.3687744140625
183.3223876953125
190.0518035888672
184.24606323242188
186.68365478515625
127.05162048339844
128.4700927734375
189.89453125
178.86929321289062
177.54544067382812
180.01809692382812
188.13946533203125
183.50881958007812
184.232421875
181.07974243164062
185.97183227539062
186.1546630859375
191.69480895996094
178.6321258544922
183.9705047607422
181.09840393066406
181.22808837890625
183.24009704589844
181.17031860351562
181.4541015625
182.6318817138672
187.04730224609375
188.3065185546875
182.2560272216797
180.95774841308594
190.6849822998047
185.6927947998047
22.468143463134766
184.29270935058594
184.5481719970703
183.24473571777344
183.35760498046875
186.960693359375
186.32212829589844
184.07212829589844
186.747802734375
25.01365852355957
180.94186401367188
185.075439453125
186.31053161621094
118.908935546875
183.76451110839844
186.25180053710938
134.44740295410156
181.72499084472656
173.6562042236328
182.56784057617188
180.11183166503906
186.9022979736328
184.16001892089844
180.44773864746094
184.60238647460938
187.37965393066406
183.5771026611328
187.33543395996094
187.3724822998047
185.0976104736328
190.4801025390625
185.40328979492188
182.33184814453125
187.37767028808594
183.25247192382812
184.6123504638672
181.56939697265625
180.9270782470703
189.5956268310547
177.93954467773438
184.63430786132812
31.273880004882812
180.38851928710938
185.28851318359375
183.9482421875
19.474782943725586
181.48504638671875
185.8217315673828
185.39842224121094
184.37969970703125
184.79722595214844
184.7371826171875
188.7369384765625
179.95196533203125
184.9127197265625
185.1586456298828
187.18580627441406
191.48233032226562
187.8727569580078
181.58847045898438
187.05043029785156
188.34396362304688
183.70654296875
179.25967407226562
182.25552368164062
187.01483154296875
187.90939331054688
185.4024200439453
186.90545654296875
181.81393432617188
185.35751342773438
97.00019836425781
188.8090057373047
181.82015991210938
182.79409790039062
24.03803062438965
182.21739196777344
185.16770935058594
177.46890258789062
184.7615966796875
187.136474609375
185.84774780273438
187.8390655517578
180.63674926757812
187.01966857910156
185.84512329101562
181.13485717773438
182.0606689453125
178.93472290039062
182.39346313476562
190.22048950195312
186.1606903076172
181.33334350585938
186.5778045654297
188.2031707763672
183.7621612548828
182.50738525390625
188.61280822753906
182.7771759033203
191.26412963867188
186.0846405029297
183.77096557617188
183.45736694335938
187.33184814453125
185.31015014648438
179.2352294921875
185.96542358398438
183.84799194335938
186.87635803222656
187.18911743164062
183.4802703857422
184.86843872070312
177.83506774902344
184.07168579101562
191.03880310058594
184.43423461914062
184.3431396484375
127.41311645507812
185.2777862548828
184.74440002441406
177.4878692626953
187.71018981933594
186.33018493652344
176.51722717285156
177.3097686767578
181.49412536621094
184.9373016357422
26.47317886352539
25.361255645751953
185.2270050048828
187.1477813720703
183.5397186279297
183.65834045410156
181.5033416748047
187.35568237304688
185.2522430419922
182.08767700195312
186.62078857421875
185.62840270996094
187.57960510253906
181.70692443847656
189.37437438964844
187.0260772705078
185.6656494140625
24.944869995117188
184.11428833007812
189.49200439453125
185.3955535888672
190.2355499267578
181.7886505126953
186.43409729003906
186.9982147216797
184.87884521484375
185.3592529296875
185.83468627929688
184.67091369628906
184.4409637451172
178.0594482421875
194.79367065429688
167.49635314941406
189.20436096191406
191.52268981933594
176.6126708984375
189.13233947753906
183.69241333007812
181.00013732910156
188.7082977294922
136.34457397460938
183.9329376220703
21.28036117553711
182.95797729492188
186.6691436767578
189.88926696777344
185.88209533691406
181.77633666992188
187.6261444091797
183.29782104492188
187.60629272460938
186.9233856201172
68.06706237792969
185.3678436279297
186.2459716796875
177.99539184570312
188.56689453125
184.51991271972656
189.51573181152344
188.7619171142578
183.83392333984375
187.58175659179688
190.08335876464844
173.41477966308594
186.63760375976562
185.0575408935547
182.12205505371094
179.01153564453125
184.6779022216797
185.059814453125
190.7118377685547
182.2094268798828
187.7681121826172
186.30215454101562
181.41184997558594
181.5484619140625
189.65283203125
136.36300659179688
184.2248077392578
187.62525939941406
183.88369750976562
187.90786743164062
184.2863006591797
187.19586181640625
187.85792541503906
190.81126403808594
185.0761260986328
190.47329711914062
189.211669921875
191.94708251953125
181.38414001464844
179.35870361328125
189.6256561279297
184.9399871826172
182.87159729003906
184.7317657470703
188.85470581054688
187.19989013671875
185.84388732910156
181.7025604248047
126.26356506347656
184.3002166748047
182.4771728515625
189.5626983642578
180.8225860595703
96.90335845947266
182.54734802246094
182.50613403320312
190.37112426757812
187.19400024414062
184.2242889404297
183.18849182128906
69.73505401611328
183.95957946777344
180.28184509277344
184.2856903076172
167.7131805419922
191.00816345214844
189.3825225830078
182.68679809570312
179.46612548828125
184.46170043945312
184.0508575439453
183.3505401611328
183.27621459960938
191.55230712890625
185.56748962402344
183.21994018554688
188.4934539794922
181.69776916503906
185.3780975341797
189.1145477294922
192.78379821777344
184.19183349609375
178.19313049316406
171.46261596679688
187.549560546875
188.03919982910156
182.18051147460938
185.10862731933594
180.15768432617188
185.0845489501953
184.4141082763672
182.79513549804688
182.9854278564453
188.98812866210938
183.3553009033203
187.97158813476562
175.79420471191406
180.88926696777344
189.07254028320312
185.18902587890625
187.3038330078125
133.9395751953125
184.5455780029297
187.17703247070312
130.0121307373047
186.4879150390625
182.70933532714844
134.77622985839844
185.29852294921875
191.31529235839844
185.7277069091797
187.50498962402344
188.0116424560547
184.35183715820312
186.69163513183594
189.0643310546875
189.35157775878906
186.05775451660156
187.27923583984375
50.35788345336914
191.73411560058594
183.328369140625
187.0164031982422
95.81951904296875
181.20899963378906
180.7923126220703
186.34371948242188
177.00209045410156
178.112060546875
187.2723846435547
188.69627380371094
183.92237854003906
185.4232635498047
188.90896606445312
190.2530059814453
189.2646942138672
186.71621704101562
186.8397979736328
190.04360961914062
183.73973083496094
183.22532653808594
186.16697692871094
177.34976196289062
184.4303741455078
189.1224822998047
180.17832946777344
189.43209838867188
186.1844024658203
186.7814483642578
185.18902587890625
94.09981536865234
182.91799926757812
187.86424255371094
183.5433349609375
190.5921630859375
181.05123901367188
192.5391082763672
180.97267150878906
59.646568298339844
189.06060791015625
181.54661560058594
187.20901489257812
187.62252807617188
186.3052215576172
183.65322875976562
181.9021453857422
189.4262237548828
185.0994873046875
188.12208557128906
26.0828857421875
183.2052001953125
188.39271545410156
181.62030029296875
132.85952758789062
185.58209228515625
133.06771850585938
185.97479248046875
187.7263641357422
182.21694946289062
184.87057495117188
133.0096435546875
126.57862854003906
183.44290161132812
187.0050048828125
186.4775390625
190.82205200195312
184.57809448242188
190.19992065429688
188.694580078125
185.05116271972656
187.2366180419922
182.39952087402344
189.31248474121094
186.45140075683594
188.25355529785156
190.18507385253906
191.6651153564453
186.9890594482422
184.0586700439453
182.061767578125
20.100135803222656
180.90127563476562
188.1616973876953
186.3546600341797
191.4729766845703
187.42921447753906
24.39202880859375
182.36676025390625
180.86868286132812
184.90579223632812
184.1136474609375
190.55169677734375
27.18309783935547
137.67039489746094
183.65492248535156
24.07240867614746
188.22164916992188
185.9053192138672
178.72377014160156
180.3163604736328
178.67282104492188
190.433349609375
184.83372497558594
127.80245971679688
183.4353485107422
186.5576171875
188.28945922851562
135.48638916015625
183.8346710205078
97.26163482666016
187.56748962402344
175.64122009277344
22.27572250366211
180.2461395263672
185.39492797851562
190.0259246826172
61.7796630859375
185.3089599609375
188.9867706298828
189.1974334716797
187.11126708984375
190.1416473388672
187.96456909179688
190.2551727294922
189.59893798828125
184.8301239013672
187.19737243652344
186.78866577148438
22.355955123901367
137.4091033935547
184.4855499267578
183.1275177001953
182.3864288330078
133.17213439941406
185.99961853027344
189.22720336914062
134.66226196289062
188.36566162109375
189.8227996826172
187.85533142089844
139.7318115234375
185.22695922851562
133.7936248779297
185.0404510498047
185.6715545654297
188.70187377929688
187.05780029296875
184.9046630859375
189.4258270263672
133.91409301757812
187.11318969726562
135.14138793945312
182.8251495361328
187.51492309570312
184.6204833984375
133.84371948242188
189.88291931152344
187.5610809326172
134.342041015625
184.3642578125
21.182687759399414
136.45281982421875
188.50904846191406
73.0040054321289
192.35708618164062
134.29022216796875
24.61042594909668
181.8652801513672
189.34523010253906
181.15252685546875
189.0023193359375
187.6014862060547
186.25244140625
187.4624481201172
188.90505981445312
186.998779296875
171.83786010742188
187.33045959472656
181.995361328125
184.6930389404297
190.05531311035156
21.8371524810791
24.451374053955078
188.7371063232422
21.504186630249023
186.4981231689453
23.396265029907227
134.64126586914062
20.909151077270508
183.68663024902344
188.3970489501953
25.64422035217285
187.05650329589844
190.329833984375
187.1967010498047
19.02094078063965
187.62283325195312
185.95802307128906
23.475120544433594
185.75775146484375
178.87339782714844
175.7334442138672
184.95285034179688
189.41477966308594
183.1552734375
187.04185485839844
185.84329223632812
185.00807189941406
130.28897094726562
169.8287353515625
188.1550750732422
31.94821548461914
184.79147338867188
184.5388946533203
183.96656799316406
135.31484985351562
134.28005981445312
189.00082397460938
180.13015747070312
186.1945343017578
177.8740997314453
183.79769897460938
179.87890625
185.0181427001953
173.01634216308594
188.1020050048828
129.64756774902344
186.2834014892578
186.0225830078125
190.01612854003906
186.97305297851562
184.29188537597656
179.96405029296875
188.02549743652344
183.26278686523438
136.39630126953125
181.27935791015625
22.987045288085938
188.5340576171875
23.769790649414062
190.41726684570312
185.58351135253906
182.40122985839844
21.513980865478516
183.32107543945312
188.05555725097656
184.76806640625
127.60667419433594
189.8444366455078
187.65213012695312
189.492919921875
186.4398193359375
181.47390747070312
181.7744140625
184.16310119628906
19.97940444946289
189.4178009033203
185.19139099121094
189.65626525878906
189.58775329589844
133.53724670410156
187.1624755859375
188.3739471435547
135.70407104492188
186.1316680908203
68.3229751586914
22.858312606811523
191.26971435546875
190.19107055664062
21.588180541992188
27.04694366455078
182.52296447753906
188.269775390625
190.16070556640625
188.1472930908203
186.1511688232422
184.27064514160156
185.70730590820312
24.229434967041016
183.4459228515625
187.82522583007812
187.25706481933594
21.992660522460938
59.90943145751953
185.913330078125
132.9549102783203
182.22991943359375
186.44915771484375
186.5829620361328
183.3450164794922
187.33815002441406
184.13751220703125
188.27084350585938
21.10072898864746
186.01919555664062
185.42701721191406
184.7154083251953
186.5297088623047
187.14657592773438
24.137529373168945
183.77952575683594
25.307125091552734
106.50074005126953
187.2967071533203
189.00836181640625
170.15078735351562
176.5411834716797
181.50860595703125
188.68199157714844
186.54843139648438
182.75462341308594
177.5558624267578
183.7731475830078
188.58465576171875
182.00411987304688
185.43829345703125
185.069580078125
184.7616729736328
131.03575134277344
185.45233154296875
183.4226531982422
184.9358673095703
176.2719268798828
186.9567413330078
185.79971313476562
186.91383361816406
183.8837432861328
184.783935546875
185.3899688720703
178.83848571777344
182.69935607910156
182.61387634277344
183.08457946777344
184.53086853027344
181.2216339111328
186.18251037597656
188.00018310546875
184.37489318847656
178.80213928222656
186.80255126953125
188.39498901367188
182.63803100585938
179.1968994140625
186.362060546875
188.102783203125
186.73989868164062
187.92388916015625
181.81544494628906
179.8494110107422
175.98532104492188
186.90635681152344
185.46189880371094
187.3718719482422
181.38961791992188
181.74911499023438
186.17648315429688
178.75962829589844
189.20538330078125
188.84754943847656
187.13772583007812
178.74179077148438
184.66859436035156
130.14817810058594
177.27989196777344
186.3594207763672
189.7150421142578
186.8937530517578
183.5639190673828
177.49391174316406
179.85708618164062
179.61126708984375
180.37916564941406
190.0458221435547
182.32315063476562
179.6898651123047
183.09872436523438
184.2445068359375
178.55625915527344
186.83436584472656
186.43212890625
180.96458435058594
181.95391845703125
183.94354248046875
63.349449157714844
185.79600524902344
187.78282165527344
178.0563201904297
178.70095825195312
184.60276794433594
185.55833435058594
188.2016143798828
180.87905883789062
180.60171508789062
185.2509002685547
183.05966186523438
180.1233673095703
176.60494995117188
178.6212158203125
184.6258087158203
183.72425842285156
187.25149536132812
182.9381103515625
181.31263732910156
187.18882751464844
179.30325317382812
179.8080596923828
182.00735473632812
185.2969207763672
182.76185607910156
180.30072021484375
185.95700073242188
177.6947021484375
185.39854431152344
185.0234375
187.0314178466797
185.2296600341797
182.04095458984375
177.7410888671875
177.6426239013672
188.49253845214844
179.41262817382812
185.11865234375
178.03335571289062
178.228515625
182.84921264648438
181.8616943359375
183.96885681152344
182.46246337890625
185.16822814941406
184.00204467773438
186.0937957763672
186.7816619873047
180.40501403808594
182.21018981933594
135.5255889892578
184.0235137939453
179.53407287597656
179.5032196044922
180.49217224121094
180.33506774902344
187.0744171142578
184.50863647460938
181.9124298095703
176.8279266357422
133.1582489013672
182.45489501953125
182.5919647216797
184.63870239257812
187.3213653564453
174.56849670410156
187.8193817138672
183.80039978027344
177.4148406982422
188.11880493164062
181.8087921142578
188.96226501464844
187.5676727294922
185.229248046875
185.72007751464844
189.2552947998047
186.8203582763672
187.04537963867188
134.0801544189453
189.77725219726562
181.62503051757812
188.7825927734375
184.8014373779297
181.77272033691406
180.9300537109375
181.04757690429688
181.55838012695312
177.02874755859375
190.59808349609375
186.7058868408203
187.9593505859375
185.83775329589844
185.60826110839844
186.16798400878906
184.8758544921875
182.69972229003906
180.6548614501953
184.8910675048828
188.3701934814453
