0.9699034690856934
2.7407846450805664
8.060315132141113
-2.5525476932525635
1.2758288383483887
0.6742134094238281
-4.050419330596924
-1.411947250366211
11.585466384887695
14.868614196777344
7.293081283569336
5.004781723022461
7.061957359313965
14.77684211730957
23.05731773376465
4.216011047363281
-3.6824300289154053
-0.23028850555419922
20.226398468017578
10.163606643676758
0.21017074584960938
-3.354907512664795
-4.14129114151001
9.086353302001953
-1.091578722000122
-3.4062771797180176
-3.292353630065918
27.69619369506836
3.6763343811035156
14.692747116088867
-3.4058988094329834
16.212249755859375
12.627975463867188
-3.5130443572998047
20.84085464477539
-2.0086772441864014
10.14791488647461
-3.7793350219726562
-2.4472897052764893
25.337282180786133
-2.989241600036621
29.765277862548828
4.479264259338379
-3.1952271461486816
34.100677490234375
30.7896728515625
4.681584358215332
-1.344982624053955
3.272397041320801
6.685471534729004
15.543912887573242
0.33651304244995117
7.680908203125
-3.8615875244140625
12.146326065063477
-1.7094190120697021
-2.761204957962036
-1.639641523361206
-1.1240665912628174
-2.552659749984741
-2.2553365230560303
5.34226131439209
1.0031280517578125
7.304841041564941
9.476434707641602
16.576818466186523
21.918066024780273
15.12181282043457
17.472875595092773
22.11325454711914
22.96821403503418
-2.44022536277771
3.4629039764404297
31.743614196777344
28.273727416992188
0.8732876777648926
18.176132202148438
26.793367385864258
20.783226013183594
-0.11278533935546875
12.232921600341797
22.33839988708496
27.659332275390625
27.99752426147461
-1.6228108406066895
1.7383484840393066
26.234529495239258
32.04193115234375
13.258045196533203
27.071868896484375
17.00396728515625
6.404851913452148
3.5942373275756836
28.45254898071289
27.998149871826172
11.826248168945312
30.413745880126953
17.7139949798584
11.739269256591797
36.92399215698242
29.079666137695312
8.648574829101562
13.095100402832031
26.842247009277344
24.165620803833008
29.933094024658203
11.691829681396484
14.239076614379883
14.64076042175293
22.150020599365234
23.300874710083008
31.44058609008789
23.707813262939453
26.77670669555664
23.265560150146484
27.375911712646484
6.204751014709473
35.21330261230469
27.561771392822266
27.27859878540039
29.584510803222656
-0.4665369987487793
28.20511245727539
23.587121963500977
11.229654312133789
32.46263122558594
33.35563659667969
23.88534164428711
21.10894203186035
20.299280166625977
24.7089900970459
-3.168919086456299
28.000858306884766
32.08472442626953
27.78113555908203
15.543842315673828
22.487424850463867
24.80990219116211
8.894448280334473
34.318321228027344
29.14000701904297
13.850839614868164
29.792781829833984
34.59060287475586
7.554227828979492
1.7723402976989746
26.06632423400879
15.16096305847168
15.24856185913086
26.96208953857422
11.641191482543945
27.22606658935547
40.87047576904297
11.270519256591797
5.341963768005371
28.106647491455078
26.323989868164062
3.7885618209838867
-1.8134236335754395
35.561614990234375
28.27603530883789
30.041488647460938
-2.287843704223633
28.754596710205078
-3.0975568294525146
13.284669876098633
17.503883361816406
1.0561041831970215
28.686176300048828
17.4604549407959
18.959623336791992
-0.10070037841796875
18.423229217529297
0.2189497947692871
0.9114975929260254
32.62348175048828
23.475589752197266
12.902177810668945
33.94977569580078
4.173212051391602
29.012470245361328
35.7712516784668
8.205062866210938
14.615297317504883
27.827083587646484
30.22362518310547
11.610013961791992
16.357479095458984
33.58530807495117
24.437238693237305
6.502016067504883
31.53976821899414
0.04747819900512695
24.873592376708984
34.23506164550781
12.255836486816406
31.85681915283203
27.067508697509766
22.872955322265625
23.357206344604492
26.331396102905273
37.88961410522461
19.132781982421875
21.542266845703125
-1.5459554195404053
31.06466293334961
26.11138153076172
29.956825256347656
21.778045654296875
15.139392852783203
36.06047058105469
24.212820053100586
16.920515060424805
25.94028663635254
17.560338973999023
24.57757568359375
0.3510618209838867
1.2787179946899414
18.79282569885254
21.67276382446289
3.174567222595215
27.040916442871094
26.54216957092285
29.23279571533203
16.129016876220703
27.50408935546875
36.75094223022461
28.092212677001953
2.8291101455688477
26.33060646057129
25.913673400878906
34.11140823364258
6.398826599121094
11.810543060302734
6.175540924072266
26.98285484313965
21.736108779907227
8.405713081359863
21.744943618774414
23.269250869750977
26.015878677368164
38.645599365234375
30.279266357421875
24.0285587310791
24.194114685058594
33.51846694946289
17.123769760131836
10.203794479370117
30.89891815185547
33.465423583984375
21.260643005371094
25.16353988647461
25.592390060424805
-2.8536195755004883
26.138973236083984
25.08009910583496
21.002147674560547
34.68632888793945
22.620136260986328
3.9770336151123047
10.38381290435791
33.261940002441406
9.3762788772583
4.711879730224609
11.121404647827148
2.2426838874816895
32.06114959716797
3.1239099502563477
2.1077136993408203
25.182884216308594
25.806550979614258
36.016937255859375
0.7259464263916016
34.363250732421875
34.609100341796875
32.3306770324707
26.952871322631836
28.228137969970703
5.69094181060791
24.940746307373047
30.60425567626953
24.903085708618164
25.748231887817383
32.50658416748047
23.186954498291016
19.930679321289062
7.77912712097168
31.27906036376953
27.23888397216797
0.38059234619140625
1.1965765953063965
5.979567527770996
2.8033485412597656
0.14788007736206055
34.541072845458984
22.323530197143555
0.36515378952026367
0.4193744659423828
2.153865337371826
7.163780212402344
0.11288309097290039
4.501981735229492
0.8302483558654785
14.764200210571289
25.687082290649414
7.876871109008789
0.6757187843322754
-0.9286704063415527
16.9951171875
-1.2092313766479492
31.87833023071289
7.694852828979492
11.02430534362793
19.664499282836914
8.230629920959473
31.88155746459961
25.355945587158203
12.944845199584961
1.2210931777954102
1.9102864265441895
13.758731842041016
3.9868154525756836
26.837299346923828
25.688297271728516
4.447566986083984
-2.894871473312378
18.024717330932617
19.191423416137695
26.235021591186523
13.339866638183594
22.856040954589844
15.983081817626953
39.655235290527344
14.386762619018555
34.93291091918945
9.117646217346191
2.6448230743408203
11.037094116210938
3.746267318725586
0.22782135009765625
2.2486820220947266
4.49299430847168
9.539901733398438
6.663216590881348
31.02496337890625
25.953615188598633
13.236444473266602
22.63359260559082
20.12737274169922
36.277191162109375
5.037930488586426
8.639819145202637
6.827394485473633
27.05062484741211
29.867023468017578
2.4000630378723145
28.616981506347656
32.869720458984375
12.702951431274414
5.073122978210449
24.375438690185547
1.7775063514709473
-1.6537418365478516
31.401275634765625
25.578081130981445
12.210161209106445
1.3781113624572754
18.99655532836914
3.5927066802978516
33.11076736450195
26.414581298828125
27.49901580810547
3.9236202239990234
13.077554702758789
6.483777046203613
2.3834762573242188
2.868271827697754
14.723918914794922
29.143455505371094
12.435993194580078
6.3837690353393555
6.085819244384766
30.25067138671875
28.777507781982422
33.74517822265625
29.511493682861328
1.0991191864013672
31.022789001464844
33.38933181762695
23.80707359313965
30.546688079833984
34.32868957519531
41.59721755981445
33.91566848754883
22.752235412597656
34.865272521972656
29.634517669677734
33.21757888793945
4.606960296630859
35.58883285522461
24.595678329467773
33.95067596435547
-0.0417332649230957
30.60052490234375
33.08741760253906
28.900794982910156
29.97071075439453
37.4589958190918
35.867801666259766
25.650829315185547
8.195865631103516
33.58430480957031
32.74519729614258
38.306758880615234
32.238746643066406
12.346637725830078
12.678136825561523
21.68756103515625
31.320308685302734
26.02741050720215
26.66645050048828
28.990772247314453
11.526063919067383
23.127180099487305
34.85272979736328
32.153175354003906
31.750282287597656
23.96498680114746
27.08450698852539
30.554401397705078
21.22529411315918
25.100675582885742
24.492643356323242
31.33251190185547
31.71131134033203
33.005367279052734
33.777618408203125
37.30448913574219
39.830810546875
33.602813720703125
32.371131896972656
34.07366180419922
22.767717361450195
20.96575355529785
6.626822471618652
33.681419372558594
35.00839614868164
27.72583770751953
34.26850509643555
34.86445617675781
30.907333374023438
30.97031021118164
15.060613632202148
25.384746551513672
10.978400230407715
30.43805694580078
37.39663314819336
26.271039962768555
35.03440856933594
24.056215286254883
29.152137756347656
-2.692680835723877
33.2618293762207
25.904741287231445
25.37131118774414
29.977535247802734
25.393877029418945
30.428470611572266
37.9261589050293
10.907296180725098
3.6663131713867188
12.093454360961914
37.199256896972656
35.68711853027344
19.775697708129883
34.82603454589844
29.924617767333984
25.45391845703125
30.62789535522461
32.161109924316406
15.619852066040039
23.324670791625977
24.373046875
38.18872833251953
34.9000358581543
31.120433807373047
30.768829345703125
34.79524612426758
6.795105934143066
31.300159454345703
17.421857833862305
30.28536605834961
27.871944427490234
27.43048095703125
34.235965728759766
30.550621032714844
33.301753997802734
30.067161560058594
37.4371337890625
10.587337493896484
39.02173614501953
27.626201629638672
4.4959821701049805
28.434490203857422
32.89785385131836
34.11233139038086
41.29487991333008
7.643485069274902
2.1575746536254883
32.341651916503906
33.839168548583984
34.22682571411133
29.373611450195312
35.225189208984375
32.548763275146484
38.34171676635742
27.774105072021484
29.267547607421875
37.327919006347656
33.53676223754883
38.010719299316406
15.885612487792969
27.51019287109375
38.0169563293457
37.226375579833984
30.550186157226562
34.05857849121094
10.993287086486816
33.824337005615234
35.1673469543457
30.209205627441406
35.08419418334961
28.980239868164062
36.554229736328125
25.500782012939453
36.478118896484375
31.640716552734375
1.1070008277893066
11.460376739501953
34.101810455322266
37.84904861450195
35.324974060058594
32.49916076660156
33.028968811035156
28.008525848388672
32.12928771972656
37.149497985839844
29.862083435058594
29.227924346923828
34.75591278076172
31.69945526123047
32.68436050415039
30.239749908447266
37.73003387451172
24.246557235717773
34.73256301879883
34.10585403442383
3.5903987884521484
7.463146209716797
34.55984115600586
32.32711410522461
37.41773986816406
36.15864944458008
35.52634811401367
37.33137893676758
33.52198791503906
34.39492416381836
32.46451950073242
36.07017517089844
4.68238639831543
5.892823219299316
34.88671875
35.49201965332031
39.00898742675781
40.60797882080078
4.671178817749023
30.389652252197266
28.175128936767578
40.76935577392578
37.463966369628906
27.74371337890625
36.360355377197266
37.67311477661133
0.8889789581298828
29.533790588378906
35.96255111694336
33.849369049072266
42.31182098388672
35.897640228271484
34.81606674194336
11.297616958618164
6.676786422729492
38.63001251220703
28.719493865966797
29.94013214111328
28.126201629638672
34.7855224609375
29.148521423339844
4.473401069641113
40.490116119384766
29.455482482910156
36.66453552246094
35.2064323425293
35.391990661621094
29.06378936767578
-2.669175148010254
14.52519416809082
35.11479187011719
1.8995285034179688
38.42188262939453
34.45889663696289
4.088201522827148
1.4681077003479004
4.563005447387695
34.283939361572266
5.175511360168457
34.98378372192383
10.603843688964844
30.16891098022461
37.625709533691406
31.224777221679688
32.28285217285156
11.697751998901367
42.05002212524414
28.383506774902344
5.555567741394043
37.42060089111328
27.73712158203125
38.5892219543457
35.5023193359375
7.646225929260254
37.33937072753906
34.75145721435547
4.5794267654418945
32.667442321777344
34.35062789916992
30.032352447509766
39.865562438964844
32.621768951416016
36.692073822021484
37.87623596191406
39.2086181640625
24.720319747924805
26.695388793945312
39.3854866027832
6.260894775390625
30.946266174316406
36.78917694091797
30.213031768798828
6.144853591918945
39.746124267578125
41.16578674316406
30.583824157714844
18.02922248840332
7.994565963745117
37.61461639404297
32.57927703857422
36.04541015625
24.82550621032715
36.78200149536133
32.03849792480469
31.511219024658203
3.2802047729492188
11.019332885742188
5.08152961730957
30.026416778564453
18.2403507232666
38.66548538208008
31.595565795898438
38.0754280090332
9.57672119140625
5.000537872314453
33.58176040649414
5.996954917907715
37.205467224121094
3.749028205871582
34.57952880859375
8.39006519317627
32.106693267822266
33.24860382080078
22.528182983398438
34.320457458496094
28.163894653320312
37.117340087890625
32.81210708618164
2.935336112976074
30.663509368896484
34.607521057128906
0.3323044776916504
25.450557708740234
36.26991653442383
29.990081787109375
32.922664642333984
36.24809646606445
35.9870719909668
5.824639320373535
35.42910385131836
27.780376434326172
38.68559265136719
34.44432830810547
36.52999496459961
37.82437515258789
-0.4924583435058594
41.27050018310547
25.626554489135742
31.25904083251953
30.803672790527344
34.669212341308594
27.207168579101562
-0.9931087493896484
4.303255081176758
1.7487378120422363
31.03417205810547
40.75937271118164
3.7983503341674805
19.91738510131836
32.10728073120117
32.31697463989258
35.458560943603516
13.522516250610352
33.002193450927734
30.639862060546875
34.37019729614258
40.500144958496094
-0.3068408966064453
31.119075775146484
38.66827392578125
37.15986633300781
21.78363800048828
39.729347229003906
9.440727233886719
38.43730163574219
3.4763107299804688
41.23578643798828
32.44282150268555
34.60030746459961
38.46931076049805
34.72597885131836
37.57344436645508
31.18118667602539
24.93116569519043
37.82332992553711
37.62059020996094
34.41626739501953
35.702545166015625
40.81543731689453
36.47807693481445
35.855831146240234
36.75404357910156
40.745140075683594
31.781307220458984
31.985652923583984
38.26887130737305
37.025333404541016
29.43182373046875
41.780662536621094
31.364280700683594
38.66963577270508
37.77009201049805
33.25718307495117
38.786808013916016
31.55428695678711
33.479366302490234
6.844643592834473
4.944135665893555
29.214561462402344
35.48208999633789
41.40424346923828
35.44021224975586
37.070552825927734
5.303450584411621
12.30471420288086
43.077369689941406
41.41749954223633
40.7195930480957
40.50600814819336
26.15366554260254
38.96133041381836
7.3717756271362305
30.809158325195312
30.134078979492188
6.03519344329834
6.146136283874512
31.31365966796875
30.479087829589844
40.773563385009766
29.247283935546875
35.83717727661133
32.76274108886719
33.571800231933594
33.37439727783203
39.060726165771484
38.902767181396484
32.39575958251953
26.553709030151367
34.66464614868164
20.261966705322266
5.0537004470825195
39.826011657714844
35.964210510253906
37.02564239501953
4.413389205932617
36.75834274291992
40.85773468017578
44.50409698486328
36.76105499267578
39.860843658447266
33.90873718261719
33.197120666503906
36.379634857177734
35.66252136230469
8.774412155151367
31.779651641845703
37.370731353759766
27.493125915527344
34.13582992553711
39.09224319458008
38.135658264160156
36.984764099121094
38.49019241333008
37.64474868774414
36.27188491821289
39.86077880859375
30.579612731933594
37.6240348815918
33.65201950073242
29.504093170166016
34.30213165283203
31.470947265625
35.97414779663086
42.00674057006836
34.49803924560547
37.63766098022461
30.57754898071289
36.05326461791992
42.11903762817383
36.12665939331055
41.52505111694336
38.96792984008789
28.727745056152344
31.45944595336914
34.76597595214844
34.069984436035156
35.4803581237793
25.82997703552246
39.70283508300781
41.96990203857422
-1.3757452964782715
43.367916107177734
32.2657356262207
41.993141174316406
41.402427673339844
32.43431091308594
31.662940979003906
36.68655776977539
15.194704055786133
36.25010299682617
37.26362228393555
38.563236236572266
30.77469253540039
3.041360855102539
35.651702880859375
32.63393783569336
29.225990295410156
33.73191452026367
36.321205139160156
39.470306396484375
32.90253829956055
31.022117614746094
38.91425323486328
40.95438766479492
0.16878509521484375
35.52301025390625
31.900951385498047
29.924190521240234
25.77666664123535
41.22452163696289
30.662349700927734
26.15032386779785
77.38358306884766
47.74906921386719
39.788639068603516
36.94951629638672
29.701366424560547
39.6296501159668
35.723262786865234
43.40123748779297
34.936126708984375
34.761775970458984
27.940387725830078
1.8610272407531738
33.338539123535156
8.017121315002441
39.102413177490234
0.8844962120056152
37.25783157348633
43.95384216308594
13.281505584716797
28.421348571777344
45.848846435546875
37.67617416381836
8.47145938873291
31.935462951660156
41.617774963378906
8.64985466003418
35.692596435546875
6.131440162658691
38.99956512451172
42.96002960205078
31.839454650878906
8.950311660766602
8.057815551757812
37.9928092956543
33.31106185913086
4.670982360839844
32.73832321166992
36.785213470458984
36.25727844238281
31.193599700927734
33.81525802612305
35.824493408203125
35.23326110839844
10.490153312683105
9.404457092285156
41.49007034301758
10.498849868774414
38.794349670410156
38.88139724731445
6.014123916625977
34.510597229003906
44.96818161010742
32.57722091674805
42.186363220214844
43.491641998291016
35.47712326049805
30.83416748046875
38.32426071166992
44.26029968261719
43.851707458496094
29.77447509765625
36.3704833984375
44.016780853271484
41.913970947265625
30.139270782470703
39.2705192565918
46.25080490112305
39.92658615112305
10.037347793579102
34.4611701965332
3.659727096557617
43.00644302368164
38.720001220703125
43.5462760925293
3.4326438903808594
40.077945709228516
34.5011100769043
37.953895568847656
42.27753448486328
40.98726272583008
39.59248733520508
31.982044219970703
40.853599548339844
30.018951416015625
33.10240936279297
35.43367385864258
18.135478973388672
37.86113357543945
44.42935562133789
36.70414733886719
14.912565231323242
35.07197189331055
7.646461486816406
7.339407920837402
35.37601089477539
36.435707092285156
33.55850601196289
38.81370544433594
30.434383392333984
33.3212776184082
38.70936965942383
41.82299041748047
7.250370979309082
41.517765045166016
39.57536697387695
4.7421875
7.5841264724731445
4.752777099609375
43.615230560302734
31.412353515625
33.074649810791016
31.074485778808594
38.23274230957031
43.3223876953125
43.541255950927734
37.830501556396484
25.999652862548828
33.025489807128906
30.54970932006836
35.166419982910156
5.986336708068848
41.2003059387207
41.43600845336914
35.876590728759766
30.447525024414062
32.18983840942383
37.66472625732422
-1.4660882949829102
41.523983001708984
42.88582229614258
32.81459045410156
36.71010971069336
40.28055953979492
35.58168411254883
35.80615234375
36.36302185058594
31.524063110351562
41.61640930175781
44.81904983520508
0.8801455497741699
36.55088806152344
29.694934844970703
41.0074577331543
38.5529899597168
27.617313385009766
40.026634216308594
63.98161315917969
54.4670524597168
38.92537307739258
36.808345794677734
52.08338165283203
40.06895446777344
38.04167175292969
39.52943801879883
39.10685348510742
32.799015045166016
40.090904235839844
34.412322998046875
36.65859603881836
4.263577461242676
38.77265548706055
41.29405975341797
33.283050537109375
31.683483123779297
1.879629135131836
5.762504577636719
3.3573732376098633
41.358577728271484
38.69900131225586
44.3057746887207
68.10578918457031
46.705657958984375
52.365997314453125
0.8683223724365234
57.90037536621094
30.254093170166016
-0.6540694236755371
43.564998626708984
45.06879806518555
39.49967956542969
1.0338044166564941
47.891422271728516
70.8677749633789
35.098201751708984
10.289396286010742
39.47124099731445
68.54370880126953
42.29880905151367
38.84137725830078
40.2881965637207
41.6586799621582
74.2393569946289
33.12565231323242
35.00789260864258
31.062252044677734
23.303890228271484
40.578311920166016
41.89583206176758
10.048956871032715
38.80158996582031
41.64468765258789
55.179931640625
5.739367485046387
34.88077926635742
68.07225036621094
38.753604888916016
66.58152770996094
42.37851333618164
38.74828338623047
16.927017211914062
32.145626068115234
34.85487747192383
32.31511306762695
63.89165496826172
71.9732666015625
28.99810028076172
36.79576873779297
31.923065185546875
4.528905868530273
40.4669189453125
78.65963745117188
-1.914442777633667
46.58834457397461
6.753423690795898
43.34663391113281
44.6009521484375
33.711769104003906
56.42396545410156
42.15781021118164
68.36319732666016
41.3995475769043
47.53227615356445
31.134231567382812
38.392433166503906
43.26017761230469
43.71992111206055
31.83083724975586
44.54126739501953
40.773799896240234
37.15107727050781
40.0909538269043
34.10757827758789
70.04440307617188
45.03360366821289
34.46988296508789
39.88837432861328
37.66239929199219
67.16983032226562
38.708221435546875
41.471099853515625
49.05009078979492
45.49068069458008
28.8533935546875
41.999969482421875
49.41680908203125
38.7645149230957
27.316959381103516
35.43610382080078
7.975394248962402
47.417850494384766
43.993980407714844
46.987430572509766
52.621788024902344
50.11659240722656
49.89958572387695
58.3119010925293
64.23030090332031
39.252296447753906
36.77684783935547
32.49770736694336
12.061971664428711
61.662513732910156
53.171138763427734
37.44511413574219
0.9374799728393555
79.3518295288086
41.02680206298828
41.21489715576172
70.66262817382812
47.456295013427734
24.93202018737793
11.143083572387695
31.889488220214844
46.00559997558594
37.9488639831543
61.00611877441406
40.91013717651367
40.40360641479492
48.14365005493164
44.028892517089844
64.59996795654297
71.83389282226562
75.97239685058594
6.95413875579834
34.062137603759766
23.911231994628906
66.52558135986328
31.735004425048828
31.844200134277344
42.196895599365234
69.64219665527344
44.55442810058594
74.169921875
-0.870476245880127
35.80052185058594
75.54521942138672
65.90321350097656
56.9286994934082
40.11112976074219
42.53583908081055
16.86501693725586
44.254390716552734
31.36178207397461
54.489139556884766
18.550928115844727
79.9173812866211
32.5352668762207
47.670799255371094
38.40958786010742
80.44461059570312
35.42158126831055
31.085063934326172
28.627315521240234
45.037193298339844
70.06236267089844
75.72905731201172
46.47421646118164
39.98563766479492
-0.2282886505126953
41.303810119628906
76.16543579101562
38.9022216796875
66.97173309326172
43.44792556762695
74.38651275634766
34.43794250488281
47.76741027832031
46.57856750488281
5.9113054275512695
42.06062316894531
40.50968933105469
40.810577392578125
41.91794204711914
48.17015075683594
81.37129974365234
77.67576599121094
52.85085678100586
39.20895004272461
35.67654800415039
69.8057861328125
57.69596481323242
68.374267578125
44.48399353027344
73.8688735961914
69.37323760986328
38.96138381958008
80.04104614257812
38.174522399902344
45.05879592895508
53.23542404174805
67.69654846191406
40.506996154785156
79.56329345703125
44.05295944213867
81.94525146484375
34.03961944580078
40.906471252441406
85.54649353027344
43.09170913696289
59.11174774169922
77.32437896728516
39.47461700439453
47.761783599853516
40.8182258605957
43.72904968261719
8.577676773071289
5.092897415161133
36.83900451660156
35.24079895019531
40.51841354370117
70.21417236328125
77.0326919555664
34.77173614501953
36.50432205200195
74.71676635742188
73.7652587890625
73.27429962158203
73.00619506835938
92.64894104003906
74.162109375
81.548095703125
43.0236701965332
68.43025207519531
70.37810516357422
39.259395599365234
56.91203689575195
61.148826599121094
78.93924713134766
83.66908264160156
84.29066467285156
46.673587799072266
72.83558654785156
47.730247497558594
77.34032440185547
71.21556091308594
87.34500122070312
82.7666244506836
68.07522583007812
74.45672607421875
41.24617004394531
82.95935821533203
67.18795013427734
66.26707458496094
76.50719451904297
63.30366516113281
76.84222412109375
76.62562561035156
72.63629150390625
67.33917236328125
27.427112579345703
72.9046401977539
78.46758270263672
80.87754821777344
30.685718536376953
77.51746368408203
48.95945739746094
42.476680755615234
76.5977783203125
43.646446228027344
76.2420883178711
72.21047973632812
42.52139663696289
75.07178497314453
87.52926635742188
92.46588897705078
74.64693450927734
80.35087585449219
84.10628509521484
42.47263717651367
82.33942413330078
64.8152847290039
73.7270278930664
41.711647033691406
88.34654998779297
0.6829099655151367
42.26921081542969
78.71755981445312
6.58612060546875
93.0089111328125
83.2330322265625
71.3077621459961
54.19723892211914
64.0895004272461
59.345741271972656
91.48031616210938
4.987288475036621
4.432551383972168
95.36710357666016
8.679147720336914
41.66349792480469
39.89928436279297
46.51178741455078
77.56587219238281
87.41261291503906
9.995988845825195
81.10816192626953
36.51847839355469
57.482479095458984
35.6458740234375
77.08317565917969
83.1942138671875
75.50957489013672
77.68771362304688
74.72854614257812
86.22134399414062
54.32228469848633
80.37992858886719
64.37902069091797
78.21751403808594
65.41866302490234
43.91315460205078
70.53652954101562
60.53010559082031
48.55168914794922
80.41149139404297
45.923828125
51.8127326965332
7.01657772064209
75.6456527709961
83.2972412109375
9.69784164428711
45.66383743286133
95.67826080322266
89.41851806640625
80.99762725830078
86.70502471923828
49.75738525390625
74.677734375
32.85752868652344
45.409210205078125
81.73188781738281
84.8133544921875
84.12235260009766
69.92383575439453
42.3177604675293
44.824398040771484
84.69034576416016
84.9117660522461
78.31849670410156
74.50902557373047
86.31257629394531
65.92886352539062
70.12309265136719
56.95631408691406
80.4490737915039
91.58077239990234
0.699714183807373
45.817955017089844
40.0161247253418
81.70189666748047
54.68305206298828
71.58454132080078
85.84285736083984
88.34913635253906
6.235544204711914
107.81822204589844
93.30792999267578
62.60045623779297
87.1554946899414
44.28806686401367
59.076698303222656
61.027923583984375
75.86678314208984
41.86378860473633
75.94609069824219
83.23877716064453
54.67139434814453
0.8778109550476074
39.573692321777344
85.34463500976562
88.28863525390625
45.59202194213867
86.79686737060547
83.75959014892578
59.730010986328125
77.65414428710938
87.09625244140625
79.55806732177734
82.4321060180664
83.14971160888672
99.10836029052734
103.33866882324219
132.34304809570312
76.9360122680664
36.6072883605957
88.72647094726562
69.288818359375
70.24215698242188
78.89917755126953
35.98640441894531
86.68134307861328
91.11939239501953
79.19320678710938
104.72785949707031
85.7708969116211
78.32304382324219
96.27166748046875
72.42210388183594
132.9537353515625
73.79693603515625
131.2892303466797
97.6423568725586
85.18973541259766
85.47156524658203
105.74305725097656
81.4637451171875
67.7503433227539
40.890926361083984
6.251018524169922
37.006744384765625
72.81693267822266
92.70484924316406
80.60760498046875
81.0682144165039
80.46521759033203
88.32101440429688
76.86595153808594
87.34333038330078
76.19039916992188
78.53314208984375
96.39020538330078
67.34574890136719
66.10264587402344
72.98030090332031
78.72209930419922
89.73229217529297
73.89485168457031
71.8182144165039
125.23798370361328
87.96151733398438
93.70787811279297
87.9920654296875
133.21319580078125
79.16439819335938
82.94026184082031
70.26119995117188
80.0636978149414
116.2351303100586
89.6929931640625
90.85014343261719
71.98963165283203
74.95979309082031
77.69385528564453
104.57849884033203
80.13919067382812
132.6494140625
72.66075897216797
68.47844696044922
75.48087310791016
88.33890533447266
94.8572006225586
79.2206802368164
56.50240707397461
86.9338150024414
68.47300720214844
88.18256378173828
87.81669616699219
76.19589233398438
78.5051040649414
88.58072662353516
64.58905029296875
1.8017711639404297
85.61441040039062
72.44745635986328
96.34149932861328
154.6739044189453
75.7813720703125
92.41207122802734
95.70530700683594
124.16436004638672
77.55724334716797
68.7281265258789
97.54371643066406
95.74314880371094
90.4529800415039
130.03146362304688
72.9466552734375
96.04243469238281
81.9813003540039
69.92452239990234
86.95574951171875
89.58782958984375
87.37095642089844
94.28736877441406
86.597900390625
85.15989685058594
97.34396362304688
86.90242767333984
91.94783020019531
96.55735778808594
61.267066955566406
91.6908187866211
95.99105072021484
87.07172393798828
78.8073501586914
92.30650329589844
67.97068786621094
87.60901641845703
95.77859497070312
136.5292510986328
79.2269058227539
85.87110137939453
87.78011322021484
87.5464859008789
80.69756317138672
91.00572204589844
82.81260681152344
93.69593811035156
86.95719146728516
92.98107147216797
67.32172393798828
147.7974853515625
96.4926986694336
92.78770446777344
88.3835220336914
106.7174301147461
99.72608184814453
80.57312774658203
89.31177520751953
62.916770935058594
78.76183319091797
74.43929290771484
93.64178466796875
98.32532501220703
124.56121063232422
76.01404571533203
90.44855499267578
97.84593200683594
95.3023910522461
77.0840835571289
76.90673065185547
85.32589721679688
80.21074676513672
83.70823669433594
84.92992401123047
74.631591796875
122.6001968383789
-0.4363875389099121
138.25865173339844
89.512451171875
139.72207641601562
103.01728820800781
98.0958251953125
68.14567565917969
88.62471008300781
92.7360610961914
92.25314331054688
130.25711059570312
97.8437728881836
91.93400573730469
77.82939910888672
68.73040008544922
82.6396713256836
79.21422576904297
89.62908172607422
85.99345397949219
76.59649658203125
115.6701889038086
80.35108947753906
88.18273162841797
69.42113494873047
86.79534149169922
136.8543701171875
149.49273681640625
80.79651641845703
92.51448822021484
122.93746185302734
66.50982666015625
101.7425308227539
86.62240600585938
81.30005645751953
77.02128601074219
77.26968383789062
98.52131652832031
92.49796295166016
91.67771911621094
45.504852294921875
80.32699584960938
95.51746368408203
81.23065948486328
77.08833312988281
104.58293151855469
89.48185729980469
134.87646484375
45.22911834716797
97.19170379638672
88.1545181274414
77.6374282836914
90.88646697998047
95.9878921508789
3.591547966003418
91.40544891357422
67.68915557861328
87.20053100585938
98.85165405273438
119.79449462890625
94.01026153564453
136.10577392578125
96.40227508544922
71.74979400634766
93.92910766601562
140.3303985595703
100.69432830810547
91.76028442382812
98.67462921142578
124.3771743774414
94.51544952392578
131.29196166992188
123.40647888183594
85.83374786376953
91.40953826904297
72.36929321289062
-1.6865153312683105
45.347198486328125
84.36722564697266
82.31544494628906
91.73661041259766
147.50775146484375
130.43646240234375
132.68402099609375
113.86030578613281
62.72102355957031
74.72382354736328
100.80036926269531
88.05641174316406
84.81248474121094
84.06523895263672
93.50787353515625
80.10787963867188
74.55342102050781
50.517215728759766
85.64158630371094
89.94837951660156
98.9515151977539
123.02708435058594
85.3133316040039
73.84201049804688
86.36198425292969
150.0585174560547
69.38324737548828
97.01045989990234
118.16050720214844
111.94548797607422
91.38829803466797
126.45747375488281
71.60813903808594
138.7954864501953
147.16201782226562
96.3519515991211
85.26873779296875
98.14305877685547
107.7629165649414
99.58053588867188
85.70152282714844
5.037224769592285
95.8039779663086
101.22640228271484
89.09327697753906
99.9681625366211
76.4149169921875
82.89249420166016
100.88359832763672
126.23082733154297
87.00679779052734
107.56178283691406
94.64989471435547
96.3419189453125
91.74211120605469
88.77570343017578
102.46187591552734
68.28010559082031
128.73965454101562
128.78402709960938
97.8300552368164
98.92748260498047
101.0280990600586
137.15936279296875
83.96794128417969
44.70113754272461
131.67523193359375
135.40438842773438
100.05706024169922
130.6967315673828
89.05363464355469
103.58875274658203
140.21505737304688
97.55802917480469
90.06695556640625
97.74801635742188
94.1048583984375
155.24623107910156
107.19269561767578
90.90509033203125
91.92887878417969
140.5797119140625
100.68258666992188
129.21014404296875
123.58846282958984
125.52179718017578
125.0757827758789
104.20294189453125
130.80270385742188
84.30882263183594
139.86431884765625
78.35804748535156
123.80957794189453
133.45205688476562
125.95945739746094
74.5505142211914
103.50843048095703
92.64361572265625
92.00374603271484
70.78400421142578
95.47056579589844
137.44520568847656
125.33096313476562
128.0054931640625
88.93194580078125
134.2821044921875
138.72705078125
91.75316619873047
84.864501953125
97.37609100341797
138.74867248535156
94.94630432128906
132.9388427734375
93.18682861328125
84.46007537841797
12.215869903564453
90.99573516845703
94.41909790039062
68.65440368652344
131.54495239257812
130.43356323242188
133.857177734375
106.48252868652344
138.22067260742188
89.95250701904297
109.68461608886719
91.15512084960938
91.60282135009766
90.87950134277344
136.4086151123047
112.07743072509766
139.2997283935547
132.50697326660156
84.1950912475586
137.98501586914062
88.25716400146484
123.68327331542969
120.58563995361328
129.58755493164062
93.24502563476562
126.4607162475586
120.6495590209961
75.06282043457031
127.57167053222656
142.5775909423828
135.99227905273438
111.67662048339844
133.53282165527344
91.06224060058594
89.99777221679688
112.29649353027344
113.58199310302734
48.795101165771484
81.72295379638672
82.95598602294922
92.2210922241211
95.46693420410156
79.45289611816406
126.30252838134766
79.33051300048828
95.7555923461914
108.4315185546875
94.28894805908203
102.8125
118.99974822998047
75.68534851074219
102.95321655273438
85.38323974609375
104.61395263671875
131.72100830078125
36.71104049682617
31.494640350341797
92.00943756103516
86.01445007324219
129.93893432617188
64.94939422607422
80.6856918334961
85.07333374023438
129.0601043701172
28.59353256225586
141.69546508789062
83.09685516357422
127.88964080810547
87.1341552734375
130.73013305664062
88.79016876220703
124.53999328613281
77.29220581054688
93.88545227050781
91.5462417602539
86.47583770751953
123.34160614013672
133.52838134765625
109.46854400634766
141.1287384033203
134.1851806640625
60.64166259765625
131.75991821289062
100.4649658203125
95.80461120605469
102.90253448486328
96.21341705322266
74.7955093383789
127.4970474243164
107.419677734375
134.7283935546875
78.5633316040039
138.7744598388672
70.80789184570312
122.85002899169922
125.66925811767578
91.47528839111328
123.6614761352539
79.91551971435547
95.6290283203125
95.32417297363281
145.65017700195312
130.4256591796875
124.67048645019531
84.74052429199219
137.06692504882812
76.1539306640625
94.06094360351562
91.79564666748047
98.69740295410156
95.11937713623047
93.01713562011719
136.86920166015625
123.54631042480469
92.65150451660156
7.874669075012207
143.90756225585938
143.358642578125
68.8349609375
84.41522216796875
89.24270629882812
91.59636688232422
85.00309753417969
132.82598876953125
140.7921600341797
141.58551025390625
129.17413330078125
5.4044952392578125
124.45771026611328
131.5196075439453
94.54598236083984
123.96775817871094
135.81475830078125
91.6239013671875
84.24333953857422
126.95738220214844
142.99465942382812
130.51980590820312
134.09095764160156
83.9177474975586
83.2916030883789
131.86175537109375
137.1278076171875
102.0727310180664
37.12641906738281
132.75985717773438
105.82428741455078
139.39096069335938
130.94790649414062
124.85318756103516
98.44725799560547
99.49259185791016
89.4515151977539
154.82823181152344
134.6719970703125
134.30538940429688
94.39281463623047
88.37612915039062
130.14308166503906
42.14795684814453
127.57339477539062
128.04034423828125
141.39968872070312
97.86988067626953
95.69245910644531
37.483943939208984
138.48411560058594
93.60707092285156
143.67550659179688
148.81570434570312
123.97992706298828
95.21426391601562
102.15681457519531
140.28326416015625
134.24786376953125
104.55465698242188
90.79012298583984
140.37008666992188
117.7438735961914
142.21182250976562
105.91937255859375
141.58306884765625
1.273453712463379
135.47052001953125
134.7157745361328
134.45773315429688
98.66876220703125
108.63343811035156
61.618980407714844
91.78130340576172
141.8755645751953
141.75759887695312
143.345703125
148.09043884277344
101.66651153564453
90.65618133544922
150.71885681152344
137.1768341064453
93.6895523071289
135.34780883789062
87.9759521484375
126.58490753173828
146.52418518066406
147.62118530273438
110.72303771972656
96.79681396484375
147.98443603515625
147.64991760253906
93.4819107055664
128.74073791503906
145.34271240234375
144.45321655273438
139.6704864501953
101.71208953857422
105.27182006835938
127.86076354980469
136.60757446289062
80.88652038574219
140.52337646484375
95.5238265991211
109.65538787841797
106.9270248413086
141.76361083984375
135.53280639648438
137.89035034179688
84.96971130371094
106.33931732177734
106.95181274414062
101.92185974121094
110.89137268066406
83.95161437988281
93.02301025390625
133.59432983398438
131.92996215820312
142.02517700195312
105.97412109375
92.3217544555664
106.3835678100586
158.9990234375
120.05902862548828
5.608437538146973
87.4400634765625
159.6544189453125
145.60409545898438
130.00778198242188
102.41960906982422
105.92757415771484
103.14737701416016
109.78324890136719
134.83929443359375
95.71283721923828
145.8948974609375
149.21604919433594
149.49197387695312
152.3816680908203
151.9600372314453
151.14508056640625
100.51020812988281
78.09119415283203
112.47191619873047
154.30795288085938
145.63987731933594
93.69645690917969
88.35528564453125
152.7533416748047
155.29652404785156
149.44020080566406
133.67774963378906
132.51983642578125
143.45260620117188
103.35719299316406
103.72897338867188
149.83204650878906
147.2006378173828
101.92837524414062
152.91744995117188
151.96624755859375
88.3700180053711
106.18399810791016
137.905517578125
143.2838592529297
127.50617218017578
147.20355224609375
136.2495574951172
104.01375579833984
139.96656799316406
114.91273498535156
114.90394592285156
106.96879577636719
95.78162384033203
148.7743377685547
104.71495056152344
103.70032501220703
111.81364440917969
149.65553283691406
148.7202606201172
100.07870483398438
106.27806091308594
152.7608184814453
145.11053466796875
107.30303955078125
115.65733337402344
107.66871643066406
120.19831085205078
143.4864044189453
101.10877990722656
154.26654052734375
149.51028442382812
113.91320037841797
157.60560607910156
98.47918701171875
108.35850524902344
152.96250915527344
149.72157287597656
113.79830169677734
88.6368179321289
108.18417358398438
140.013671875
147.33743286132812
152.3281707763672
116.27848815917969
142.35963439941406
110.42677307128906
142.11801147460938
109.53073120117188
140.7560272216797
101.09523010253906
146.6304473876953
104.05389404296875
106.86023712158203
139.03860473632812
145.28558349609375
115.29004669189453
138.310791015625
110.79359436035156
101.52591705322266
152.3193359375
146.49209594726562
144.77415466308594
85.5518569946289
111.34542083740234
127.068359375
116.1109848022461
153.2763214111328
142.22259521484375
159.85394287109375
158.4040985107422
104.24494171142578
102.6875991821289
109.67292785644531
155.03448486328125
114.6069564819336
142.3838348388672
131.16976928710938
95.71299743652344
144.06982421875
142.9569854736328
100.94314575195312
114.92081451416016
114.86888122558594
156.720947265625
134.15997314453125
90.60499572753906
110.90159606933594
95.28911590576172
106.07654571533203
143.10073852539062
112.29864501953125
110.41883087158203
142.89260864257812
155.85841369628906
146.87193298339844
156.56690979003906
111.1224594116211
119.28170776367188
148.29933166503906
141.94869995117188
101.878173828125
114.56011962890625
142.28077697753906
159.81333923339844
160.94744873046875
116.0888442993164
114.23370361328125
153.52593994140625
143.96131896972656
158.7635040283203
114.10527038574219
147.04371643066406
159.0272674560547
111.36282348632812
146.18873596191406
104.42412567138672
81.22440338134766
157.79693603515625
108.41671752929688
163.02081298828125
151.40208435058594
110.74030303955078
107.58393096923828
145.4098663330078
136.27215576171875
160.2681427001953
149.27886962890625
108.24772644042969
102.88481903076172
116.87210845947266
109.59700775146484
136.66175842285156
146.45423889160156
110.61089324951172
136.8641815185547
105.39915466308594
147.10198974609375
107.00120544433594
109.62850189208984
139.16587829589844
110.59525299072266
111.72832489013672
149.85043334960938
154.2059783935547
104.08833312988281
103.09989166259766
110.34777069091797
101.86921691894531
155.51861572265625
117.50849151611328
104.93673706054688
117.30052947998047
148.28953552246094
153.65367126464844
80.83361053466797
110.17594146728516
159.83135986328125
161.00367736816406
155.56163024902344
116.46659088134766
146.58493041992188
148.67848205566406
120.55259704589844
141.6186065673828
110.26239776611328
102.97003173828125
120.71771240234375
154.7799530029297
151.02378845214844
147.18429565429688
155.1835174560547
113.22057342529297
156.1134033203125
148.2676239013672
152.40225219726562
118.82765197753906
142.37315368652344
96.39583587646484
116.68276977539062
151.54217529296875
105.01849365234375
98.56898498535156
150.62371826171875
145.49758911132812
116.32734680175781
152.65963745117188
148.10121154785156
150.0009765625
141.02664184570312
149.07565307617188
100.35594177246094
121.62985229492188
112.72817993164062
102.7012939453125
132.71507263183594
113.1021499633789
155.51451110839844
142.3698272705078
157.70016479492188
146.79354858398438
102.69721221923828
108.66114044189453
107.40863037109375
164.1793975830078
112.62751770019531
148.69981384277344
143.83230590820312
113.96984100341797
94.26353454589844
98.2091293334961
157.21339416503906
153.38577270507812
163.9872283935547
138.7198028564453
111.79271697998047
103.41097259521484
162.51556396484375
114.6212158203125
148.21702575683594
152.3944854736328
156.3954620361328
101.24714660644531
160.33035278320312
113.12617492675781
146.1205596923828
131.83758544921875
107.47993469238281
105.4975814819336
115.82429504394531
112.81055450439453
156.88876342773438
163.89723205566406
152.76773071289062
141.38902282714844
113.73332214355469
111.87610626220703
153.34408569335938
150.2917022705078
124.00588989257812
167.06214904785156
141.88949584960938
155.98464965820312
145.5922393798828
139.86183166503906
167.0682373046875
118.29072570800781
115.57057189941406
144.2869415283203
113.85106658935547
104.50135803222656
156.76608276367188
145.85987854003906
147.5434112548828
149.43228149414062
156.76148986816406
74.55575561523438
149.8336639404297
115.44270324707031
146.1020965576172
149.7383270263672
151.50579833984375
145.24998474121094
105.28309631347656
98.77728271484375
150.3148193359375
155.7671661376953
139.68710327148438
156.97909545898438
100.21841430664062
116.51139831542969
102.81419372558594
101.10028839111328
112.59610748291016
96.93744659423828
169.43275451660156
154.94561767578125
162.25808715820312
153.96009826660156
105.80811309814453
114.81754302978516
146.96810913085938
113.66896057128906
154.01162719726562
103.71503448486328
149.88323974609375
102.33502197265625
117.97301483154297
140.7493133544922
113.2839126586914
116.88232421875
108.47784423828125
101.8046646118164
4.913825988769531
147.73988342285156
151.4921875
146.2111358642578
112.72168731689453
108.40666198730469
117.72306060791016
113.19386291503906
155.38055419921875
111.43468475341797
139.34486389160156
141.2496795654297
122.1521987915039
142.88392639160156
156.90306091308594
108.27788543701172
106.19529724121094
163.94989013671875
107.78959655761719
114.63203430175781
102.06989288330078
165.70404052734375
155.243896484375
160.26983642578125
100.8978042602539
119.87615203857422
151.65560913085938
149.49917602539062
116.86125946044922
114.5552749633789
117.48686218261719
140.29222106933594
150.64585876464844
144.88262939453125
152.2533721923828
115.92224884033203
158.17953491210938
150.85275268554688
99.7941665649414
153.2605438232422
121.61077117919922
96.83544158935547
150.32130432128906
134.77978515625
147.5417938232422
147.8856658935547
115.46685028076172
110.43541717529297
132.54693603515625
121.32646942138672
100.74201202392578
156.101806640625
145.02847290039062
123.74020385742188
132.6003875732422
115.54839324951172
162.85008239746094
123.27177429199219
137.45663452148438
153.00830078125
149.6921844482422
108.94694519042969
100.22909545898438
163.5465850830078
130.8692169189453
126.13121032714844
90.4342041015625
116.72150421142578
152.58001708984375
133.98155212402344
96.63302612304688
157.84051513671875
143.65403747558594
144.10748291015625
116.95716857910156
137.78302001953125
113.62565612792969
150.80642700195312
146.40554809570312
105.77161407470703
109.52251434326172
158.09616088867188
166.10523986816406
156.07992553710938
148.3946075439453
104.39949798583984
149.161376953125
149.38217163085938
114.31513214111328
136.96798706054688
135.87115478515625
108.02470397949219
149.6840057373047
85.62754821777344
144.6274871826172
114.239013671875
99.82905578613281
89.5096206665039
148.7498779296875
156.9215087890625
135.86672973632812
138.46090698242188
143.02183532714844
106.21318054199219
111.24855041503906
107.50312805175781
146.28958129882812
104.86294555664062
152.2365264892578
147.05653381347656
113.84192657470703
148.4347686767578
112.80785369873047
144.09030151367188
112.9889907836914
110.3873062133789
151.33560180664062
108.02417755126953
140.55897521972656
143.846435546875
153.0245819091797
146.0958709716797
107.86393737792969
139.28746032714844
148.63082885742188
91.12653350830078
101.61026000976562
96.68135833740234
144.33746337890625
119.2304458618164
115.31510925292969
100.22724914550781
114.31761932373047
150.22291564941406
107.65227508544922
105.5207748413086
135.68014526367188
150.88809204101562
142.16049194335938
113.39122772216797
147.8522186279297
126.2054214477539
148.38197326660156
115.51854705810547
93.01448822021484
137.4984130859375
104.32195281982422
138.1859130859375
108.832275390625
137.6343231201172
111.77146911621094
138.179443359375
105.60115814208984
103.89152526855469
142.7798309326172
150.56336975097656
104.70978546142578
145.84327697753906
153.78379821777344
111.50395202636719
119.94231414794922
102.06721496582031
114.51869201660156
138.6117401123047
114.30961608886719
137.67453002929688
143.60275268554688
105.20342254638672
106.68781280517578
113.98075866699219
141.4996337890625
128.2158660888672
131.29884338378906
143.1800537109375
112.88923645019531
107.9312744140625
147.28866577148438
111.24031829833984
122.79785919189453
151.5176239013672
115.41638946533203
106.63674926757812
109.1211929321289
124.11668395996094
157.9893798828125
153.1966094970703
157.33285522460938
160.0967254638672
150.08416748046875
116.76904296875
147.76239013671875
119.291748046875
155.31695556640625
118.99922180175781
124.05833435058594
152.5010528564453
149.8719024658203
158.21534729003906
149.6393585205078
117.64205932617188
108.31781768798828
144.08824157714844
155.80323791503906
143.96714782714844
148.46217346191406
118.36286163330078
158.47650146484375
112.58711242675781
119.421875
118.00183868408203
131.10836791992188
112.24317932128906
116.00212860107422
112.04739379882812
113.86692810058594
163.60171508789062
156.76100158691406
151.721923828125
121.48661041259766
117.41752624511719
141.73837280273438
148.58633422851562
152.160400390625
90.4057846069336
115.09515380859375
151.8358612060547
159.1764678955078
160.751953125
116.86400604248047
149.24172973632812
149.58370971679688
160.3476104736328
117.06635284423828
136.34060668945312
149.1475830078125
158.7981414794922
165.48812866210938
150.13662719726562
141.14122009277344
147.741943359375
155.33555603027344
125.40303802490234
-0.26388978958129883
114.55360412597656
165.40887451171875
148.55604553222656
149.72677612304688
130.527099609375
155.4920196533203
142.56619262695312
114.91077423095703
114.60214233398438
147.44888305664062
161.8798370361328
160.82839965820312
159.23390197753906
146.68063354492188
161.63037109375
135.334716796875
110.76823425292969
124.63082885742188
144.75393676757812
154.26470947265625
155.722412109375
154.92913818359375
149.93771362304688
140.02703857421875
115.62356567382812
154.59739685058594
156.24057006835938
114.56243133544922
111.0024642944336
119.37998962402344
147.22088623046875
145.38037109375
163.00030517578125
157.87437438964844
163.07740783691406
146.53932189941406
142.34498596191406
107.37972259521484
113.51617431640625
156.1326446533203
116.93000793457031
162.73007202148438
154.8988494873047
151.1295623779297
117.7159423828125
139.25123596191406
162.50518798828125
164.16506958007812
169.43177795410156
119.08248901367188
168.92941284179688
158.93650817871094
162.899658203125
149.9885711669922
165.76068115234375
122.76673126220703
167.5811004638672
152.3290557861328
165.39170837402344
156.17857360839844
165.98829650878906
157.8670654296875
161.7425079345703
154.06129455566406
158.8739776611328
148.7526092529297
149.45823669433594
163.86032104492188
152.41580200195312
167.22206115722656
153.7410888671875
112.55612182617188
119.34745025634766
153.9637451171875
156.95779418945312
160.34510803222656
167.87330627441406
150.01971435546875
161.33108520507812
141.26287841796875
159.1842498779297
142.72152709960938
158.15072631835938
117.32864379882812
158.49229431152344
6.050819396972656
159.26914978027344
153.6501922607422
168.589111328125
152.2261962890625
122.76302337646484
109.140625
155.4701690673828
154.14303588867188
-0.2015528678894043
157.62574768066406
159.37071228027344
118.11355590820312
126.10324096679688
138.26858520507812
155.02235412597656
94.09799194335938
163.74017333984375
153.64781188964844
-0.5759477615356445
151.64273071289062
132.8440704345703
146.61097717285156
-3.273836135864258
159.06112670898438
167.03126525878906
121.78827667236328
95.2513656616211
159.24136352539062
149.5640411376953
93.4322509765625
142.01063537597656
147.53717041015625
-1.0520174503326416
149.91563415527344
152.58453369140625
124.1763916015625
148.31460571289062
157.14344787597656
155.2325897216797
106.93762969970703
152.12216186523438
138.9363555908203
158.19589233398438
151.24960327148438
158.62948608398438
123.16986083984375
110.25981140136719
145.83775329589844
147.7549591064453
108.71300506591797
147.83926391601562
155.73373413085938
152.913818359375
150.47479248046875
158.0836944580078
148.420166015625
158.12974548339844
154.85964965820312
145.17323303222656
152.6112518310547
152.42263793945312
154.06622314453125
111.88880157470703
134.9614715576172
164.29649353027344
150.07315063476562
154.1322784423828
139.34371948242188
110.79357147216797
138.4314727783203
115.32508087158203
161.5755157470703
156.8170928955078
143.37269592285156
141.12863159179688
154.5414276123047
113.82276916503906
150.18704223632812
145.1501922607422
140.9073944091797
151.95254516601562
153.92205810546875
164.53599548339844
140.21749877929688
153.602783203125
157.9401397705078
121.4863052368164
114.97967529296875
110.35385131835938
165.64129638671875
120.07492065429688
148.90492248535156
115.06806945800781
1.9599719047546387
155.95433044433594
139.2938232421875
153.96731567382812
155.1526641845703
163.19561767578125
165.9798583984375
156.09222412109375
153.66090393066406
152.5203857421875
144.28440856933594
158.81532287597656
-1.2343215942382812
159.08966064453125
157.06411743164062
155.63348388671875
171.22674560546875
153.3130645751953
109.99803161621094
158.9691925048828
-1.276285171508789
146.18601989746094
121.4566650390625
151.1492919921875
158.1382598876953
120.26522064208984
163.257080078125
145.9619598388672
123.48294067382812
147.02642822265625
156.32626342773438
146.41082763671875
167.05377197265625
143.6215057373047
139.7533721923828
2.707592010498047
154.1280517578125
160.36322021484375
160.60552978515625
152.41542053222656
118.04830169677734
114.32632446289062
151.27462768554688
147.21743774414062
157.7655487060547
142.87539672851562
150.4525604248047
160.18719482421875
146.67813110351562
138.07228088378906
141.9850311279297
151.58700561523438
115.1935043334961
138.03761291503906
148.0384521484375
151.418212890625
160.0989532470703
87.25994873046875
151.87083435058594
161.52891540527344
157.44020080566406
158.30360412597656
151.89869689941406
135.70394897460938
148.91412353515625
168.4556884765625
169.22422790527344
157.71934509277344
136.87017822265625
150.10145568847656
134.5235595703125
159.20155334472656
155.7294921875
147.3331756591797
155.56491088867188
152.42164611816406
112.21022033691406
145.83901977539062
157.62506103515625
139.30751037597656
147.58213806152344
109.03058624267578
145.5342559814453
150.3578338623047
160.8668670654297
111.21416473388672
149.86900329589844
113.89161682128906
114.71058654785156
149.90475463867188
157.50497436523438
160.7394561767578
107.04978942871094
91.7137451171875
88.93362426757812
109.54653930664062
101.67666625976562
94.51111602783203
128.29525756835938
140.4212646484375
134.87110900878906
142.2548828125
90.03987121582031
145.09173583984375
140.81590270996094
95.71607971191406
101.82173156738281
102.1435546875
122.10962677001953
132.5882568359375
126.30976867675781
107.26388549804688
131.45358276367188
61.094886779785156
141.6576690673828
102.60440826416016
141.98843383789062
101.02876281738281
118.80950164794922
94.49714660644531
135.81088256835938
76.53704071044922
95.25413513183594
141.5745086669922
88.59356689453125
109.1832275390625
145.25230407714844
100.59884643554688
103.5632095336914
142.76246643066406
100.48975372314453
82.9449234008789
76.77167510986328
91.92588806152344
144.679931640625
136.92514038085938
137.2549591064453
78.8074722290039
146.25633239746094
101.91929626464844
135.13998413085938
127.68619537353516
119.57079315185547
116.74314880371094
142.76564025878906
151.41510009765625
124.15351104736328
154.398193359375
151.23074340820312
110.36009216308594
156.86062622070312
134.22396850585938
156.26560974121094
146.76763916015625
135.52194213867188
143.3296356201172
101.38153839111328
130.16714477539062
122.55274963378906
163.4533233642578
114.55985260009766
138.3325653076172
107.365234375
164.30165100097656
97.86569213867188
155.4189453125
143.11997985839844
111.12207794189453
154.0555877685547
152.32833862304688
103.05933380126953
126.40296936035156
152.97642517089844
151.4309844970703
115.29524230957031
88.86842346191406
145.860107421875
153.80775451660156
147.57801818847656
117.51607513427734
144.2834014892578
112.88960266113281
150.19349670410156
152.54083251953125
103.73043060302734
140.59671020507812
111.33743286132812
152.66958618164062
151.05963134765625
126.69367980957031
160.27316284179688
146.29837036132812
103.18286895751953
142.86669921875
142.37181091308594
152.53443908691406
135.32928466796875
124.70140838623047
147.01319885253906
138.39590454101562
145.59754943847656
152.6627197265625
149.7022705078125
151.61195373535156
131.1049346923828
156.14817810058594
148.395751953125
137.3484649658203
148.902099609375
152.4405517578125
135.9451141357422
147.82470703125
114.31790161132812
145.99472045898438
149.55810546875
139.93910217285156
155.45562744140625
130.2286834716797
137.9957275390625
148.80462646484375
146.68421936035156
150.9755401611328
149.0188751220703
144.03919982910156
145.1409912109375
146.49728393554688
141.19358825683594
144.32998657226562
149.9647216796875
134.41380310058594
128.29794311523438
146.81724548339844
147.65451049804688
156.62448120117188
98.35529327392578
149.90106201171875
146.21217346191406
104.69818115234375
150.64913940429688
163.29396057128906
155.0052032470703
149.7203826904297
153.7052459716797
148.80201721191406
135.7900390625
144.9379425048828
137.3013458251953
156.81497192382812
147.3486328125
144.31512451171875
152.87368774414062
154.1190643310547
145.19554138183594
136.0420379638672
142.60821533203125
153.47572326660156
150.32237243652344
146.08470153808594
149.0708465576172
151.48667907714844
138.89303588867188
152.25051879882812
160.2777557373047
157.95745849609375
118.49483489990234
154.00048828125
99.58316040039062
161.42124938964844
155.79981994628906
153.14935302734375
154.94309997558594
155.08306884765625
132.49267578125
156.05172729492188
152.59564208984375
114.91682434082031
153.21527099609375
143.04922485351562
152.0462646484375
147.72402954101562
130.00692749023438
155.0394744873047
133.7284698486328
140.9652099609375
154.59780883789062
153.44007873535156
150.19309997558594
158.3724365234375
147.52017211914062
147.6851806640625
165.3833465576172
162.72283935546875
10.814473152160645
154.06971740722656
155.93336486816406
116.76638793945312
139.39727783203125
153.77426147460938
148.89755249023438
152.8448028564453
113.94718933105469
109.50761413574219
155.2386932373047
107.88772583007812
160.299072265625
158.92208862304688
160.32818603515625
136.62860107421875
110.69952392578125
145.2493438720703
154.8513641357422
159.80880737304688
146.50489807128906
160.47201538085938
113.12020874023438
155.56588745117188
155.96449279785156
157.5765838623047
152.67515563964844
139.5653533935547
153.7202911376953
157.99366760253906
156.8312530517578
153.01177978515625
140.97293090820312
150.81268310546875
0.43224048614501953
155.27587890625
163.31764221191406
142.97222900390625
157.32566833496094
156.97853088378906
150.34805297851562
163.19876098632812
140.62274169921875
156.09036254882812
158.51589965820312
158.2399139404297
115.95894622802734
149.0099639892578
96.1623306274414
157.13682556152344
149.40830993652344
160.92318725585938
161.72630310058594
132.06141662597656
141.9397430419922
151.6874542236328
156.08412170410156
-0.8897204399108887
117.32516479492188
115.35514068603516
152.37942504882812
148.1434783935547
143.50732421875
158.97811889648438
160.02716064453125
163.58131408691406
153.22433471679688
144.49659729003906
156.79995727539062
150.45382690429688
151.1213836669922
157.54188537597656
135.73541259765625
153.166015625
114.56424713134766
152.521484375
148.12413024902344
152.494140625
160.46556091308594
143.24114990234375
154.83990478515625
139.91421508789062
145.81333923339844
138.0778350830078
170.59547424316406
112.83534240722656
138.40504455566406
153.69493103027344
161.0926971435547
168.13771057128906
151.82373046875
153.83506774902344
158.6652374267578
167.55259704589844
151.55589294433594
169.35287475585938
167.6193084716797
144.1258087158203
150.46429443359375
160.28781127929688
112.47624969482422
162.74984741210938
161.49349975585938
166.97210693359375
157.13400268554688
141.61814880371094
139.8450164794922
161.7580108642578
152.9720458984375
151.63218688964844
154.1597900390625
122.04275512695312
165.8590087890625
149.69277954101562
134.93772888183594
156.99826049804688
158.41940307617188
156.8233184814453
120.01966857910156
121.71295166015625
150.02850341796875
157.07144165039062
156.83526611328125
148.96542358398438
146.95082092285156
147.65200805664062
166.62771606445312
162.5169677734375
156.34893798828125
158.94395446777344
154.42251586914062
149.53311157226562
154.8556671142578
150.61744689941406
146.2791290283203
160.7953643798828
147.0530548095703
146.2532196044922
161.16143798828125
159.18341064453125
174.66896057128906
164.5142822265625
163.7117919921875
162.06500244140625
159.7339324951172
159.49427795410156
159.68785095214844
165.6862335205078
161.25091552734375
162.0537567138672
154.521484375
159.683349609375
166.78274536132812
165.5579071044922
171.1300506591797
114.7649917602539
157.08670043945312
164.25265502929688
160.82379150390625
152.64553833007812
168.3852081298828
155.2200164794922
149.5859832763672
163.83639526367188
114.84406280517578
157.81002807617188
108.85836029052734
143.13473510742188
146.1689910888672
159.26571655273438
151.61830139160156
106.82485961914062
150.4143829345703
154.4348602294922
159.77447509765625
167.78746032714844
152.03028869628906
166.82870483398438
157.5692138671875
140.298583984375
165.2296905517578
160.14620971679688
156.09300231933594
160.79840087890625
163.09841918945312
162.03196716308594
152.913330078125
163.41387939453125
149.84420776367188
152.70811462402344
164.01828002929688
146.73028564453125
161.93917846679688
158.10504150390625
153.97178649902344
156.27108764648438
163.3716278076172
116.6737060546875
163.6088104248047
144.12657165527344
160.2139129638672
169.2606964111328
162.26065063476562
137.0724334716797
152.0111083984375
168.1980743408203
100.26606750488281
117.73148345947266
156.08924865722656
165.265869140625
163.35914611816406
141.90005493164062
165.93289184570312
158.77622985839844
160.10302734375
159.73507690429688
163.87953186035156
157.436767578125
154.5743408203125
144.72373962402344
153.3062744140625
161.17266845703125
156.00216674804688
167.60971069335938
133.11358642578125
158.18519592285156
162.62677001953125
138.8692626953125
159.84722900390625
113.65219116210938
172.35354614257812
165.3145751953125
159.0966033935547
149.51187133789062
144.76046752929688
150.6090545654297
134.40109252929688
159.81539916992188
129.04757690429688
142.15794372558594
158.26971435546875
158.8617706298828
157.70851135253906
150.7615509033203
144.47531127929688
133.696044921875
158.2514190673828
156.8727569580078
149.4027099609375
148.5472412109375
131.44223022460938
0.29280710220336914
149.3546142578125
148.77903747558594
144.499755859375
161.18801879882812
148.77215576171875
155.25868225097656
132.34703063964844
109.93144989013672
141.322021484375
153.30990600585938
154.620849609375
152.62550354003906
157.5267791748047
153.3307647705078
158.65164184570312
149.8936004638672
146.88238525390625
147.66590881347656
159.46522521972656
142.10543823242188
154.9778594970703
152.7685089111328
164.1298065185547
156.28253173828125
154.27500915527344
155.89962768554688
151.30780029296875
154.82064819335938
160.9099884033203
142.71861267089844
155.66082763671875
137.48373413085938
148.38233947753906
159.74319458007812
-0.1782827377319336
138.24815368652344
157.06723022460938
143.6961212158203
161.8089141845703
157.53427124023438
50.09612274169922
156.84579467773438
156.74737548828125
139.62754821777344
11.168684005737305
163.48126220703125
144.27407836914062
136.12472534179688
148.1019744873047
151.148193359375
154.67881774902344
137.87100219726562
153.53111267089844
140.3231964111328
150.2639923095703
143.79620361328125
162.64898681640625
158.6940155029297
156.10154724121094
118.02986145019531
151.46200561523438
142.77786254882812
156.30323791503906
148.04824829101562
149.28817749023438
120.18002319335938
162.55105590820312
-2.522859573364258
152.21133422851562
147.84799194335938
154.84332275390625
113.5289535522461
112.20451354980469
153.585205078125
158.75709533691406
151.06690979003906
109.64271545410156
159.31446838378906
118.21065521240234
141.84254455566406
149.71559143066406
156.68223571777344
136.51702880859375
149.02589416503906
154.1185302734375
142.54454040527344
159.6265411376953
137.75341796875
138.10182189941406
145.84564208984375
140.10650634765625
153.96058654785156
147.0477752685547
148.53720092773438
141.6365509033203
150.36924743652344
110.45764923095703
142.475830078125
147.30337524414062
90.75733947753906
99.6875
143.77691650390625
137.09353637695312
137.51431274414062
162.4669952392578
148.76719665527344
144.7710723876953
159.62205505371094
155.62289428710938
152.6509552001953
152.75506591796875
120.83660888671875
156.1223907470703
125.48240661621094
104.44769287109375
146.328857421875
139.40472412109375
139.42041015625
99.8757095336914
157.94093322753906
137.60011291503906
156.7342071533203
149.31875610351562
135.66368103027344
-0.9275846481323242
105.39971923828125
129.94749450683594
149.73228454589844
156.77813720703125
154.51849365234375
147.72515869140625
126.68512725830078
111.07660675048828
152.75772094726562
156.03909301757812
142.43539428710938
150.32308959960938
157.51316833496094
153.7119598388672
147.8492889404297
153.8686981201172
161.25306701660156
153.6202392578125
112.91788482666016
150.3481903076172
115.48887634277344
153.36854553222656
143.54298400878906
148.26077270507812
152.26034545898438
163.91400146484375
151.0858154296875
149.91848754882812
158.61695861816406
149.14353942871094
153.68785095214844
157.3302001953125
159.90919494628906
133.3330078125
116.40779876708984
158.99533081054688
146.9886474609375
163.49415588378906
159.60313415527344
166.41001892089844
159.64596557617188
158.05067443847656
141.878662109375
143.36416625976562
147.47640991210938
145.01730346679688
161.63560485839844
155.349365234375
161.2505340576172
-0.1280207633972168
153.7562713623047
152.20639038085938
168.2212371826172
109.6086196899414
153.37960815429688
151.5341796875
168.2376251220703
155.58282470703125
102.78019714355469
107.81654357910156
129.54388427734375
154.89590454101562
156.43658447265625
170.4331512451172
105.5608139038086
145.73306274414062
129.20657348632812
148.16696166992188
148.61444091796875
142.3956298828125
119.50701141357422
156.5771026611328
66.1016616821289
147.12741088867188
162.64224243164062
141.145751953125
109.61669921875
145.56834411621094
108.23604583740234
134.06179809570312
156.50601196289062
151.91693115234375
117.9769515991211
156.42210388183594
144.6395263671875
152.94735717773438
158.5264434814453
119.69722747802734
111.85374450683594
143.60989379882812
157.59620666503906
152.88360595703125
143.9357147216797
151.5795135498047
148.5274658203125
158.0523223876953
145.5060272216797
141.56546020507812
140.96322631835938
143.82139587402344
151.42523193359375
159.85775756835938
154.04832458496094
139.6540069580078
153.73976135253906
141.45361328125
161.40188598632812
113.08888244628906
161.14820861816406
156.92337036132812
148.2985382080078
150.9069061279297
158.68846130371094
113.30119323730469
157.2464599609375
160.46238708496094
142.7157440185547
112.56721496582031
161.11886596679688
156.57064819335938
143.47340393066406
146.63893127441406
147.1807861328125
153.25027465820312
161.6663055419922
154.84869384765625
157.26809692382812
112.91366577148438
165.6049346923828
97.41407775878906
157.0313720703125
154.07994079589844
155.79591369628906
139.6859130859375
159.2384033203125
143.56459045410156
137.66732788085938
107.49080657958984
132.23239135742188
144.53497314453125
151.0634765625
149.34359741210938
135.80007934570312
148.52894592285156
147.76641845703125
156.8031463623047
150.45082092285156
137.19927978515625
147.89810180664062
151.69772338867188
155.05577087402344
154.69300842285156
110.94281768798828
164.18846130371094
157.7423553466797
142.97976684570312
143.4106903076172
153.19764709472656
166.30661010742188
154.56381225585938
149.73529052734375
148.22657775878906
151.903076171875
149.752685546875
136.38668823242188
156.86094665527344
151.61317443847656
163.30291748046875
153.1924285888672
149.1106414794922
162.97836303710938
161.48602294921875
157.55955505371094
124.92214965820312
165.5358428955078
160.7505340576172
170.9910430908203
161.8679962158203
162.79302978515625
160.12904357910156
133.2068634033203
161.30096435546875
156.55792236328125
155.9317626953125
161.00238037109375
164.7593231201172
139.2684783935547
158.39584350585938
158.2441864013672
163.49444580078125
166.90451049804688
166.7292022705078
157.0436248779297
161.93312072753906
165.01416015625
157.71066284179688
156.13436889648438
155.0709991455078
117.2173080444336
169.15585327148438
158.5475311279297
164.16085815429688
103.99198913574219
164.4617156982422
160.34877014160156
166.12283325195312
165.12998962402344
158.32958984375
163.82009887695312
146.91017150878906
140.7525177001953
150.95217895507812
164.0732879638672
162.4887237548828
133.06849670410156
148.7828826904297
150.66964721679688
163.09666442871094
150.9849090576172
135.0099334716797
35.04795837402344
151.82554626464844
167.07644653320312
147.8990020751953
163.56134033203125
159.13973999023438
145.6768035888672
143.57028198242188
151.150634765625
149.43218994140625
114.3989486694336
157.05715942382812
157.1558837890625
141.7867431640625
152.94842529296875
140.4273681640625
145.76651000976562
145.71197509765625
143.53321838378906
164.9164276123047
166.01605224609375
163.7330322265625
157.45237731933594
156.99864196777344
144.96572875976562
161.63760375976562
145.3621368408203
158.02931213378906
151.29483032226562
155.12689208984375
141.73631286621094
162.40309143066406
148.15281677246094
158.0026397705078
159.31353759765625
162.18707275390625
171.0198516845703
156.2432403564453
168.51829528808594
154.82269287109375
123.89781188964844
172.18661499023438
151.95660400390625
155.58914184570312
160.6824188232422
155.58160400390625
150.75650024414062
115.50821685791016
150.54554748535156
152.86773681640625
177.27821350097656
171.82139587402344
144.47564697265625
163.9468536376953
159.45069885253906
134.44325256347656
159.64059448242188
128.56704711914062
165.18362426757812
157.01470947265625
154.10009765625
147.9552764892578
156.4640350341797
159.5601806640625
147.01321411132812
104.0669174194336
112.92527770996094
171.90225219726562
145.62515258789062
160.85589599609375
164.39599609375
168.94921875
157.12420654296875
159.4744110107422
164.67453002929688
156.322265625
150.97630310058594
161.38047790527344
147.9209747314453
125.6793212890625
125.90330505371094
153.434326171875
154.09420776367188
137.54847717285156
148.94549560546875
169.7794952392578
155.7347869873047
155.1768798828125
161.4404296875
150.2283477783203
153.12586975097656
137.8378143310547
143.0606689453125
159.1739959716797
116.51325988769531
129.25083923339844
166.23037719726562
159.74246215820312
172.71388244628906
151.87522888183594
166.9798583984375
160.60508728027344
172.4721221923828
145.5476837158203
164.16171264648438
146.76100158691406
151.6876220703125
158.29283142089844
173.063720703125
172.2427520751953
168.27554321289062
144.06185913085938
151.71533203125
162.82383728027344
157.78228759765625
165.24948120117188
152.5994110107422
164.8514862060547
150.96707153320312
165.7756805419922
171.12574768066406
167.30709838867188
163.07357788085938
161.47109985351562
114.1701889038086
158.38983154296875
144.37777709960938
148.794677734375
146.8824920654297
163.83438110351562
158.29196166992188
-2.183764696121216
153.99569702148438
160.81729125976562
150.38473510742188
155.94810485839844
109.74436950683594
155.61370849609375
151.22970581054688
146.6492156982422
157.01112365722656
158.47962951660156
87.54354858398438
125.26116943359375
163.60719299316406
165.45892333984375
166.3972625732422
168.8545684814453
119.47305297851562
152.427734375
123.93167114257812
162.74058532714844
159.73486328125
159.2037811279297
165.86727905273438
155.72439575195312
152.4331817626953
162.8199005126953
170.30252075195312
164.80279541015625
122.4035415649414
165.43499755859375
126.80192565917969
164.59915161132812
156.2950439453125
113.18577575683594
163.6792755126953
151.28421020507812
109.73397064208984
158.3782501220703
164.80377197265625
166.4602508544922
158.28343200683594
143.2534942626953
162.87155151367188
129.67987060546875
159.71719360351562
122.50049591064453
120.41797637939453
172.72698974609375
148.38548278808594
168.29747009277344
164.59007263183594
161.6679229736328
167.86827087402344
161.07574462890625
163.34426879882812
154.34378051757812
156.46653747558594
164.9380645751953
163.0008087158203
145.83071899414062
118.16120147705078
156.70773315429688
170.83834838867188
164.37924194335938
169.75035095214844
125.24864196777344
160.91453552246094
153.7247314453125
159.89418029785156
155.53842163085938
119.3710708618164
153.618896484375
123.3870849609375
157.29818725585938
163.07720947265625
153.21493530273438
158.56387329101562
157.689208984375
153.7329559326172
173.06402587890625
152.76858520507812
163.43917846679688
170.7400665283203
158.844482421875
169.03182983398438
162.533935546875
158.0887908935547
168.57626342773438
162.69195556640625
167.3459930419922
173.32843017578125
134.7362823486328
152.24850463867188
157.7876434326172
161.92840576171875
107.94347381591797
160.71449279785156
165.947021484375
168.78768920898438
118.57435607910156
152.2901611328125
156.68505859375
156.2473907470703
157.11807250976562
156.2816619873047
165.46896362304688
171.32748413085938
163.4444122314453
168.77301025390625
117.04515838623047
149.88160705566406
153.50985717773438
165.3381805419922
157.15628051757812
162.5376434326172
157.76808166503906
161.47296142578125
120.5854263305664
170.3340301513672
125.55612182617188
120.86660766601562
159.89573669433594
121.69093322753906
164.03195190429688
146.38792419433594
161.1857147216797
161.2058868408203
151.018798828125
149.3230438232422
154.7161865234375
169.19740295410156
164.2291717529297
164.47265625
166.53428649902344
145.7959442138672
157.7190704345703
155.12667846679688
121.27885437011719
157.01373291015625
163.84194946289062
135.0712890625
123.03715515136719
163.76670837402344
167.57122802734375
155.40481567382812
117.79480743408203
149.23977661132812
166.46875
163.60337829589844
127.07928466796875
163.90074157714844
121.0814437866211
158.8887939453125
162.82275390625
168.68936157226562
157.2740020751953
148.18943786621094
166.35675048828125
168.7186737060547
126.29876708984375
158.18310546875
156.1871337890625
159.56874084472656
158.90310668945312
159.195556640625
121.5440444946289
157.40167236328125
156.74777221679688
126.306396484375
162.38572692871094
153.47549438476562
166.79933166503906
127.40689086914062
167.13246154785156
120.92825317382812
168.77894592285156
124.64389038085938
164.6200408935547
123.25149536132812
165.41049194335938
151.34661865234375
175.121826171875
155.6715087890625
166.5679931640625
162.59674072265625
161.0670928955078
126.86115264892578
151.49343872070312
172.27479553222656
171.061767578125
122.9691390991211
162.0810089111328
124.89717102050781
173.28872680664062
156.52049255371094
163.0756378173828
161.9796905517578
151.27239990234375
173.65391540527344
165.11729431152344
160.56956481933594
160.89895629882812
168.90907287597656
156.77320861816406
167.430908203125
173.1600799560547
169.83311462402344
162.36155700683594
170.042724609375
160.82420349121094
163.33157348632812
121.99237823486328
119.75853729248047
166.71665954589844
169.10894775390625
167.84820556640625
148.8822784423828
165.46556091308594
132.8035888671875
151.91078186035156
162.72915649414062
128.21600341796875
161.56668090820312
160.42982482910156
164.8241424560547
118.25457000732422
122.23794555664062
160.4235076904297
147.98184204101562
127.25117492675781
167.4857940673828
164.5176239013672
160.4265594482422
177.12368774414062
168.3778076171875
147.51382446289062
165.51806640625
159.42491149902344
119.97013854980469
144.55218505859375
120.11176300048828
155.0315704345703
118.65739440917969
120.17645263671875
171.16317749023438
124.23204040527344
168.63636779785156
149.7440185546875
153.99693298339844
119.7548828125
175.64495849609375
155.91004943847656
166.94395446777344
158.44784545898438
158.6715850830078
152.87045288085938
165.58038330078125
159.4784393310547
124.11701965332031
160.91336059570312
122.58321380615234
148.85684204101562
160.11158752441406
164.0010986328125
156.83978271484375
167.3296661376953
125.76638793945312
157.76898193359375
163.4818878173828
166.87136840820312
159.8277587890625
163.34371948242188
149.35818481445312
155.16246032714844
164.33314514160156
126.87777709960938
122.19316864013672
143.44085693359375
153.71240234375
125.88201904296875
163.2068328857422
150.2564697265625
155.49179077148438
155.79293823242188
161.00994873046875
122.46148681640625
151.5859375
164.72775268554688
170.4761962890625
155.84295654296875
164.49630737304688
129.35049438476562
166.41896057128906
169.2059326171875
167.96893310546875
174.23609924316406
168.33360290527344
156.3885498046875
160.30166625976562
168.79640197753906
176.21969604492188
170.6769256591797
63.03617858886719
162.17288208007812
118.6106948852539
155.01161193847656
169.4193115234375
162.87876892089844
172.8489990234375
164.30950927734375
161.66482543945312
164.71595764160156
147.4251708984375
161.4398651123047
165.2201385498047
166.80091857910156
138.53521728515625
164.28099060058594
160.22372436523438
170.33949279785156
165.74998474121094
159.21087646484375
167.6547393798828
169.025146484375
149.86712646484375
172.00827026367188
161.51336669921875
153.99966430664062
164.7021026611328
148.49130249023438
148.60308837890625
159.57603454589844
165.0685272216797
152.0423126220703
161.6542205810547
168.1571807861328
117.81434631347656
172.18411254882812
157.01055908203125
155.45803833007812
167.16525268554688
159.74053955078125
160.0296630859375
149.7254638671875
152.63308715820312
157.6652069091797
166.00779724121094
152.42910766601562
159.60206604003906
165.85848999023438
125.90573120117188
175.11993408203125
171.3991241455078
169.42433166503906
158.80508422851562
166.2967529296875
158.0278778076172
159.95291137695312
125.47444152832031
164.18858337402344
157.69699096679688
168.1888885498047
153.76446533203125
164.93463134765625
162.9073028564453
164.4359893798828
123.81973266601562
58.93398666381836
124.81427001953125
155.19940185546875
161.51681518554688
150.1261444091797
159.7917938232422
146.66065979003906
164.50230407714844
118.75101470947266
169.26296997070312
168.4069366455078
158.3917236328125
167.01426696777344
56.185970306396484
157.06260681152344
173.69715881347656
114.49302673339844
166.1547393798828
168.09039306640625
173.2350616455078
170.2870635986328
167.1719970703125
163.63502502441406
162.71771240234375
158.73284912109375
151.61752319335938
162.5354766845703
153.75234985351562
170.74502563476562
124.62225341796875
167.17369079589844
155.90414428710938
97.12798309326172
163.26905822753906
159.4052734375
143.41534423828125
157.25340270996094
118.62753295898438
164.1844024658203
167.07623291015625
166.5220184326172
161.7233428955078
171.15206909179688
160.64785766601562
157.96693420410156
158.66299438476562
156.95326232910156
165.20242309570312
158.2050323486328
162.8187713623047
164.0307159423828
172.0873565673828
152.3064422607422
168.28787231445312
163.67453002929688
72.5912094116211
170.66798400878906
166.58413696289062
168.0865020751953
163.2252197265625
176.66705322265625
162.2890167236328
166.7153778076172
158.66387939453125
164.45265197753906
123.56771850585938
159.82191467285156
170.13282775878906
172.32330322265625
153.8291473388672
168.12655639648438
157.5180206298828
125.43617248535156
120.96640014648438
151.7322540283203
172.8209686279297
167.5221405029297
159.80239868164062
122.93998718261719
152.65501403808594
156.78790283203125
153.531982421875
161.4027557373047
154.49148559570312
161.8932342529297
121.39743041992188
167.14292907714844
146.04360961914062
166.5540313720703
163.35531616210938
156.55169677734375
168.88168334960938
163.6446533203125
154.7728729248047
159.3249969482422
159.4877166748047
166.92750549316406
109.93580627441406
170.98263549804688
158.33204650878906
158.6165771484375
171.032958984375
155.52743530273438
164.20506286621094
114.3457260131836
164.15858459472656
160.7581329345703
120.1077880859375
172.18450927734375
169.7478790283203
169.3728790283203
154.12110900878906
171.3741912841797
156.78822326660156
98.47777557373047
167.90638732910156
166.9208526611328
167.13442993164062
167.14064025878906
170.64439392089844
165.0244140625
151.25498962402344
105.81934356689453
145.01693725585938
163.49041748046875
161.57687377929688
165.07684326171875
174.01113891601562
144.0136260986328
126.02348327636719
167.71835327148438
175.59117126464844
165.17381286621094
129.10304260253906
171.26039123535156
165.65467834472656
154.99761962890625
170.56106567382812
155.52557373046875
173.20162963867188
149.8507080078125
157.52061462402344
158.71121215820312
155.16693115234375
165.47357177734375
169.9149932861328
164.2033233642578
167.43409729003906
158.75328063964844
131.21766662597656
168.54135131835938
141.69125366210938
166.95852661132812
163.4400634765625
122.01654052734375
163.7979736328125
168.9073486328125
138.28500366210938
164.44044494628906
158.86590576171875
160.33865356445312
118.2525405883789
148.0061492919922
163.78781127929688
147.51876831054688
158.65216064453125
130.69097900390625
107.87896728515625
163.9446563720703
156.96498107910156
153.41293334960938
161.60984802246094
165.2796630859375
156.210205078125
140.77877807617188
160.6769256591797
170.99310302734375
149.27056884765625
156.85693359375
155.1469268798828
165.99212646484375
168.90200805664062
152.06446838378906
160.10997009277344
148.81166076660156
153.10159301757812
132.2156219482422
145.21315002441406
154.57839965820312
152.61412048339844
156.74192810058594
156.68472290039062
119.13839721679688
150.413330078125
140.98245239257812
140.22845458984375
151.1771240234375
132.13723754882812
140.20384216308594
112.89927673339844
143.10086059570312
155.65306091308594
146.41744995117188
133.25584411621094
158.34088134765625
164.67840576171875
160.28509521484375
144.30162048339844
115.52269744873047
146.9608917236328
151.09033203125
141.60586547851562
144.35372924804688
162.54173278808594
140.23097229003906
136.8280029296875
155.56874084472656
148.935302734375
114.0111312866211
163.80845642089844
145.83160400390625
150.13153076171875
125.41191101074219
147.28045654296875
167.30722045898438
151.99609375
109.33755493164062
161.45127868652344
110.5166015625
156.49496459960938
162.3459014892578
167.3819122314453
123.74273681640625
129.67552185058594
138.1738739013672
137.37893676757812
146.61163330078125
152.4523162841797
87.08126068115234
141.0191192626953
165.2548828125
105.97254943847656
129.45106506347656
160.67843627929688
164.6144256591797
143.5188446044922
163.74703979492188
169.4852752685547
167.44326782226562
145.91880798339844
165.24099731445312
150.36427307128906
136.90875244140625
148.3631591796875
149.93199157714844
140.93673706054688
112.24746704101562
153.8018798828125
149.1568603515625
124.23164367675781
141.20526123046875
156.4440460205078
91.79112243652344
154.38192749023438
151.24974060058594
154.41949462890625
155.28118896484375
152.97828674316406
147.167236328125
128.8772735595703
136.45045471191406
142.29701232910156
148.6378173828125
148.57754516601562
155.06765747070312
76.65467071533203
152.5640106201172
157.10873413085938
150.02346801757812
161.9008331298828
144.12762451171875
129.11383056640625
152.94219970703125
145.14813232421875
134.70538330078125
50.809173583984375
129.1313018798828
157.33438110351562
140.0372314453125
158.4574432373047
148.29501342773438
149.05015563964844
166.85044860839844
129.73658752441406
148.8129425048828
146.01565551757812
154.13784790039062
154.77267456054688
115.32561492919922
117.4515380859375
128.9973602294922
157.60354614257812
132.63626098632812
161.40859985351562
151.5970001220703
128.62535095214844
151.8874053955078
155.63409423828125
145.5814666748047
155.5863800048828
151.11802673339844
145.70889282226562
116.84015655517578
146.40611267089844
150.4647216796875
47.20371627807617
34.875267028808594
145.43722534179688
107.93485260009766
61.57904815673828
154.72157287597656
166.9329833984375
164.47682189941406
95.88748168945312
144.84686279296875
116.07195281982422
154.2706756591797
139.85768127441406
157.76695251464844
158.39149475097656
153.34767150878906
152.52786254882812
166.6178436279297
145.64517211914062
121.086181640625
145.1124267578125
80.03765106201172
118.22090911865234
105.5267333984375
41.49192810058594
160.64608764648438
157.0920867919922
149.83599853515625
159.6736297607422
155.49305725097656
139.69728088378906
166.80490112304688
120.33008575439453
151.73439025878906
134.00924682617188
153.0328826904297
132.600830078125
153.5334014892578
161.1505889892578
167.72128295898438
147.50454711914062
107.30738830566406
164.97164916992188
117.08599853515625
174.3557586669922
93.23456573486328
153.96530151367188
162.0821990966797
157.56307983398438
156.13912963867188
155.4548797607422
148.3521728515625
149.793701171875
125.15280151367188
152.48435974121094
169.2259063720703
152.4813690185547
162.69708251953125
158.11505126953125
167.41012573242188
142.23094177246094
138.1229705810547
143.16143798828125
151.2301483154297
128.81463623046875
47.69304275512695
147.3475799560547
165.6893310546875
115.70600128173828
159.6107635498047
147.0424041748047
166.40640258789062
138.45428466796875
156.13449096679688
153.93276977539062
161.42446899414062
147.08775329589844
107.44506072998047
167.44204711914062
154.6457977294922
161.9605712890625
155.21885681152344
100.33599853515625
140.57652282714844
161.28634643554688
94.44609069824219
142.2761993408203
144.04000854492188
124.64653778076172
168.1001434326172
151.68792724609375
151.36196899414062
155.80520629882812
148.4187774658203
125.16979217529297
144.6680908203125
163.7525634765625
59.625160217285156
136.21051025390625
128.86962890625
131.37155151367188
117.82073211669922
146.28831481933594
155.38656616210938
138.55531311035156
33.194393157958984
136.9658203125
152.5952911376953
147.50192260742188
51.2047004699707
134.00967407226562
134.12594604492188
136.40345764160156
148.77642822265625
156.28782653808594
148.453857421875
167.1042938232422
138.54608154296875
128.37136840820312
146.6380157470703
146.6300506591797
146.08377075195312
144.4791717529297
93.79547882080078
148.80792236328125
135.83831787109375
150.1996307373047
154.2869110107422
145.16688537597656
140.74234008789062
76.25100708007812
158.40040588378906
116.30575561523438
132.76812744140625
141.64109802246094
148.57847595214844
104.88253784179688
151.71810913085938
134.94851684570312
146.56764221191406
48.075653076171875
104.81338500976562
142.88388061523438
139.33798217773438
47.25932312011719
73.45094299316406
163.39505004882812
146.62310791015625
149.39886474609375
138.92710876464844
127.85301208496094
51.11844253540039
153.86898803710938
116.73918914794922
149.1541748046875
151.35508728027344
128.45281982421875
152.0977020263672
153.34640502929688
138.9593048095703
149.36061096191406
153.6952667236328
152.6226348876953
113.8282241821289
154.4540557861328
143.762939453125
94.86284637451172
147.14883422851562
129.31951904296875
153.36705017089844
56.15497589111328
142.29818725585938
116.38878631591797
150.72268676757812
130.35113525390625
153.2130889892578
130.8111114501953
133.49691772460938
117.08565521240234
136.18621826171875
88.63042449951172
136.21078491210938
151.30421447753906
113.84527587890625
132.93240356445312
141.18539428710938
148.38233947753906
132.70559692382812
145.23800659179688
155.13998413085938
147.9470977783203
152.353271484375
141.1337890625
138.91783142089844
121.90072631835938
158.8089599609375
134.9899444580078
106.97648620605469
130.97010803222656
88.97976684570312
149.53530883789062
143.17857360839844
142.64474487304688
97.95693969726562
119.9393310546875
149.38796997070312
49.39373779296875
119.4230728149414
118.60526275634766
148.82876586914062
90.63654327392578
154.0129852294922
152.00228881835938
150.08702087402344
156.63381958007812
156.98866271972656
141.52821350097656
153.2612762451172
133.21279907226562
156.3287811279297
124.0404052734375
111.00701904296875
54.48480987548828
164.89413452148438
151.1435089111328
133.77456665039062
117.08306121826172
160.4152374267578
163.6191864013672
154.88876342773438
155.451171875
155.59341430664062
157.28196716308594
166.9805450439453
146.6481475830078
143.47596740722656
142.3881072998047
155.56947326660156
127.94679260253906
154.53773498535156
169.69189453125
148.001953125
144.98216247558594
123.26315307617188
152.45394897460938
150.3812255859375
152.46446228027344
150.035400390625
125.57157897949219
159.77386474609375
145.2733612060547
57.4468994140625
143.0309295654297
161.2480926513672
161.4030303955078
140.25213623046875
125.52143859863281
143.08396911621094
144.71932983398438
140.0882568359375
150.76937866210938
148.027587890625
79.16941833496094
133.0642547607422
157.9764404296875
138.7760467529297
142.10336303710938
152.70753479003906
151.93142700195312
147.85552978515625
154.85226440429688
152.43789672851562
156.072998046875
158.80612182617188
156.06805419921875
163.33705139160156
153.89308166503906
157.546875
134.0828399658203
124.88224792480469
126.26481628417969
168.34970092773438
150.95916748046875
138.25584411621094
148.72850036621094
174.107666015625
150.6942901611328
116.48197937011719
160.22947692871094
144.9550018310547
138.589599609375
167.8669891357422
145.84701538085938
164.2621307373047
149.1798553466797
167.10020446777344
134.35205078125
147.1695098876953
141.34873962402344
150.54937744140625
172.89524841308594
153.4639129638672
159.25021362304688
101.46016693115234
126.16438293457031
150.28414916992188
116.53475189208984
156.3545684814453
140.32667541503906
145.3225555419922
161.59881591796875
166.5490264892578
138.32582092285156
140.205078125
109.87966918945312
156.95265197753906
118.53376770019531
95.06925964355469
138.89816284179688
155.93247985839844
112.88531494140625
154.75955200195312
125.0352783203125
143.72705078125
138.07159423828125
177.23101806640625
145.6540985107422
159.14227294921875
150.18577575683594
170.4678497314453
154.05941772460938
147.07630920410156
152.8392791748047
99.4066162109375
153.8402557373047
140.88758850097656
120.76704406738281
162.55926513671875
142.385498046875
147.75433349609375
140.53106689453125
159.94410705566406
160.4408721923828
140.82513427734375
89.60322570800781
131.15643310546875
165.04635620117188
152.6697235107422
140.89198303222656
159.12342834472656
134.4221954345703
109.72750091552734
151.54505920410156
112.33577728271484
116.6956787109375
153.9208221435547
154.22581481933594
151.41278076171875
151.96315002441406
144.30648803710938
171.5375213623047
158.22755432128906
146.1956787109375
137.12969970703125
151.87298583984375
147.9903564453125
163.25430297851562
89.6085205078125
155.94297790527344
133.42041015625
150.5676727294922
162.6472930908203
149.9970703125
144.2591552734375
153.840576171875
148.41458129882812
161.5574951171875
145.88516235351562
147.0250244140625
160.68093872070312
149.37698364257812
142.89096069335938
143.10983276367188
140.3330078125
156.0719757080078
154.1214599609375
143.14187622070312
161.15374755859375
150.21151733398438
144.742919921875
89.1613540649414
155.2125701904297
158.6429901123047
155.95750427246094
82.3080825805664
159.4353485107422
154.54672241210938
113.81707000732422
156.01199340820312
152.10723876953125
151.39891052246094
153.05569458007812
149.49832153320312
156.24095153808594
141.1804656982422
161.29820251464844
159.58851623535156
112.20831298828125
156.2296905517578
156.38787841796875
106.11211395263672
120.74261474609375
162.77224731445312
137.65631103515625
156.7557373046875
153.16062927246094
156.6838836669922
140.46612548828125
136.88291931152344
168.30575561523438
134.69752502441406
154.34320068359375
156.69212341308594
114.20845794677734
162.83114624023438
156.02749633789062
170.52415466308594
151.92095947265625
121.17267608642578
162.46287536621094
143.76531982421875
148.4571075439453
166.95887756347656
155.96031188964844
153.38587951660156
105.04444885253906
153.19346618652344
158.12973022460938
112.28300476074219
98.07160186767578
150.2355499267578
146.49826049804688
169.2283477783203
157.6573486328125
153.52456665039062
154.8162078857422
152.25540161132812
149.71604919433594
144.03521728515625
162.85655212402344
145.5064697265625
156.20877075195312
147.6317901611328
130.0137939453125
133.3641815185547
95.67625427246094
113.14350891113281
128.41482543945312
158.1460723876953
153.91893005371094
147.5479736328125
138.9945526123047
144.16314697265625
101.1194839477539
100.82489013671875
150.28347778320312
166.9372100830078
156.08119201660156
153.0288848876953
151.45481872558594
109.02550506591797
150.98036193847656
136.73199462890625
155.51498413085938
143.5546417236328
135.00320434570312
149.3402557373047
150.9268035888672
139.38925170898438
148.13148498535156
137.53660583496094
160.5513153076172
83.63195037841797
145.31027221679688
124.64070129394531
142.19232177734375
138.78466796875
147.36862182617188
145.30050659179688
108.74962615966797
147.5565948486328
157.62890625
151.29714965820312
95.0827865600586
142.8032989501953
141.90655517578125
158.18814086914062
152.00613403320312
145.12283325195312
161.33151245117188
155.16571044921875
154.94041442871094
124.11638641357422
163.6143035888672
152.0802764892578
156.38021850585938
145.90866088867188
143.30799865722656
128.3795166015625
159.72064208984375
159.29351806640625
152.62680053710938
117.5423583984375
144.8901824951172
146.5120391845703
161.9733123779297
149.32359313964844
155.18441772460938
168.26181030273438
153.7608642578125
147.8334197998047
154.3663787841797
118.43243408203125
152.7449493408203
156.80905151367188
163.52008056640625
141.55288696289062
149.20086669921875
142.89337158203125
133.64132690429688
156.19570922851562
149.2437286376953
152.38934326171875
149.71249389648438
148.4453887939453
141.24786376953125
152.16123962402344
163.46804809570312
153.53866577148438
150.88912963867188
163.16091918945312
138.54066467285156
147.1450958251953
153.7412872314453
118.5182113647461
151.30459594726562
163.8071746826172
135.55868530273438
156.61219787597656
162.45819091796875
159.73609924316406
153.16860961914062
124.80596923828125
151.94296264648438
135.49044799804688
163.3116455078125
53.09238052368164
160.95309448242188
142.85641479492188
149.42955017089844
143.77964782714844
164.48851013183594
112.5309066772461
152.01724243164062
147.75668334960938
149.61956787109375
157.80320739746094
129.77658081054688
148.263671875
145.70339965820312
150.98350524902344
142.78871154785156
152.34927368164062
156.32728576660156
152.43553161621094
150.27842712402344
145.1486053466797
155.06875610351562
150.0964813232422
156.82582092285156
161.67147827148438
162.28128051757812
161.02874755859375
163.188720703125
156.6461181640625
140.96331787109375
151.66030883789062
140.8849334716797
144.68545532226562
158.77340698242188
154.9026336669922
113.17089080810547
158.42762756347656
155.22793579101562
160.13844299316406
145.57301330566406
150.179443359375
147.33840942382812
116.35740661621094
144.7224884033203
55.190582275390625
150.11048889160156
107.25265502929688
160.39920043945312
150.3820037841797
157.97613525390625
141.20144653320312
136.215087890625
116.4884033203125
145.5936279296875
95.09329986572266
161.74525451660156
139.87997436523438
138.74024963378906
150.8400421142578
150.98780822753906
109.52021026611328
142.73245239257812
106.26217651367188
141.06826782226562
151.22377014160156
130.83309936523438
158.5946044921875
128.6607666015625
155.08438110351562
152.9109649658203
108.2200927734375
70.1585464477539
89.47285461425781
149.2393035888672
153.86085510253906
132.85916137695312
127.9114761352539
116.23914337158203
147.25848388671875
119.7844467163086
99.74612426757812
149.46864318847656
149.34361267089844
78.37223815917969
138.67608642578125
151.70684814453125
136.94442749023438
149.10206604003906
108.92898559570312
140.0433807373047
127.47683715820312
87.2500991821289
154.65782165527344
135.28977966308594
120.52352142333984
111.73649597167969
151.06292724609375
142.8408966064453
127.04671478271484
97.57306671142578
122.96575164794922
107.5420150756836
146.42401123046875
96.05277252197266
123.27226257324219
147.76515197753906
155.23863220214844
111.57331848144531
111.70632934570312
148.04652404785156
160.4400177001953
108.00582885742188
110.3160400390625
138.76168823242188
146.13282775878906
75.76878356933594
142.54351806640625
134.8985137939453
143.7721710205078
152.84556579589844
134.91226196289062
104.45552062988281
142.7194061279297
154.5516815185547
133.76388549804688
148.37020874023438
90.58817291259766
154.38905334472656
158.668212890625
142.1156463623047
55.07909393310547
151.0681610107422
166.06871032714844
119.66706848144531
154.87632751464844
144.36026000976562
133.3482666015625
148.35800170898438
150.5276336669922
151.40098571777344
120.76008605957031
146.7529296875
144.492919921875
139.8009796142578
153.75648498535156
142.72225952148438
140.8851318359375
156.02191162109375
86.12867736816406
89.54707336425781
138.9866485595703
153.34071350097656
146.79824829101562
147.81752014160156
146.42327880859375
148.34645080566406
148.87393188476562
155.65550231933594
159.95089721679688
146.30230712890625
144.2417449951172
146.464111328125
140.51617431640625
158.98583984375
146.68946838378906
154.23257446289062
124.4134292602539
144.9017791748047
95.56625366210938
156.19981384277344
162.26434326171875
124.64518737792969
105.1502456665039
153.20924377441406
152.2516326904297
142.48785400390625
129.97171020507812
138.25051879882812
155.11569213867188
141.8102569580078
143.85777282714844
131.29441833496094
147.41932678222656
136.48641967773438
137.81442260742188
87.7774658203125
150.12307739257812
134.3123779296875
139.6355743408203
116.12297821044922
65.63833618164062
64.43191528320312
145.86239624023438
138.91375732421875
140.9344482421875
132.70468139648438
144.292724609375
148.52944946289062
55.678348541259766
143.79592895507812
135.79632568359375
129.134033203125
139.90097045898438
157.2884063720703
142.895751953125
143.8394775390625
128.91842651367188
102.82414245605469
117.0407485961914
85.29767608642578
100.42317199707031
127.59123992919922
135.76370239257812
131.2198486328125
140.46328735351562
112.34772491455078
145.94935607910156
62.031105041503906
145.90432739257812
144.10040283203125
90.1739730834961
100.16825866699219
114.54893493652344
138.07261657714844
138.63844299316406
152.8059539794922
54.419681549072266
164.19180297851562
103.56649017333984
144.80810546875
126.73086547851562
149.42227172851562
138.42335510253906
139.92173767089844
124.6051025390625
130.50210571289062
141.96856689453125
153.86544799804688
140.57077026367188
156.31884765625
126.7957763671875
114.6178207397461
140.75836181640625
113.67622375488281
144.82943725585938
94.18612670898438
158.838134765625
157.0198211669922
147.3272247314453
141.90354919433594
146.32383728027344
156.7606964111328
138.5243682861328
122.94498443603516
144.26686096191406
150.32716369628906
145.81771850585938
142.2033233642578
144.12225341796875
132.64968872070312
85.71508026123047
145.50039672851562
141.5471954345703
132.98143005371094
155.22207641601562
130.87738037109375
133.0658721923828
137.912841796875
84.15633392333984
58.091304779052734
98.84300994873047
153.9100799560547
146.82089233398438
142.37124633789062
144.47195434570312
143.93975830078125
146.38223266601562
149.27947998046875
132.57498168945312
137.7024688720703
142.9477081298828
156.19485473632812
141.8275909423828
139.1605682373047
150.43150329589844
141.044189453125
150.00686645507812
155.07777404785156
133.48809814453125
90.95972442626953
133.75570678710938
128.79832458496094
144.70449829101562
148.54800415039062
137.04080200195312
145.9124755859375
150.94021606445312
144.5914764404297
138.49879455566406
103.01664733886719
99.70389556884766
149.4723358154297
99.81287384033203
150.85842895507812
151.77708435058594
119.96759033203125
135.86842346191406
106.03275299072266
131.79420471191406
139.7581329345703
143.41409301757812
147.2351837158203
130.25177001953125
143.93495178222656
88.9795913696289
147.9590606689453
136.3538818359375
108.40486145019531
108.6319580078125
150.00596618652344
136.92840576171875
141.06640625
143.6146240234375
151.54183959960938
89.98517608642578
144.49813842773438
133.56716918945312
149.84988403320312
146.01361083984375
100.46101379394531
153.81297302246094
145.79598999023438
139.47923278808594
139.87197875976562
145.09664916992188
135.05743408203125
133.77529907226562
143.9079132080078
103.1592025756836
148.03115844726562
139.30816650390625
134.13937377929688
141.3084259033203
139.80357360839844
132.57736206054688
102.18865203857422
140.616455078125
142.3523712158203
150.04576110839844
146.42681884765625
138.8357391357422
145.42794799804688
136.37887573242188
138.15342712402344
154.75172424316406
147.94642639160156
145.0446319580078
118.39749145507812
133.75955200195312
149.44918823242188
132.17910766601562
128.7335205078125
152.27590942382812
139.10226440429688
140.40025329589844
146.14845275878906
139.4503936767578
83.38813018798828
136.3743896484375
102.48820495605469
91.33338165283203
109.21231079101562
136.65524291992188
135.4359588623047
101.61199951171875
141.23361206054688
102.06381225585938
131.79461669921875
118.31468200683594
103.3482666015625
135.85252380371094
132.30413818359375
42.517459869384766
144.1334686279297
142.79176330566406
108.6356430053711
102.67890167236328
117.06532287597656
110.72811889648438
141.68373107910156
101.1153335571289
131.31137084960938
96.94291687011719
105.49098205566406
118.32030487060547
133.34014892578125
145.5967254638672
142.74940490722656
111.97294616699219
95.54347229003906
137.58203125
143.23348999023438
94.00789642333984
142.49449157714844
134.86209106445312
100.29254150390625
104.03791046142578
97.53086853027344
95.30796813964844
141.27394104003906
108.37902069091797
99.90789031982422
139.37554931640625
146.88832092285156
117.67186737060547
132.07766723632812
133.17666625976562
107.34788513183594
129.85166931152344
145.35592651367188
138.68113708496094
100.96851348876953
110.98529052734375
128.46487426757812
129.710693359375
102.46875
150.02249145507812
133.36297607421875
89.59955596923828
144.140625
83.31471252441406
135.89596557617188
132.87225341796875
148.10565185546875
145.2476043701172
112.6373062133789
122.01266479492188
137.86163330078125
141.29554748535156
141.7021484375
105.19413757324219
85.42171478271484
90.94347381591797
137.9151611328125
116.50536346435547
150.34010314941406
111.55530548095703
123.85848236083984
91.75491333007812
83.11373138427734
147.57748413085938
126.27381896972656
141.7863006591797
140.97679138183594
104.16683959960938
101.16690063476562
137.60792541503906
133.2689666748047
93.01313018798828
135.33596801757812
146.72637939453125
131.03683471679688
139.56455993652344
137.2818603515625
144.49110412597656
129.37478637695312
98.5420913696289
140.674560546875
95.07547760009766
135.89047241210938
143.77505493164062
136.26414489746094
87.29662322998047
96.47332763671875
70.93269348144531
145.92860412597656
152.40213012695312
108.14352416992188
108.41252136230469
148.2395782470703
129.73184204101562
136.10098266601562
104.0450210571289
136.46153259277344
52.9702262878418
121.8619155883789
112.30980682373047
130.7915496826172
131.051513671875
131.40882873535156
102.44142150878906
133.70498657226562
117.7966537475586
81.28142547607422
114.69332885742188
136.21762084960938
141.80032348632812
103.28134155273438
140.16127014160156
136.05047607421875
120.09947204589844
112.18819427490234
129.94924926757812
99.2944107055664
125.68902587890625
147.97511291503906
134.68881225585938
142.92620849609375
120.88764953613281
104.39543151855469
142.2373809814453
119.4780044555664
140.98411560058594
131.93524169921875
98.35195922851562
127.97685241699219
129.31581115722656
103.16638946533203
72.50732421875
141.69403076171875
137.1556396484375
118.67152404785156
92.32791137695312
144.26463317871094
135.17172241210938
103.22037506103516
157.12684631347656
104.12120819091797
116.52684783935547
142.6285400390625
113.1103286743164
87.29963684082031
136.75888061523438
82.83212280273438
113.24406433105469
143.7347412109375
132.70443725585938
141.75331115722656
99.35590362548828
113.38176727294922
97.62348937988281
141.626708984375
138.44715881347656
121.73707580566406
107.53614807128906
141.87327575683594
94.62898254394531
135.23861694335938
139.51907348632812
151.12582397460938
139.3675994873047
147.25534057617188
157.67396545410156
142.20797729492188
144.99964904785156
78.1689682006836
140.13087463378906
83.62105560302734
142.00628662109375
108.1312026977539
150.22686767578125
145.27099609375
90.54393768310547
137.45838928222656
107.15463256835938
143.1467742919922
146.7438201904297
146.86611938476562
126.50606536865234
139.29910278320312
157.88336181640625
156.13624572753906
152.74224853515625
137.27291870117188
153.57559204101562
147.61602783203125
139.82652282714844
159.7931671142578
155.44017028808594
142.16424560546875
146.3256072998047
142.10362243652344
144.08644104003906
87.49104309082031
149.77044677734375
131.64059448242188
104.5483169555664
137.85226440429688
108.16064453125
108.35379791259766
134.56948852539062
114.56417846679688
157.36093139648438
111.90934753417969
148.51898193359375
149.2100372314453
145.1923065185547
146.0474395751953
86.65679931640625
102.77424621582031
152.24917602539062
154.59288024902344
151.1314239501953
148.44720458984375
104.09876251220703
143.71795654296875
144.2109375
100.55594635009766
139.036376953125
123.36697387695312
147.9846954345703
152.03463745117188
149.1385040283203
154.34730529785156
112.96735382080078
152.08981323242188
142.77117919921875
145.98590087890625
133.88449096679688
117.30294036865234
159.71044921875
158.22921752929688
143.0742645263672
149.2361297607422
117.42658233642578
159.98989868164062
131.252685546875
141.08639526367188
153.3568572998047
162.74069213867188
118.27877044677734
160.43063354492188
152.74578857421875
152.93972778320312
150.89097595214844
70.93724060058594
149.98768615722656
153.26919555664062
149.38746643066406
149.97398376464844
148.52976989746094
136.22154235839844
115.5655288696289
152.83782958984375
157.75228881835938
149.42591857910156
145.46551513671875
140.0706329345703
151.756103515625
140.37229919433594
144.83544921875
141.15219116210938
118.75262451171875
148.795166015625
141.23825073242188
163.64772033691406
136.61270141601562
152.0161895751953
115.69283294677734
112.77214050292969
108.83908081054688
152.4664764404297
155.62364196777344
127.42294311523438
130.6200408935547
151.94863891601562
146.40260314941406
129.20809936523438
103.38320922851562
148.02809143066406
142.14340209960938
151.08230590820312
143.43373107910156
151.0684356689453
141.14886474609375
149.48114013671875
112.94442749023438
146.12081909179688
118.36238098144531
118.85087585449219
148.3294219970703
146.65419006347656
150.1907501220703
143.5076446533203
142.9532470703125
97.11150360107422
137.99383544921875
122.07025146484375
151.42152404785156
145.82095336914062
151.4145050048828
108.09843444824219
137.17337036132812
162.051513671875
151.4310760498047
137.89962768554688
153.74832153320312
135.77630615234375
146.73109436035156
98.64774322509766
136.1260986328125
111.76399230957031
108.15222930908203
142.2719268798828
144.66171264648438
143.058837890625
160.1578826904297
143.491455078125
141.2608642578125
148.5962371826172
133.875244140625
133.21231079101562
130.43618774414062
142.8946533203125
157.50259399414062
104.18818664550781
102.8135986328125
146.9132537841797
155.6166534423828
108.09245300292969
79.07655334472656
108.38187408447266
113.60736846923828
152.52073669433594
127.03587341308594
98.24839782714844
132.85069274902344
143.31488037109375
144.3354034423828
141.89393615722656
147.67344665527344
156.23583984375
121.76432037353516
88.49171447753906
136.2910919189453
149.09835815429688
89.56829833984375
124.24098205566406
144.73326110839844
151.9117889404297
149.58038330078125
107.07366180419922
49.00035095214844
93.57837677001953
152.68821716308594
99.64063262939453
148.8881378173828
160.89915466308594
152.8701629638672
125.77381896972656
144.97439575195312
142.54046630859375
119.792724609375
100.11270904541016
141.0437469482422
149.95596313476562
147.27786254882812
76.93273162841797
152.52706909179688
141.49571228027344
138.1442413330078
149.31053161621094
96.1772689819336
135.68650817871094
155.01771545410156
134.68173217773438
145.27188110351562
100.22122955322266
107.87765502929688
149.0821990966797
148.3769989013672
151.48342895507812
112.97557830810547
113.55638122558594
93.22908020019531
149.6619415283203
113.39349365234375
125.83647918701172
150.3221435546875
143.9009552001953
142.7588653564453
149.4483184814453
149.81549072265625
109.81204223632812
96.05915832519531
87.007568359375
66.2550277709961
122.21109008789062
138.576416015625
114.47796630859375
123.19680786132812
152.09982299804688
137.35501098632812
80.8442153930664
123.05619812011719
110.58772277832031
98.8888931274414
146.6536865234375
116.83891296386719
132.87167358398438
134.48500061035156
126.59475708007812
89.43455505371094
147.5756378173828
137.63372802734375
148.8433074951172
130.70501708984375
151.6389923095703
127.96367645263672
140.89273071289062
105.19242858886719
141.29867553710938
113.24943542480469
84.3814697265625
118.64309692382812
133.284912109375
139.58470153808594
105.07723999023438
116.53238677978516
124.64875793457031
133.3885040283203
139.90512084960938
97.65925598144531
143.06173706054688
85.54235076904297
128.60906982421875
139.12400817871094
138.2400665283203
100.8433609008789
142.76963806152344
143.21359252929688
129.10757446289062
137.885498046875
105.81731414794922
102.72659301757812
143.9927520751953
143.33978271484375
142.10084533691406
133.89187622070312
102.47305297851562
144.3287353515625
141.62936401367188
143.54849243164062
137.78543090820312
156.09291076660156
130.79270935058594
84.84769439697266
138.83425903320312
121.05731201171875
104.66666412353516
93.83921813964844
148.91920471191406
112.89508819580078
48.86256790161133
103.03841400146484
149.27455139160156
115.77024841308594
132.7151336669922
134.82308959960938
93.92678833007812
94.11492156982422
111.10215759277344
112.18856048583984
100.02469635009766
95.07876586914062
117.86479187011719
72.90172576904297
114.91212463378906
88.81707763671875
137.31787109375
124.31388854980469
81.7244644165039
140.28915405273438
76.31682586669922
130.87481689453125
145.33804321289062
138.7783660888672
130.54489135742188
33.570987701416016
58.599212646484375
88.24644470214844
133.9827117919922
135.7155303955078
117.97682189941406
85.81877136230469
89.3790512084961
141.88101196289062
92.76759338378906
86.63969421386719
70.65607452392578
66.01329040527344
144.67645263671875
153.56304931640625
134.06854248046875
71.97222900390625
125.0458755493164
43.761199951171875
128.29417419433594
65.20660400390625
130.9863739013672
135.21682739257812
44.11079788208008
91.09228515625
136.30715942382812
116.82038116455078
141.02536010742188
125.18856811523438
96.72069549560547
94.87448120117188
124.17941284179688
138.18701171875
114.65868377685547
129.88450622558594
145.62574768066406
88.35921478271484
146.55946350097656
91.75804901123047
134.2606201171875
59.87921905517578
75.50399780273438
108.43421936035156
93.9120101928711
82.63262939453125
98.2044677734375
127.35098266601562
141.69015502929688
147.95603942871094
144.68426513671875
132.34793090820312
104.1154556274414
75.4222640991211
110.23054504394531
83.0572738647461
94.88238525390625
110.18867492675781
135.306396484375
121.78343963623047
128.49234008789062
127.54307556152344
122.63343048095703
129.58016967773438
142.8827362060547
94.16619110107422
104.43318939208984
135.51858520507812
131.4807891845703
80.10147094726562
141.11341857910156
131.7921142578125
99.21944427490234
95.22277069091797
128.37716674804688
147.9020538330078
132.26834106445312
148.01097106933594
129.6820068359375
95.54728698730469
111.97230529785156
141.4358673095703
101.34821319580078
131.1351318359375
132.8802490234375
140.89358520507812
141.50888061523438
133.82850646972656
121.87860107421875
137.75552368164062
91.43636322021484
137.08816528320312
80.10258483886719
76.50878143310547
135.66036987304688
134.57528686523438
112.54408264160156
145.5691375732422
134.1298828125
114.0262451171875
96.93636322021484
90.3714370727539
140.32142639160156
107.16915130615234
101.09088134765625
102.35143280029297
102.61991119384766
131.76046752929688
135.29063415527344
122.62757873535156
81.10417938232422
104.32814025878906
86.75831604003906
112.17375183105469
87.51908874511719
134.85589599609375
117.3111572265625
92.40283203125
80.61522674560547
147.04730224609375
83.22893524169922
102.26912689208984
112.25182342529297
87.92758178710938
67.61088562011719
96.44493865966797
145.99391174316406
88.54662322998047
123.28433227539062
113.50953674316406
138.65379333496094
82.6076431274414
110.11480712890625
124.75535583496094
142.98818969726562
150.58059692382812
95.03612518310547
77.37841796875
69.92130279541016
151.90899658203125
120.41231536865234
96.96997833251953
145.45303344726562
74.26758575439453
127.76301574707031
128.82696533203125
112.7048110961914
98.4476089477539
125.67220306396484
94.6903305053711
140.41709899902344
96.7625503540039
117.65107727050781
92.32047271728516
129.9442138671875
111.45254516601562
135.64886474609375
121.10537719726562
145.9049530029297
122.59223937988281
141.6992950439453
101.67174530029297
144.78598022460938
73.501708984375
77.03243255615234
127.97099304199219
133.94082641601562
140.56089782714844
125.79621887207031
118.8769760131836
84.29357147216797
97.81333923339844
154.44729614257812
131.81198120117188
136.58706665039062
123.92107391357422
116.31301879882812
144.25770568847656
146.11570739746094
148.41452026367188
95.71422576904297
137.14862060546875
161.52716064453125
132.12167358398438
136.76116943359375
142.36862182617188
122.72794342041016
141.242431640625
141.37368774414062
101.01702880859375
132.17166137695312
122.15518951416016
138.78326416015625
104.8551254272461
130.22354125976562
103.18006896972656
125.45558166503906
95.638427734375
101.07572174072266
122.30844116210938
143.16859436035156
128.3383331298828
137.92251586914062
134.16134643554688
139.14706420898438
83.1722412109375
98.67984008789062
149.4961395263672
131.75628662109375
148.20594787597656
144.81141662597656
136.705810546875
145.240234375
131.14691162109375
131.47500610351562
114.3731689453125
145.11932373046875
149.50071716308594
149.45986938476562
146.0302276611328
107.54923248291016
137.38906860351562
132.18588256835938
156.72683715820312
157.51959228515625
142.78329467773438
138.81149291992188
106.76306915283203
128.09104919433594
158.80665588378906
145.0586395263672
148.5723114013672
91.22744750976562
137.895751953125
91.43579864501953
113.48906707763672
127.38307189941406
145.1676788330078
141.45166015625
122.21817016601562
146.01300048828125
103.23551177978516
141.42025756835938
139.42333984375
123.0713119506836
137.3861541748047
2.588812828063965
68.56175231933594
146.2742919921875
143.37347412109375
160.770751953125
146.92538452148438
113.19606018066406
117.51324462890625
131.3553009033203
152.29957580566406
129.92420959472656
155.3395538330078
97.424560546875
132.9892578125
151.1504669189453
126.36616516113281
163.4747772216797
147.439208984375
124.72908020019531
133.38185119628906
101.78302764892578
93.85059356689453
102.80416107177734
158.39761352539062
124.86112213134766
134.0137481689453
131.30926513671875
145.60659790039062
142.43325805664062
139.8912353515625
100.45466613769531
106.239013671875
139.3082275390625
126.28773498535156
143.59561157226562
139.2185821533203
111.84237670898438
110.97786712646484
96.853759765625
106.32613372802734
129.9357147216797
28.950847625732422
146.98667907714844
100.70883178710938
139.26974487304688
95.92517852783203
143.8712615966797
92.56953430175781
115.93338012695312
114.01508331298828
147.47364807128906
141.60379028320312
117.91886901855469
147.39962768554688
116.13702392578125
129.7530517578125
146.9151153564453
146.71278381347656
156.69625854492188
151.13267517089844
139.763671875
143.7415313720703
144.18569946289062
140.84063720703125
143.3263397216797
146.12820434570312
109.8288345336914
81.05787658691406
144.7419891357422
120.91740417480469
120.95491790771484
152.62725830078125
152.7233123779297
153.71189880371094
156.1431121826172
149.50628662109375
140.53146362304688
134.33834838867188
155.87924194335938
150.8465576171875
141.30722045898438
109.5024642944336
135.85714721679688
101.98139190673828
148.2032012939453
134.22390747070312
151.7700653076172
117.32574462890625
149.26788330078125
113.57281494140625
148.97109985351562
145.13246154785156
130.58499145507812
163.56129455566406
112.58303833007812
156.4879150390625
123.40653991699219
124.03038024902344
93.53368377685547
103.41155242919922
148.15655517578125
96.3603286743164
106.42396545410156
140.9825897216797
124.61089324951172
108.87018585205078
113.70880126953125
136.5606689453125
119.75877380371094
142.18670654296875
146.5638885498047
141.8937530517578
98.7288818359375
101.97598266601562
144.5130615234375
146.11483764648438
157.01661682128906
106.74747467041016
104.9516830444336
155.15199279785156
146.1707000732422
146.03466796875
147.3502197265625
142.8365936279297
105.28901672363281
149.4925079345703
154.9615936279297
154.54283142089844
127.84886169433594
141.6835174560547
149.26956176757812
154.808837890625
141.344970703125
151.71768188476562
139.17764282226562
152.63809204101562
143.48843383789062
144.87271118164062
123.82180786132812
146.9562530517578
159.5035400390625
135.91412353515625
155.3697509765625
150.40733337402344
116.64813995361328
103.90580749511719
110.89517211914062
137.62828063964844
146.41156005859375
123.04873657226562
150.43582153320312
150.30540466308594
153.45619201660156
124.31993103027344
149.78640747070312
113.66769409179688
149.01710510253906
108.7683334350586
155.2327117919922
148.89588928222656
153.6636505126953
118.62967681884766
151.79576110839844
114.37491607666016
138.78192138671875
142.16673278808594
143.37635803222656
113.72282409667969
148.10873413085938
104.39852905273438
156.8468017578125
141.51678466796875
124.98098754882812
150.21656799316406
160.67489624023438
143.9145050048828
148.07733154296875
136.51669311523438
144.19520568847656
150.77854919433594
119.06253814697266
99.7920913696289
146.0076446533203
104.61750030517578
146.01019287109375
153.79986572265625
152.59762573242188
127.55811309814453
125.81349182128906
155.56307983398438
92.61414337158203
139.22100830078125
152.13375854492188
126.767822265625
154.43003845214844
155.18328857421875
134.40399169921875
86.14274597167969
149.15652465820312
135.6744384765625
148.12428283691406
147.5536346435547
153.76950073242188
149.348388671875
143.4047088623047
136.4209747314453
131.84722900390625
140.83399963378906
149.6964569091797
135.96246337890625
144.03298950195312
102.43330383300781
149.4927520751953
144.6292724609375
149.10377502441406
148.95140075683594
152.94967651367188
91.88438415527344
113.48381805419922
148.3165740966797
127.78022766113281
147.4716339111328
133.29505920410156
152.95037841796875
147.42266845703125
104.0666275024414
94.21516418457031
100.59563446044922
154.76942443847656
150.7869415283203
148.328369140625
146.81996154785156
130.64859008789062
122.4227523803711
154.47268676757812
90.8873519897461
148.89869689941406
142.21353149414062
114.45096588134766
141.71932983398438
123.01133728027344
145.15115356445312
155.23715209960938
118.4495620727539
106.6104736328125
146.65391540527344
108.32785034179688
141.3928680419922
144.3360595703125
101.72016906738281
117.91895294189453
148.5809326171875
100.87244415283203
92.39234161376953
127.32749938964844
115.57919311523438
112.43392181396484
99.13604736328125
100.35741424560547
99.42489624023438
87.02911376953125
148.43341064453125
93.17484283447266
141.13613891601562
141.5835723876953
154.1306915283203
133.74818420410156
103.89933776855469
82.44290161132812
142.22862243652344
144.39117431640625
123.68791198730469
102.09342193603516
114.74565124511719
140.39321899414062
134.124267578125
102.71897888183594
136.990234375
94.63007354736328
110.11166381835938
118.06690216064453
146.3779296875
131.10250854492188
141.33717346191406
103.38465118408203
135.15025329589844
143.65814208984375
106.17230224609375
125.10433959960938
128.25869750976562
141.75946044921875
90.16899108886719
138.6721954345703
90.46675872802734
136.7510986328125
153.9302978515625
93.18568420410156
156.14512634277344
97.3891830444336
160.96536254882812
144.92555236816406
108.87974548339844
103.22944641113281
131.40023803710938
143.57862854003906
144.43719482421875
155.99313354492188
129.1669158935547
149.34097290039062
147.85516357421875
101.11875915527344
149.4505615234375
97.01143646240234
138.21046447753906
154.05662536621094
110.77294158935547
153.2555389404297
149.25503540039062
159.7351837158203
141.21543884277344
119.14306640625
84.66705322265625
110.11978149414062
144.0378875732422
77.2128677368164
92.51763916015625
147.3458709716797
97.20979309082031
99.88894653320312
120.37129211425781
147.25039672851562
108.16875457763672
141.8407745361328
107.41691589355469
93.68798065185547
144.42559814453125
149.06288146972656
148.47653198242188
100.81045532226562
149.98822021484375
136.38238525390625
145.76687622070312
148.79135131835938
141.743896484375
152.5697021484375
142.3293914794922
135.08721923828125
140.1020965576172
100.9024658203125
152.1772003173828
103.67352294921875
104.15804290771484
122.677001953125
137.78305053710938
130.02346801757812
143.61935424804688
101.0467758178711
109.88023376464844
133.61871337890625
141.95086669921875
141.6587677001953
100.25973510742188
138.3118438720703
100.25379943847656
156.1583709716797
146.33753967285156
111.4398422241211
149.7755584716797
128.11630249023438
144.18927001953125
155.1053466796875
158.33180236816406
136.2269287109375
144.7974090576172
151.5640411376953
156.36289978027344
151.99691772460938
147.44668579101562
119.91775512695312
117.03201293945312
148.30433654785156
144.12071228027344
137.28598022460938
145.96104431152344
153.4354248046875
138.6042938232422
108.44819641113281
142.3414764404297
162.990478515625
144.7971649169922
148.02706909179688
151.066162109375
119.22222900390625
148.7642822265625
119.84635925292969
124.3023681640625
158.50289916992188
141.7491455078125
162.275390625
152.86927795410156
150.4759063720703
146.98033142089844
96.84634399414062
151.00009155273438
151.57489013671875
152.0404052734375
151.48069763183594
151.84295654296875
151.02114868164062
99.40603637695312
144.50538635253906
96.07655334472656
137.24081420898438
111.50727844238281
147.8809051513672
124.22972106933594
165.25123596191406
145.16921997070312
125.45394897460938
102.53560638427734
115.87720489501953
157.6426544189453
112.28091430664062
157.7653045654297
88.73721313476562
111.5781021118164
148.1676025390625
148.72540283203125
115.41580200195312
155.67555236816406
158.88519287109375
119.72875213623047
109.02645111083984
99.49797821044922
138.4501190185547
102.98851013183594
90.253173828125
110.6011962890625
156.35067749023438
121.99710083007812
107.40675354003906
107.83523559570312
151.58570861816406
157.86297607421875
141.94219970703125
153.39059448242188
101.9141845703125
152.84588623046875
149.62632751464844
145.7423858642578
114.58453369140625
151.41551208496094
146.0529327392578
126.67518615722656
141.00523376464844
115.19766235351562
149.38726806640625
118.99256134033203
151.69749450683594
135.25704956054688
115.07161712646484
113.13568115234375
152.87034606933594
106.75581359863281
103.1222915649414
150.61866760253906
149.7566375732422
155.5876922607422
143.54452514648438
146.83238220214844
154.984619140625
146.18836975097656
152.72390747070312
147.5193328857422
152.5393524169922
118.05723571777344
151.22528076171875
155.12672424316406
139.04360961914062
161.33668518066406
137.90115356445312
153.42271423339844
101.53176879882812
148.61749267578125
108.39848327636719
159.1985321044922
148.28750610351562
113.14669799804688
144.19290161132812
124.00930786132812
117.79830932617188
141.97103881835938
149.0943145751953
149.04893493652344
160.03782653808594
154.94143676757812
160.28564453125
151.8382110595703
118.36772918701172
164.077880859375
152.9528045654297
162.9672393798828
159.457275390625
144.0075225830078
143.9895477294922
149.29287719726562
160.15121459960938
160.17825317382812
145.70211791992188
155.3046417236328
113.1046142578125
157.86378479003906
162.1931915283203
143.6636962890625
149.26014709472656
165.3575897216797
153.05596923828125
166.07809448242188
145.86581420898438
160.18438720703125
156.87107849121094
153.39620971679688
142.32275390625
162.92861938476562
122.17696380615234
115.51445007324219
108.38331604003906
161.27896118164062
148.68075561523438
155.32774353027344
157.56082153320312
149.75611877441406
155.27915954589844
157.0123291015625
150.94024658203125
154.24928283691406
149.42913818359375
162.3693084716797
159.72500610351562
169.64138793945312
145.5153350830078
155.94932556152344
155.51034545898438
152.23292541503906
158.85604858398438
156.3204345703125
151.7593231201172
156.73789978027344
117.16157531738281
116.38674926757812
147.11781311035156
153.83270263671875
153.3652801513672
158.1530303955078
106.20310974121094
112.0195083618164
101.83089447021484
153.1506805419922
96.35096740722656
145.62635803222656
157.2220458984375
132.411376953125
150.86239624023438
144.33631896972656
118.40216827392578
159.1106414794922
114.49053192138672
153.4343719482422
145.2337188720703
144.55569458007812
151.34915161132812
118.19754791259766
113.85063171386719
156.06625366210938
151.72738647460938
101.48139953613281
163.55496215820312
153.22283935546875
150.75643920898438
149.65890502929688
153.97669982910156
146.58157348632812
83.55058288574219
129.43328857421875
118.2589340209961
150.77651977539062
90.34808349609375
99.75535583496094
106.28582000732422
105.97311401367188
151.65846252441406
108.0211410522461
146.48915100097656
81.32907104492188
161.17083740234375
102.94890594482422
102.79653930664062
139.24002075195312
108.51017761230469
151.7057342529297
95.73328399658203
151.82872009277344
147.127197265625
138.74594116210938
118.05221557617188
121.77046203613281
154.96896362304688
153.24493408203125
145.6085205078125
158.8299102783203
161.4038543701172
114.69376373291016
89.11965942382812
114.00247192382812
112.93217468261719
145.6624298095703
152.19981384277344
117.85266876220703
154.0753631591797
159.8345947265625
109.47586822509766
138.48843383789062
154.02491760253906
152.62893676757812
154.86911010742188
113.41117095947266
150.03929138183594
159.04685974121094
118.64668273925781
99.01821899414062
143.55645751953125
103.71827697753906
143.1605987548828
96.6232681274414
93.08953857421875
157.24993896484375
150.18771362304688
135.42970275878906
156.43807983398438
162.60606384277344
92.29476928710938
95.16869354248047
100.58924102783203
104.38298034667969
97.44158172607422
108.21013641357422
143.64991760253906
109.84617614746094
144.54180908203125
108.1495132446289
111.3504409790039
154.1880645751953
111.43074798583984
156.12353515625
148.11264038085938
129.29586791992188
153.18222045898438
162.594482421875
157.416748046875
146.26690673828125
121.23909759521484
154.59400939941406
81.96408081054688
164.6665496826172
106.04960632324219
156.8968963623047
152.9607696533203
147.67636108398438
89.9280776977539
106.69477844238281
159.73745727539062
143.05140686035156
118.48135375976562
159.29177856445312
98.48898315429688
115.39828491210938
95.5514907836914
153.3306427001953
158.7535400390625
162.97329711914062
150.40029907226562
163.83489990234375
107.39802551269531
162.89450073242188
147.58473205566406
150.27053833007812
143.7832489013672
96.43956756591797
156.1587677001953
136.97828674316406
157.80804443359375
114.36152648925781
139.54214477539062
139.39309692382812
155.6183319091797
130.47171020507812
111.01728820800781
132.86033630371094
148.47805786132812
107.6069564819336
141.17770385742188
145.1065673828125
86.1432876586914
120.37311553955078
155.52200317382812
156.1170654296875
163.15696716308594
112.20464324951172
123.42922973632812
77.23635864257812
134.48147583007812
155.42835998535156
149.83682250976562
140.21571350097656
135.0882568359375
108.01820373535156
110.6996078491211
158.45286560058594
150.45069885253906
147.4904327392578
160.82977294921875
111.20611572265625
95.301025390625
145.0751495361328
149.72012329101562
149.12362670898438
143.72744750976562
157.23779296875
91.56685638427734
110.0887222290039
103.97785186767578
83.71931457519531
119.61087799072266
145.06419372558594
149.2705078125
92.38201904296875
151.48541259765625
113.61619567871094
103.68402099609375
143.35958862304688
160.20040893554688
140.1250762939453
159.23944091796875
148.55552673339844
136.77420043945312
165.08575439453125
113.11211395263672
154.5982208251953
153.4672088623047
104.94361114501953
147.1820831298828
109.79851531982422
