1.8943443298339844
2.2028045654296875
7.072348594665527
0.23674964904785156
0.8967504501342773
1.6215038299560547
1.2310585975646973
-4.052297115325928
-1.285731315612793
16.060760498046875
-3.631683588027954
10.295316696166992
3.5387144088745117
4.989130020141602
20.14153480529785
11.193483352661133
15.782798767089844
-0.13872289657592773
31.940166473388672
-0.21897268295288086
0.00627899169921875
12.324987411499023
-2.2382652759552
25.66996192932129
-3.936398506164551
-4.293002128601074
5.131860733032227
-0.87744140625
-3.8592913150787354
-2.542482852935791
-2.870203733444214
2.4053568840026855
5.500788688659668
18.841886520385742
27.09372329711914
17.972984313964844
-2.142883777618408
-4.1511149406433105
8.567543983459473
-2.3318541049957275
36.331146240234375
20.577510833740234
19.707523345947266
25.643835067749023
14.932952880859375
4.712210655212402
25.644426345825195
-0.688962459564209
-1.175267219543457
0.7252750396728516
8.750495910644531
4.315873146057129
-0.01233673095703125
-3.1041533946990967
-1.3578975200653076
-2.4248809814453125
7.391095161437988
9.144133567810059
-0.9810905456542969
-2.551133632659912
-3.830075740814209
-2.3931026458740234
-3.0303146839141846
13.163457870483398
-3.375434160232544
-3.941898822784424
0.5649051666259766
-0.3528256416320801
5.980409622192383
1.618147850036621
7.280574798583984
16.09829330444336
11.862249374389648
16.63117218017578
17.603309631347656
18.084583282470703
26.24128532409668
23.880069732666016
3.814030647277832
16.684600830078125
-1.092268466949463
-3.785588264465332
13.913867950439453
11.221256256103516
4.332720756530762
1.00701904296875
8.290005683898926
20.745943069458008
13.995964050292969
13.627582550048828
27.269908905029297
17.66072654724121
40.93567657470703
11.898458480834961
-1.1599962711334229
19.83654022216797
30.540145874023438
-1.5160205364227295
21.982044219970703
-4.155066013336182
22.081188201904297
8.14535140991211
-1.6724801063537598
22.970090866088867
14.084239959716797
38.24319076538086
33.77505111694336
7.134468078613281
24.722002029418945
15.705825805664062
15.855184555053711
17.426912307739258
4.855340003967285
-1.1140470504760742
29.794349670410156
27.012977600097656
23.568119049072266
-3.5094261169433594
11.845972061157227
13.238174438476562
18.309526443481445
18.314680099487305
11.22865104675293
22.1127986907959
35.105411529541016
4.881748199462891
32.718936920166016
20.30548095703125
12.938333511352539
30.34234619140625
16.107810974121094
1.5644330978393555
28.624916076660156
34.39606857299805
27.574310302734375
19.15586280822754
22.9622859954834
36.932586669921875
11.084104537963867
24.831750869750977
24.239301681518555
30.549964904785156
25.506458282470703
22.922170639038086
14.068403244018555
-2.7848334312438965
24.403194427490234
21.29351043701172
32.792049407958984
34.31916046142578
36.4728889465332
32.09260940551758
14.826061248779297
20.050413131713867
32.25233459472656
18.208370208740234
26.650785446166992
29.90972900390625
5.405241012573242
36.773590087890625
3.8654775619506836
30.81548309326172
31.851383209228516
16.976404190063477
3.3888092041015625
20.061363220214844
11.844442367553711
1.2504124641418457
23.041200637817383
35.40017318725586
15.444131851196289
9.754688262939453
5.624794960021973
16.82155990600586
0.46996498107910156
33.36891174316406
15.864889144897461
8.045394897460938
0.2910327911376953
-1.3585493564605713
27.311492919921875
27.04193878173828
19.85733413696289
23.92727279663086
21.34389305114746
1.5219974517822266
23.515670776367188
15.354284286499023
33.451202392578125
10.932790756225586
10.029203414916992
32.15201950073242
25.52336311340332
21.69145965576172
-2.10588002204895
19.55906105041504
3.888683319091797
3.5259828567504883
15.04461669921875
10.789076805114746
1.4706878662109375
-2.164508819580078
-3.613959312438965
10.887983322143555
7.84716796875
-2.9794156551361084
21.054323196411133
0.3362278938293457
31.776988983154297
2.6936745643615723
30.56451416015625
24.091772079467773
17.344940185546875
4.822516441345215
-3.8903849124908447
30.808269500732422
33.9285888671875
25.117746353149414
-0.5198540687561035
28.878734588623047
33.390499114990234
24.90451431274414
6.178723335266113
20.765352249145508
10.800918579101562
15.62802505493164
21.82547378540039
0.22205734252929688
2.8783507347106934
23.473892211914062
11.426969528198242
9.749920845031738
33.070709228515625
-1.0512173175811768
25.33384895324707
36.45937728881836
28.801227569580078
2.3143467903137207
13.643556594848633
37.28019714355469
22.86730194091797
37.248905181884766
27.27060317993164
28.021656036376953
6.609129905700684
4.762545585632324
17.68810272216797
6.55960750579834
-0.15882396697998047
17.89413070678711
24.52487564086914
17.11343765258789
18.753591537475586
33.386165618896484
25.57142448425293
0.4685244560241699
33.952720642089844
7.644688606262207
13.577272415161133
24.55521011352539
20.236284255981445
19.84044075012207
29.974830627441406
35.48827362060547
2.784083843231201
31.084087371826172
35.44765090942383
34.19218063354492
27.427146911621094
29.28313446044922
23.245288848876953
2.373943328857422
21.760047912597656
33.136749267578125
21.59071922302246
22.404752731323242
38.318424224853516
27.337329864501953
18.067276000976562
32.505733489990234
29.395751953125
15.5328369140625
9.875114440917969
30.75218963623047
25.125001907348633
21.508378982543945
31.307910919189453
20.793798446655273
22.004179000854492
38.70111083984375
26.857362747192383
13.125232696533203
26.978939056396484
24.81840705871582
32.22089385986328
12.093955993652344
11.215106964111328
27.9566650390625
-0.9833531379699707
34.94666290283203
24.538602828979492
0.7903504371643066
24.87099266052246
32.197975158691406
29.163677215576172
41.64263916015625
32.481929779052734
20.888593673706055
28.082130432128906
28.98571014404297
-0.11456441879272461
34.34132385253906
13.868724822998047
18.136491775512695
22.70823097229004
13.530500411987305
34.04240036010742
26.435791015625
11.378280639648438
21.802616119384766
14.670873641967773
29.968761444091797
25.57607078552246
32.80267333984375
26.222688674926758
32.33393096923828
22.70492935180664
13.491758346557617
24.62234115600586
30.923583984375
24.685443878173828
32.95275115966797
33.12884521484375
34.06659698486328
31.233909606933594
29.398914337158203
30.83322525024414
20.557050704956055
23.984169006347656
24.66558074951172
25.399703979492188
31.39706802368164
29.22571563720703
34.16464614868164
31.420364379882812
33.00974655151367
22.097774505615234
36.60287857055664
27.11762237548828
19.335126876831055
16.372865676879883
24.724933624267578
30.644046783447266
30.32840347290039
30.774517059326172
23.52633285522461
37.83510208129883
23.44874382019043
8.867610931396484
15.568185806274414
24.541852951049805
24.09803009033203
37.19192886352539
35.64056396484375
41.83206558227539
-1.011136531829834
27.80510711669922
30.439929962158203
34.613616943359375
4.713777542114258
28.39299774169922
24.216976165771484
6.4628095626831055
16.713274002075195
24.806777954101562
37.2272834777832
38.70716094970703
22.23880386352539
-3.3993210792541504
25.697614669799805
2.4159903526306152
30.416019439697266
35.06400680541992
31.562400817871094
30.390888214111328
33.90074157714844
31.968109130859375
24.649547576904297
18.874340057373047
1.800581932067871
31.954261779785156
7.805298805236816
33.48122024536133
31.462421417236328
36.88267135620117
30.50543212890625
2.244520664215088
29.2138671875
34.101200103759766
32.25236892700195
4.706780433654785
29.332714080810547
18.581565856933594
1.7756743431091309
29.84951400756836
8.27709674835205
24.26026153564453
16.572097778320312
32.44181823730469
5.829392433166504
26.439424514770508
-2.9387147426605225
31.02417755126953
36.12549591064453
28.485794067382812
1.5711369514465332
35.62627029418945
36.63622283935547
33.33533477783203
26.30013084411621
27.324005126953125
35.80901336669922
26.258102416992188
39.12596130371094
6.883167266845703
39.54617691040039
35.567012786865234
40.123992919921875
35.38459396362305
29.001522064208984
35.57587432861328
32.602561950683594
22.85000991821289
31.847061157226562
22.810304641723633
32.471439361572266
35.00636672973633
38.36897277832031
31.775955200195312
38.17349624633789
31.844406127929688
35.66846466064453
26.420007705688477
35.759281158447266
36.737159729003906
33.02272033691406
25.711156845092773
31.721641540527344
28.51956558227539
42.00608825683594
7.698820114135742
4.653772354125977
35.94879150390625
31.946754455566406
17.22210121154785
38.568870544433594
29.879573822021484
33.86471939086914
12.621261596679688
27.47779083251953
19.21584701538086
5.955598831176758
32.8331184387207
27.734745025634766
17.48238754272461
31.350051879882812
1.2479004859924316
9.514924049377441
11.69173812866211
38.04322814941406
16.177783966064453
32.10385513305664
40.71555709838867
34.463829040527344
29.162860870361328
30.528568267822266
30.109413146972656
25.479158401489258
35.13601303100586
28.784297943115234
34.700016021728516
31.59466552734375
34.53513717651367
38.95466232299805
37.60041427612305
31.633861541748047
39.38176345825195
31.993637084960938
38.56502914428711
41.4605712890625
-4.01269006729126
34.575401306152344
5.5046234130859375
35.70198059082031
34.112789154052734
36.97087097167969
3.1275129318237305
34.0958137512207
9.480997085571289
31.69583511352539
37.27033996582031
36.88661575317383
1.1989116668701172
28.423236846923828
3.1452083587646484
28.35065460205078
36.13032531738281
29.239391326904297
26.049043655395508
43.37835693359375
25.943071365356445
1.705277919769287
35.24117660522461
35.75950622558594
30.12561798095703
33.46002197265625
34.79298400878906
41.745460510253906
31.481563568115234
28.406551361083984
33.68709945678711
39.538795471191406
19.115903854370117
33.44228744506836
4.527165412902832
35.90374755859375
34.32561492919922
31.982948303222656
27.509063720703125
1.318258285522461
29.25719451904297
39.760765075683594
14.222066879272461
35.65702819824219
42.54143142700195
26.80544090270996
37.268489837646484
32.50584411621094
45.14878845214844
37.33663558959961
37.746971130371094
32.4293327331543
38.7376823425293
30.35916519165039
31.52562713623047
33.550411224365234
28.59290313720703
29.09332275390625
28.99112319946289
40.42047882080078
31.105731964111328
4.2030134201049805
39.088382720947266
32.26096725463867
35.666412353515625
33.81375503540039
31.239299774169922
34.74774169921875
33.51988220214844
41.15577697753906
36.477996826171875
35.3569221496582
40.21440887451172
8.65965461730957
15.510797500610352
42.41397476196289
40.03334426879883
32.992984771728516
32.09339141845703
45.12562942504883
40.231483459472656
7.17735481262207
2.1330432891845703
41.102783203125
37.51124954223633
6.370450973510742
39.61433029174805
34.582698822021484
44.603515625
36.90467071533203
3.434206962585449
40.084659576416016
34.229740142822266
27.130966186523438
33.14284133911133
41.445037841796875
33.780006408691406
35.12873840332031
36.62778091430664
41.46906280517578
4.268366813659668
45.45391845703125
38.997554779052734
11.74064826965332
34.099185943603516
18.42894172668457
34.71970748901367
25.599042892456055
29.085819244384766
40.248291015625
41.966148376464844
31.254444122314453
38.53392791748047
32.91448211669922
30.305652618408203
6.485713005065918
41.897560119628906
36.80472946166992
44.68057632446289
29.817955017089844
41.44359588623047
41.27566146850586
43.07107925415039
36.62542724609375
31.500503540039062
1.4029760360717773
34.583255767822266
42.116065979003906
36.121639251708984
45.83872604370117
17.842741012573242
46.663169860839844
40.65705490112305
37.11830520629883
36.770572662353516
63.32190704345703
13.433450698852539
36.97868728637695
43.254249572753906
13.15268325805664
36.99178695678711
43.25303268432617
37.40989303588867
43.54465866088867
38.67411422729492
35.83036804199219
41.65392303466797
40.96821594238281
40.78216552734375
45.627525329589844
40.44022750854492
29.740550994873047
36.50408172607422
32.75221252441406
29.19727325439453
39.05327224731445
34.41570281982422
35.93994140625
5.528119087219238
36.42747497558594
38.429542541503906
46.19496154785156
32.977046966552734
47.68037033081055
35.9441032409668
43.87980651855469
21.972484588623047
36.9775505065918
33.4803352355957
46.34750747680664
18.103445053100586
49.770084381103516
24.104068756103516
34.459712982177734
15.852132797241211
43.175559997558594
39.017005920410156
40.72687911987305
20.596315383911133
17.257726669311523
34.39295196533203
40.57350540161133
34.94950866699219
10.604504585266113
38.37010955810547
41.319358825683594
38.444732666015625
21.778547286987305
35.98746871948242
52.87668991088867
22.464895248413086
31.72176742553711
18.41712760925293
35.849525451660156
37.16455078125
11.398042678833008
44.596866607666016
51.77840805053711
48.36532211303711
42.831478118896484
27.742229461669922
21.295473098754883
47.60824966430664
55.281986236572266
35.08916091918945
43.062313079833984
15.13857650756836
39.6217155456543
46.1645622253418
44.52363967895508
40.66858673095703
16.49468994140625
14.070297241210938
59.761802673339844
50.0168342590332
46.171173095703125
54.09153366088867
43.290626525878906
42.49345779418945
39.16214370727539
12.035158157348633
40.952301025390625
34.076595306396484
36.91075134277344
50.88167190551758
43.25530242919922
29.033611297607422
52.804344177246094
43.102500915527344
32.9932746887207
61.961570739746094
46.77545928955078
30.873672485351562
59.01469421386719
46.645050048828125
40.49045944213867
38.73017883300781
33.30929183959961
53.369815826416016
48.47747039794922
30.389209747314453
60.23871612548828
38.84780502319336
34.08945083618164
22.346899032592773
55.588356018066406
39.14360809326172
-1.7630329132080078
39.87795639038086
35.55173110961914
6.9259748458862305
31.313213348388672
37.27104568481445
28.010761260986328
40.07231140136719
43.22892761230469
27.10552215576172
55.49042892456055
7.709800720214844
52.40382385253906
29.167644500732422
45.62728500366211
71.75518035888672
64.14259338378906
69.87567138671875
22.506669998168945
19.033632278442383
37.44465255737305
44.902496337890625
67.91312408447266
60.758087158203125
49.307212829589844
49.26077651977539
58.376930236816406
72.66199493408203
47.43430709838867
67.5086669921875
63.42451477050781
41.52583694458008
53.391815185546875
66.02373504638672
38.24507141113281
43.095970153808594
39.17818069458008
69.6322021484375
34.39875411987305
61.4703369140625
40.869781494140625
50.0753288269043
43.81014633178711
68.33100128173828
62.511932373046875
64.69291687011719
64.0560073852539
41.28010177612305
71.99503326416016
33.19676971435547
60.26610565185547
42.67769241333008
35.315582275390625
67.0079116821289
75.39527130126953
50.75701904296875
44.094459533691406
42.67677688598633
51.48674774169922
62.524818420410156
67.18451690673828
56.42036056518555
60.021759033203125
62.9105224609375
64.1064224243164
66.049560546875
55.54130172729492
31.895221710205078
80.84687042236328
30.977127075195312
77.51679992675781
4.725183486938477
60.43201446533203
61.20152282714844
12.115129470825195
71.5763168334961
20.317235946655273
66.6375961303711
41.08026123046875
73.73383331298828
69.67549896240234
45.100006103515625
69.16363525390625
43.821807861328125
40.22737121582031
71.18762969970703
47.440181732177734
13.7431640625
39.24674987792969
63.52894592285156
68.49591064453125
64.15319061279297
59.997352600097656
37.970584869384766
38.063663482666016
63.732025146484375
56.491424560546875
41.687782287597656
32.067039489746094
57.90688705444336
66.6250228881836
71.67868041992188
12.458478927612305
62.42340087890625
32.289093017578125
43.32146072387695
73.55467224121094
72.7322006225586
72.949951171875
64.25468444824219
38.70582580566406
61.99700164794922
79.09872436523438
82.80784606933594
61.58899688720703
42.703163146972656
62.968536376953125
64.82139587402344
68.66785430908203
68.15411376953125
70.26850128173828
47.78057861328125
51.19233703613281
75.0540771484375
75.19517517089844
56.160865783691406
65.88854217529297
71.43254852294922
77.86507415771484
65.143310546875
46.298362731933594
15.36026382446289
52.61289978027344
84.12728118896484
78.54320526123047
73.43794250488281
79.23951721191406
73.2142562866211
67.97906494140625
74.2650146484375
70.81422424316406
76.96229553222656
73.240234375
82.84583282470703
42.69878387451172
7.70693302154541
61.743682861328125
53.64365005493164
78.68042755126953
74.31110382080078
72.40489959716797
68.93190002441406
71.17451477050781
68.40971374511719
22.15553855895996
79.15180969238281
72.98406219482422
63.29389190673828
3.640270233154297
2.3197684288024902
63.669532775878906
58.06166076660156
74.14053344726562
5.071026802062988
70.68649291992188
82.04816436767578
82.93579864501953
56.35987091064453
53.959964752197266
68.45536041259766
5.222909927368164
67.80619812011719
26.394123077392578
79.54536437988281
70.8100357055664
45.512176513671875
61.1846923828125
74.20906066894531
79.81968688964844
19.919708251953125
77.22949981689453
81.1456298828125
68.18540954589844
81.71800994873047
68.856201171875
57.006309509277344
69.63199615478516
75.81166076660156
43.78219985961914
92.40316009521484
73.64315795898438
69.40424346923828
65.34087371826172
87.03910064697266
74.77605438232422
42.515159606933594
77.66757202148438
10.325185775756836
7.093877792358398
79.03334045410156
58.75198745727539
62.272117614746094
81.62574768066406
84.02623748779297
47.487239837646484
76.69733428955078
40.69708251953125
73.89765167236328
84.59015655517578
70.94401550292969
79.43169403076172
80.60401916503906
82.85431671142578
47.468204498291016
66.52433776855469
64.15705108642578
66.21968078613281
76.08448028564453
76.04094696044922
77.34617614746094
74.60484313964844
43.13457489013672
65.16259765625
68.59143829345703
84.94358825683594
55.558467864990234
70.66718292236328
66.06086730957031
81.88382720947266
72.13481140136719
67.9494400024414
71.74968719482422
8.043013572692871
79.34396362304688
75.71990203857422
48.49870681762695
79.52203369140625
92.7240219116211
74.15738677978516
75.2793197631836
72.06265258789062
75.69253540039062
64.33319854736328
96.30603790283203
67.575439453125
88.57118225097656
64.47062683105469
92.24021911621094
89.63484954833984
62.236724853515625
75.49418640136719
85.5629653930664
63.84065246582031
68.09568786621094
82.8449478149414
80.90631866455078
61.91120147705078
5.29246711730957
87.73359680175781
80.39351654052734
7.9585723876953125
71.919921875
72.81463623046875
72.09740447998047
78.05636596679688
81.2627182006836
78.44511413574219
71.38285064697266
86.81085968017578
15.535074234008789
87.7736587524414
86.0267333984375
79.8982925415039
73.55372619628906
81.94422149658203
74.92268371582031
73.04986572265625
73.92169952392578
3.3705368041992188
5.666831970214844
83.86607360839844
70.40576171875
76.23384094238281
6.86448860168457
79.1520767211914
73.40406799316406
63.45282745361328
84.09596252441406
63.58544921875
65.90138244628906
74.31051635742188
77.21919250488281
9.945746421813965
71.33531188964844
64.46309661865234
87.82880401611328
78.33499908447266
77.16956329345703
79.91071319580078
72.94456481933594
67.44168853759766
75.50175476074219
86.978271484375
61.71134948730469
80.95166778564453
79.28748321533203
72.70893096923828
78.126708984375
81.06076049804688
89.11174011230469
63.14100646972656
70.6263198852539
86.23139190673828
73.61367797851562
65.84687805175781
71.23522186279297
72.99308776855469
75.18216705322266
82.75142669677734
76.08793640136719
76.43864440917969
86.91290283203125
77.45448303222656
73.66736602783203
64.88829803466797
79.52994537353516
77.66020202636719
81.01449584960938
61.5697021484375
67.3306655883789
76.35636901855469
2.4773802757263184
83.52641296386719
90.19376373291016
75.97727966308594
78.5513916015625
96.14630889892578
67.788330078125
73.48674011230469
87.41165924072266
50.18621063232422
73.46920776367188
83.96881866455078
73.41378784179688
88.56184387207031
64.9568862915039
83.35416412353516
84.00553894042969
85.10055541992188
71.18513488769531
81.88133239746094
72.64832305908203
35.219505310058594
71.96964263916016
88.81084442138672
88.60726928710938
85.70274353027344
76.07958984375
76.04305267333984
70.5871353149414
7.6687517166137695
67.58069610595703
83.74142456054688
84.8199462890625
60.32085418701172
86.1513900756836
67.15352630615234
84.7479476928711
100.69359588623047
73.54521942138672
23.878543853759766
71.34197235107422
79.63430786132812
80.00301361083984
77.01325225830078
72.06869506835938
5.22068977355957
70.26738739013672
88.38459777832031
75.6114273071289
70.78562927246094
69.94318389892578
66.53923797607422
79.4911880493164
82.08356475830078
80.65277862548828
89.31867980957031
85.79828643798828
90.4091567993164
80.43278503417969
69.85696411132812
43.421966552734375
89.09591674804688
82.03665924072266
81.3780517578125
76.33263397216797
84.36622619628906
62.57238006591797
78.48108673095703
72.80427551269531
74.2314453125
11.506649017333984
9.983043670654297
69.418701171875
75.44149017333984
77.88838958740234
77.17606353759766
86.71753692626953
88.5889892578125
70.5564956665039
82.22540283203125
77.34769439697266
79.51025390625
74.89492797851562
78.44637298583984
81.078125
83.1575927734375
4.177164077758789
93.15213012695312
69.58427429199219
82.50807189941406
88.71500396728516
93.28510284423828
87.71994018554688
76.44698333740234
85.95869445800781
61.641357421875
8.117676734924316
79.9254379272461
6.972643852233887
83.60022735595703
89.92183685302734
79.8947982788086
88.53105926513672
70.56050109863281
69.67778015136719
74.92963409423828
69.40580749511719
78.262451171875
9.28938102722168
82.884033203125
79.52664184570312
85.24988555908203
67.52236938476562
70.44192504882812
74.8230972290039
75.33670806884766
96.6922607421875
68.6419448852539
79.5181884765625
7.653871536254883
76.6905746459961
68.75493621826172
73.20524597167969
93.88892364501953
82.07980346679688
7.776076316833496
0.8244657516479492
60.938636779785156
90.07752990722656
92.43811798095703
75.87094116210938
72.96286010742188
90.77974700927734
94.0617904663086
69.15780639648438
96.3302001953125
90.09371948242188
9.03964900970459
63.733360290527344
73.15123748779297
5.865110397338867
90.46080780029297
73.59984588623047
80.49531555175781
80.27103424072266
95.32408905029297
76.85480499267578
87.35281372070312
89.18878936767578
76.0626220703125
77.05345916748047
90.05178833007812
88.582763671875
73.17951202392578
75.05054473876953
99.91966247558594
96.30209350585938
92.16021728515625
65.8371810913086
80.33396911621094
74.75916290283203
79.07737731933594
70.93382263183594
3.9990158081054688
81.69686889648438
76.50745391845703
78.76288604736328
92.26795196533203
97.52050018310547
79.57904052734375
79.00845336914062
91.01846313476562
93.75004577636719
84.35226440429688
88.02452850341797
88.69544982910156
83.34112548828125
85.71345520019531
91.6218032836914
85.4653091430664
86.26679992675781
62.60636901855469
85.64803314208984
99.26988983154297
96.11426544189453
103.02096557617188
67.46892547607422
80.25358581542969
69.9039306640625
7.679523468017578
79.89653778076172
96.70240020751953
86.81165313720703
98.03520202636719
3.572416305541992
91.44590759277344
88.76529693603516
88.55655670166016
81.56498718261719
73.47390747070312
70.18535614013672
76.47550964355469
67.5398178100586
89.8885269165039
69.88005065917969
74.00153350830078
73.74752044677734
85.71559143066406
71.70442962646484
91.97360229492188
72.37712860107422
74.92585754394531
76.17500305175781
11.464277267456055
97.12456512451172
66.43773651123047
43.803077697753906
72.26940155029297
11.339542388916016
85.19930267333984
79.450439453125
83.9256362915039
83.7353515625
36.62057876586914
83.66133880615234
82.0354232788086
97.80554962158203
65.13113403320312
81.76129150390625
92.85778045654297
6.319462776184082
80.3864517211914
86.15754699707031
80.72541809082031
78.52418518066406
84.83148956298828
83.3155746459961
70.15718078613281
82.61560821533203
79.92593383789062
70.09520721435547
77.05162811279297
79.0879898071289
63.21533966064453
95.2696762084961
102.13973999023438
67.11576843261719
15.138467788696289
16.843006134033203
72.53917694091797
79.48377227783203
91.17330169677734
79.35208129882812
91.17713165283203
75.85021209716797
98.66496276855469
98.08586883544922
69.4956283569336
65.96714782714844
82.31696319580078
77.15164947509766
93.934814453125
83.04412841796875
84.86758422851562
77.9366226196289
77.68991088867188
84.6130142211914
88.01366424560547
72.08875274658203
76.6788558959961
75.3631362915039
75.64018249511719
74.46961975097656
69.72100067138672
72.1357421875
62.958900451660156
75.75897979736328
88.26508331298828
88.24739837646484
87.01481628417969
70.03984832763672
82.56735229492188
86.50580596923828
76.2911148071289
79.09593200683594
84.353515625
76.57276916503906
77.64790344238281
75.29529571533203
80.93518829345703
76.43758392333984
83.2392807006836
79.13140106201172
94.14451599121094
99.8931884765625
83.34259796142578
76.03338623046875
78.12714385986328
79.3299331665039
79.05418395996094
65.41248321533203
74.94270324707031
75.43692016601562
86.38394927978516
76.81410217285156
100.681396484375
87.85765075683594
87.73272705078125
87.3345718383789
74.54631805419922
78.9837875366211
82.52552795410156
86.88739776611328
83.57524108886719
86.25499725341797
78.1744155883789
74.52931213378906
5.866637229919434
79.64644622802734
88.80337524414062
92.2259292602539
95.00484466552734
100.63186645507812
84.69603729248047
84.93896484375
79.2099609375
72.02159118652344
92.8080062866211
78.18923950195312
81.94282531738281
67.54279327392578
104.06974029541016
100.40119171142578
91.3763427734375
87.29861450195312
79.83876037597656
88.81956481933594
90.25904846191406
63.57654571533203
97.31796264648438
74.72733306884766
66.2344970703125
52.51491928100586
107.56890869140625
91.53176879882812
76.68142700195312
77.78451538085938
102.95035552978516
95.15398406982422
89.66278839111328
85.79045867919922
76.41088104248047
76.02407836914062
97.08491516113281
139.6265106201172
98.67706298828125
103.1163558959961
85.70353698730469
98.6137466430664
84.4643783569336
90.25843811035156
93.70858764648438
97.6665267944336
76.46918487548828
51.09707260131836
101.91905212402344
81.73950958251953
76.45140838623047
96.06243133544922
88.21922302246094
83.94840240478516
94.34220123291016
81.51664733886719
95.1233139038086
74.5029296875
78.10283660888672
84.4094009399414
76.46121978759766
96.81251525878906
83.62275695800781
83.04444122314453
69.71854400634766
96.15094757080078
87.73238372802734
85.19135284423828
77.37639617919922
16.19048500061035
94.28768157958984
98.82917785644531
87.21577453613281
138.47850036621094
82.38614654541016
81.98748016357422
73.15221405029297
86.51051330566406
91.49222564697266
74.71778106689453
90.22089385986328
133.17745971679688
84.24139404296875
87.5495834350586
106.24370574951172
95.82524871826172
85.45372009277344
84.82090759277344
88.1270751953125
65.8067626953125
78.68953704833984
83.74303436279297
98.29621124267578
84.40326690673828
76.85721588134766
86.39066314697266
85.9842300415039
91.46121215820312
87.62037658691406
86.27658081054688
95.72543334960938
88.17037963867188
96.22089385986328
90.86486053466797
85.03797912597656
79.38290405273438
83.01043701171875
126.44001770019531
90.13191223144531
83.33589172363281
72.56175231933594
95.2110366821289
92.61616516113281
97.4587631225586
98.462646484375
86.2321548461914
110.84976196289062
81.27978515625
82.598876953125
87.72048950195312
86.01141357421875
86.26212310791016
84.03626251220703
75.76516723632812
95.03589630126953
89.54216766357422
86.80326080322266
77.34925842285156
108.62045288085938
94.98735809326172
93.15757751464844
93.75216674804688
91.22730255126953
78.02433013916016
74.83895111083984
85.57843017578125
96.60685729980469
64.51676177978516
121.52767181396484
153.3287811279297
81.98433685302734
99.89790344238281
98.0252685546875
64.5948486328125
105.57527160644531
96.21712493896484
84.6761245727539
78.96168518066406
87.24961853027344
102.03715515136719
79.72792053222656
83.28089141845703
82.13333892822266
122.15364837646484
94.65306091308594
85.88603973388672
90.29582977294922
135.45071411132812
95.37500762939453
94.6563949584961
97.4687271118164
100.7365951538086
101.30534362792969
80.56695556640625
150.74452209472656
75.3618392944336
84.77569580078125
72.16411590576172
77.3643569946289
94.7818832397461
90.48342895507812
83.38700866699219
94.886474609375
100.0674057006836
114.23143768310547
80.74041748046875
93.30778503417969
97.48918151855469
97.47557067871094
92.03164672851562
94.10006713867188
96.50862121582031
108.96609497070312
94.94225311279297
86.67375183105469
95.07676696777344
86.91851043701172
88.24237060546875
98.11297607421875
100.46577453613281
98.6526870727539
98.53753662109375
89.11408233642578
84.62997436523438
105.19903564453125
112.59205627441406
82.73687744140625
97.54798126220703
95.61212921142578
103.20692443847656
91.87844848632812
97.66453552246094
106.8431167602539
89.92754364013672
89.95181274414062
82.929931640625
86.73435974121094
90.25957489013672
101.08795166015625
101.06430053710938
82.60066223144531
106.61358642578125
83.34156036376953
138.6087646484375
92.16690063476562
79.53054809570312
82.12844848632812
100.28128814697266
84.27864074707031
106.23031616210938
100.05755615234375
93.43560791015625
149.52749633789062
93.83456420898438
98.06904602050781
100.47550201416016
86.12857055664062
98.96007537841797
78.70391082763672
91.07967376708984
98.29578399658203
84.22775268554688
97.51921844482422
97.4813232421875
93.32280731201172
91.25718688964844
97.46510314941406
83.3184585571289
147.97080993652344
81.88896179199219
97.79325103759766
88.15985870361328
104.781982421875
86.49075317382812
86.85742950439453
93.8973159790039
84.2908935546875
83.66969299316406
96.37019348144531
99.45442962646484
127.04560852050781
85.6495361328125
100.20437622070312
102.0676498413086
98.6890640258789
158.64398193359375
145.07957458496094
102.32012176513672
98.30191802978516
96.02982330322266
99.8585433959961
102.0137939453125
92.05860900878906
130.6837158203125
106.77320861816406
97.80796813964844
101.82847595214844
89.05184173583984
106.13146209716797
92.95974731445312
114.52233123779297
115.02678680419922
99.00968933105469
82.16314697265625
82.28857421875
69.7857437133789
105.94121551513672
96.54912567138672
142.85415649414062
104.29707336425781
84.79143524169922
146.56427001953125
84.65279388427734
109.9161148071289
89.34383392333984
104.66038513183594
93.83611297607422
99.84439849853516
95.98129272460938
89.45439910888672
95.6886215209961
90.21963500976562
84.49713897705078
90.95113372802734
101.14974975585938
95.36746978759766
144.94288635253906
90.56647491455078
146.03411865234375
101.59209442138672
109.3974380493164
149.4411163330078
100.80016326904297
99.87960815429688
149.2274932861328
158.65843200683594
94.28710174560547
92.71014404296875
148.36900329589844
103.23594665527344
150.70704650878906
65.2446517944336
101.52195739746094
11.296642303466797
153.86744689941406
105.90926361083984
110.43742370605469
94.6863021850586
97.04444122314453
104.86200714111328
99.6692123413086
91.06843566894531
101.90038299560547
77.58458709716797
150.88308715820312
112.73043823242188
144.46176147460938
108.76337432861328
141.9816436767578
154.94821166992188
104.89404296875
146.15626525878906
137.38900756835938
104.26161193847656
95.52456665039062
8.117013931274414
153.33160400390625
93.1456527709961
112.19603729248047
107.61537170410156
162.0282745361328
115.1613998413086
98.50485229492188
138.66331481933594
102.65565490722656
148.40167236328125
145.4170684814453
110.21871185302734
161.65383911132812
5.069746017456055
97.478515625
99.26176452636719
102.3728256225586
95.172607421875
81.43566131591797
114.11480712890625
157.738037109375
147.53387451171875
118.25225067138672
102.7109375
11.814050674438477
103.20794677734375
121.21940612792969
110.58988189697266
92.59037780761719
104.26049041748047
93.07887268066406
145.27621459960938
94.35018157958984
95.25080108642578
89.50306701660156
104.32037353515625
90.04265594482422
92.02851867675781
94.25074005126953
106.94548034667969
8.920732498168945
73.38969421386719
87.71746826171875
111.3262939453125
80.12409973144531
94.31088256835938
150.54689025878906
82.90448760986328
96.15302276611328
88.88042449951172
105.50253295898438
144.9466094970703
105.12330627441406
81.48693084716797
137.01559448242188
104.82157135009766
104.12612915039062
89.5069580078125
99.46080017089844
103.55526733398438
132.7034149169922
139.16151428222656
94.61813354492188
97.06491088867188
104.17102813720703
140.901123046875
153.22621154785156
137.9322052001953
120.38382720947266
76.91046142578125
150.8485870361328
92.5257339477539
60.954795837402344
101.1543197631836
82.40827941894531
110.5607681274414
132.80337524414062
134.00949096679688
87.77824401855469
116.00635528564453
97.45626831054688
136.49420166015625
95.60259246826172
86.22814178466797
88.60731506347656
92.2721176147461
76.84479522705078
114.72280883789062
99.168212890625
103.46578216552734
96.03904724121094
145.8875732421875
91.6699447631836
130.7957763671875
108.32067108154297
102.35417938232422
118.94804382324219
145.98245239257812
92.34062194824219
127.58241271972656
142.15902709960938
104.5855941772461
99.60812377929688
93.84681701660156
101.92947387695312
146.23220825195312
7.728549957275391
91.93402099609375
86.69465637207031
131.3179931640625
153.5263214111328
130.26451110839844
106.0317153930664
143.10943603515625
112.5357666015625
154.48779296875
149.4926300048828
148.04273986816406
96.67558288574219
92.6654281616211
151.76815795898438
136.08860778808594
111.4332504272461
158.734375
149.7324981689453
104.43727111816406
141.57383728027344
139.86862182617188
138.97451782226562
147.4812469482422
145.77761840820312
151.70318603515625
143.0211639404297
94.69615173339844
106.67675018310547
86.01016235351562
119.35894775390625
99.49170684814453
109.54098510742188
111.01893615722656
81.11692810058594
100.51280212402344
107.47855377197266
137.80201721191406
147.74571228027344
147.4705352783203
146.40196228027344
80.010986328125
145.20208740234375
89.74385070800781
60.7056884765625
6.001700401306152
153.74658203125
100.03864288330078
89.6455307006836
139.56173706054688
12.018421173095703
139.1636199951172
69.03761291503906
6.559380531311035
110.79986572265625
149.9520263671875
151.58615112304688
143.6534881591797
91.66732025146484
111.19091033935547
88.75057220458984
77.57038116455078
100.41510772705078
111.28620910644531
152.2660369873047
135.41607666015625
137.91513061523438
142.4212188720703
141.34642028808594
89.1283950805664
99.1818618774414
105.4308853149414
111.95805358886719
147.061279296875
148.22714233398438
128.67640686035156
150.7448272705078
147.03028869628906
151.55111694335938
147.5195770263672
111.88365936279297
105.37342834472656
152.95291137695312
143.80714416503906
146.0185089111328
153.48861694335938
123.135498046875
100.71601104736328
148.526611328125
86.05448913574219
151.282958984375
153.95591735839844
99.46945190429688
7.059234619140625
102.4261474609375
95.54444122314453
101.0130615234375
112.42742156982422
81.68746948242188
142.69216918945312
111.0981216430664
152.50660705566406
151.06793212890625
101.34226989746094
110.13693237304688
107.05535125732422
116.20513916015625
87.02132415771484
137.9117889404297
97.52350616455078
148.94932556152344
100.12108612060547
164.0650634765625
86.44532775878906
82.45518493652344
117.77584838867188
98.88072204589844
141.20620727539062
156.06236267089844
146.02391052246094
114.9183349609375
148.03781127929688
108.12714385986328
148.3275146484375
140.9252471923828
140.00189208984375
140.42811584472656
145.30465698242188
155.068359375
92.44908142089844
120.75891876220703
147.25027465820312
149.6024627685547
144.08145141601562
101.76303100585938
152.28970336914062
144.89688110351562
110.43730163574219
108.34223937988281
149.79127502441406
141.40234375
143.6033172607422
142.56175231933594
148.22926330566406
137.50161743164062
144.75955200195312
159.4343719482422
144.40362548828125
103.64407348632812
111.20919799804688
133.99185180664062
88.65319061279297
100.80585479736328
107.45270538330078
108.54742431640625
104.50582122802734
115.34132385253906
94.65190124511719
146.943359375
114.42921447753906
101.52131652832031
138.73582458496094
71.73406219482422
94.77598571777344
151.57762145996094
130.10702514648438
161.91802978515625
114.00108337402344
136.76126098632812
150.07086181640625
107.06621551513672
120.85189819335938
115.3724594116211
148.21144104003906
90.48161315917969
137.48974609375
141.33599853515625
154.62542724609375
125.32185363769531
121.03567504882812
132.70504760742188
100.88741302490234
157.1341094970703
156.28651428222656
146.8843231201172
134.50039672851562
147.6338348388672
134.244384765625
143.5750732421875
155.5492706298828
152.3831024169922
142.4160614013672
90.65316009521484
156.5067596435547
103.55526733398438
148.41490173339844
159.02159118652344
125.36622619628906
147.4444580078125
151.545166015625
142.1005401611328
96.80607604980469
160.33419799804688
140.14901733398438
109.70348358154297
134.2301025390625
96.97679138183594
156.1351776123047
152.79806518554688
138.9106903076172
139.91778564453125
136.58950805664062
110.99205017089844
142.8189697265625
142.20652770996094
146.16629028320312
152.5697021484375
100.1715316772461
150.04173278808594
86.59012603759766
115.30654907226562
141.76181030273438
155.97349548339844
150.29734802246094
120.30219268798828
143.0888671875
96.36973571777344
144.66526794433594
162.14230346679688
136.65097045898438
142.49169921875
97.36693572998047
139.04794311523438
158.56983947753906
148.07688903808594
106.76419067382812
147.53135681152344
155.60670471191406
134.53811645507812
147.18055725097656
84.92664337158203
158.15943908691406
153.1865692138672
98.66728210449219
148.35565185546875
80.25287628173828
148.00665283203125
154.3896026611328
145.3808135986328
103.7757339477539
154.88650512695312
111.0811538696289
157.20233154296875
138.4984893798828
151.5829315185547
130.58462524414062
136.10012817382812
101.10890197753906
120.43354034423828
146.4696502685547
103.66452026367188
139.6684112548828
156.7936248779297
123.75059509277344
153.087646484375
147.70849609375
148.75738525390625
153.10382080078125
147.41006469726562
149.1811981201172
160.44284057617188
139.96131896972656
162.24916076660156
150.18739318847656
140.22018432617188
135.17608642578125
121.41575622558594
155.05450439453125
150.96011352539062
160.98348999023438
160.01712036132812
148.3382110595703
162.0436553955078
115.95897674560547
122.8993911743164
144.44241333007812
139.88156127929688
119.57710266113281
152.9734649658203
129.90457153320312
148.75099182128906
93.21336364746094
150.96762084960938
164.27906799316406
147.01954650878906
152.34458923339844
140.97296142578125
149.20416259765625
138.99969482421875
148.58724975585938
150.15602111816406
111.62896728515625
141.03189086914062
167.38882446289062
115.05306243896484
109.77777099609375
154.78114318847656
156.38003540039062
104.76476287841797
141.70855712890625
111.65406799316406
120.41748809814453
45.38799285888672
150.6277313232422
155.7013397216797
150.4818115234375
144.1656036376953
101.96144104003906
149.4002227783203
139.28338623046875
161.0939483642578
133.85321044921875
111.24301147460938
149.95767211914062
132.569580078125
136.65611267089844
148.72645568847656
149.18397521972656
147.7149658203125
144.7228546142578
105.47610473632812
131.7515411376953
153.06692504882812
105.00347137451172
115.2798080444336
8.779095649719238
142.072021484375
36.20117950439453
152.4129180908203
146.47007751464844
161.9011993408203
112.47004699707031
125.81513977050781
150.6753387451172
25.755905151367188
148.1360321044922
113.48682403564453
113.74199676513672
159.69496154785156
147.927734375
143.7904052734375
151.8441162109375
151.2765350341797
133.51039123535156
139.8566436767578
123.69953918457031
136.20635986328125
116.21727752685547
155.23751831054688
158.7967071533203
43.44186019897461
152.22088623046875
148.3758087158203
79.68209838867188
127.84823608398438
5.127574920654297
116.88228607177734
91.23958587646484
113.67501068115234
85.6278305053711
141.13905334472656
162.14654541015625
147.54632568359375
109.01302337646484
151.97116088867188
150.6532440185547
142.3089599609375
138.8247833251953
127.19792175292969
105.6997299194336
152.35507202148438
101.36628723144531
149.45826721191406
154.06289672851562
124.31582641601562
138.9353485107422
137.10870361328125
145.06947326660156
160.57542419433594
120.3858413696289
150.6013641357422
146.08767700195312
157.13900756835938
155.14271545410156
133.0527801513672
111.21321105957031
136.85635375976562
144.06724548339844
160.3211669921875
157.60784912109375
144.2251434326172
143.9150848388672
134.72119140625
167.2312774658203
146.72482299804688
142.6909942626953
136.02621459960938
113.85480499267578
151.84043884277344
150.98873901367188
131.49859619140625
164.93788146972656
114.57898712158203
149.10877990722656
125.02224731445312
146.4775848388672
161.604248046875
88.08930969238281
100.33438110351562
94.67491149902344
139.94334411621094
145.672607421875
7.819596290588379
112.27722930908203
151.32643127441406
116.83174133300781
158.58580017089844
151.66766357421875
158.21913146972656
117.33466339111328
159.03436279296875
158.5810546875
103.7136459350586
151.18594360351562
65.78057098388672
153.85189819335938
136.53240966796875
139.46527099609375
158.73655700683594
161.8570556640625
150.19461059570312
160.04290771484375
127.02742767333984
101.37828826904297
155.5455780029297
144.38888549804688
155.2637176513672
155.43215942382812
163.7171630859375
147.6663360595703
125.06690216064453
155.98072814941406
154.91656494140625
150.44461059570312
160.1903076171875
157.15939331054688
147.8162078857422
87.72209167480469
166.71603393554688
124.93753051757812
126.30763244628906
122.62604522705078
151.67010498046875
100.57453918457031
153.18516540527344
137.96923828125
151.71534729003906
143.0620574951172
153.1977996826172
142.06350708007812
122.60062408447266
116.71144104003906
151.9380645751953
144.85276794433594
104.69886016845703
147.56295776367188
118.03302764892578
162.77674865722656
147.6492462158203
145.7062530517578
139.7206268310547
151.6527099609375
155.75106811523438
125.67941284179688
156.15838623046875
144.95672607421875
151.7144775390625
148.58795166015625
97.20342254638672
151.75926208496094
153.77728271484375
94.24461364746094
162.8435516357422
145.15847778320312
108.38699340820312
139.54244995117188
152.96702575683594
155.17771911621094
145.923095703125
147.57623291015625
143.92544555664062
148.61785888671875
141.92501831054688
142.21885681152344
150.5065155029297
166.8861846923828
118.34937286376953
160.7773895263672
113.79910278320312
150.73171997070312
168.06915283203125
102.28884887695312
123.58876037597656
150.166259765625
143.73382568359375
166.53411865234375
141.7960205078125
151.82540893554688
115.0903549194336
93.28656005859375
113.98857879638672
121.79610443115234
123.8365478515625
103.86608123779297
92.12456512451172
104.6767807006836
139.98953247070312
99.25199890136719
142.81973266601562
159.2220916748047
150.8508758544922
142.09463500976562
148.89898681640625
161.89453125
138.45030212402344
129.33590698242188
163.36053466796875
144.55889892578125
158.6306610107422
118.47801208496094
103.03670501708984
130.97262573242188
152.2360076904297
162.01004028320312
157.2653350830078
92.94161224365234
153.7589111328125
151.1587371826172
152.01809692382812
157.9888916015625
151.74346923828125
162.88912963867188
94.5329818725586
157.59413146972656
118.33199310302734
140.68333435058594
160.3360137939453
148.01541137695312
160.36798095703125
135.87661743164062
150.61778259277344
151.7133026123047
162.1513671875
155.77059936523438
155.21958923339844
155.57763671875
140.3079071044922
108.14900970458984
154.18226623535156
142.7694549560547
140.10865783691406
153.38462829589844
131.08938598632812
157.76388549804688
139.19271850585938
146.21853637695312
101.26074981689453
144.7546844482422
103.25826263427734
117.55874633789062
161.68980407714844
112.65851593017578
89.57379913330078
140.74948120117188
102.75405883789062
148.26116943359375
144.37109375
98.62834930419922
158.5559844970703
131.39053344726562
146.49105834960938
118.49706268310547
159.52659606933594
140.7291259765625
143.86062622070312
153.0302734375
150.59739685058594
164.8054962158203
128.53628540039062
145.1367645263672
120.21802520751953
115.26974487304688
142.9556121826172
148.24224853515625
162.0900421142578
108.01182556152344
162.4779052734375
144.58126831054688
150.2973175048828
154.4514617919922
160.4868927001953
154.6609344482422
105.30708312988281
107.276123046875
119.6087417602539
154.75375366210938
107.86223602294922
114.53336334228516
150.71969604492188
147.02444458007812
146.89056396484375
118.43840789794922
149.26821899414062
150.36537170410156
147.75958251953125
150.93809509277344
147.8385772705078
148.09710693359375
154.45974731445312
148.07711791992188
149.07066345214844
116.12689971923828
105.44180297851562
162.4158172607422
153.12350463867188
91.40233612060547
122.29985809326172
154.50498962402344
152.12564086914062
151.36395263671875
163.23838806152344
152.34298706054688
159.15402221679688
113.88097381591797
158.6511993408203
119.68849182128906
144.7334747314453
156.57525634765625
157.66896057128906
154.3723602294922
125.25601196289062
120.57869720458984
159.06015014648438
158.6499481201172
125.05288696289062
164.3654327392578
114.69471740722656
145.41452026367188
159.11038208007812
157.34097290039062
122.7928466796875
157.7032470703125
151.823974609375
156.93995666503906
142.1856689453125
156.57955932617188
107.815185546875
119.1015625
165.21612548828125
159.26121520996094
106.79552459716797
92.68594360351562
150.7925567626953
147.6587371826172
97.48284149169922
126.43974304199219
7.465075492858887
148.92897033691406
164.2594757080078
119.74122619628906
156.9047088623047
123.48014831542969
157.42562866210938
129.94485473632812
97.73564147949219
166.39854431152344
115.900146484375
167.90489196777344
140.88746643066406
153.5203094482422
7.998540878295898
162.6653594970703
106.42857360839844
154.7744140625
96.8159408569336
100.18158721923828
163.0236053466797
160.8699188232422
155.54981994628906
147.7670135498047
83.18639373779297
117.9465560913086
144.59591674804688
13.062583923339844
146.6643829345703
139.42764282226562
125.20799255371094
9.163296699523926
119.79214477539062
146.42881774902344
152.9757843017578
166.21510314941406
160.13168334960938
152.75364685058594
151.0244903564453
106.6557846069336
172.80885314941406
153.48617553710938
163.27447509765625
161.13308715820312
152.11988830566406
118.91340637207031
157.95037841796875
114.99778747558594
149.3216094970703
148.6477813720703
158.73365783691406
122.50410461425781
158.54693603515625
146.1117401123047
166.75840759277344
119.50850677490234
162.46221923828125
151.61578369140625
162.7218017578125
139.31788635253906
171.97885131835938
113.78766632080078
152.32589721679688
123.50596618652344
173.07113647460938
112.28804016113281
172.7264404296875
149.262939453125
109.27627563476562
159.46133422851562
160.16293334960938
152.6878662109375
154.58648681640625
153.89373779296875
160.75645446777344
148.88906860351562
115.11186218261719
105.46105194091797
158.37510681152344
151.64337158203125
160.02816772460938
158.9136962890625
143.83363342285156
159.71231079101562
139.5199737548828
145.54673767089844
152.05592346191406
124.01844787597656
121.41514587402344
157.51956176757812
142.57643127441406
127.57632446289062
150.9543914794922
148.9842529296875
108.16888427734375
158.09439086914062
149.96995544433594
151.72543334960938
124.15507507324219
158.7504425048828
151.65402221679688
157.81861877441406
155.80471801757812
157.56903076171875
157.61111450195312
144.32699584960938
146.2649688720703
158.6104278564453
146.3573760986328
97.25115966796875
154.82716369628906
159.7633514404297
166.14820861816406
152.52626037597656
6.221569061279297
111.99882507324219
112.11386108398438
123.72955322265625
112.37749481201172
115.28343200683594
147.75448608398438
116.53973388671875
146.43824768066406
154.52516174316406
149.15924072265625
138.81524658203125
155.41952514648438
158.94113159179688
104.47852325439453
134.64999389648438
158.02899169921875
144.8995361328125
147.1180877685547
151.53553771972656
86.16830444335938
115.65386199951172
119.13180541992188
143.20513916015625
171.5743865966797
8.140569686889648
149.2670440673828
162.57655334472656
143.37339782714844
160.04661560058594
5.0295305252075195
143.83995056152344
138.3652801513672
137.99429321289062
148.5734100341797
144.2677001953125
154.9530487060547
129.79293823242188
152.45590209960938
147.8189697265625
148.08114624023438
130.920166015625
124.97456359863281
133.70223999023438
154.87181091308594
99.5600357055664
138.42840576171875
160.8769073486328
5.953664779663086
143.64569091796875
158.64918518066406
9.53659439086914
140.8074951171875
159.37380981445312
163.7555389404297
7.776956558227539
154.1963653564453
148.7704315185547
162.4770965576172
163.53421020507812
134.36183166503906
159.9884490966797
120.53190612792969
161.34423828125
147.20166015625
89.18920135498047
118.0334701538086
153.9138946533203
159.02508544921875
158.4237060546875
150.72781372070312
159.19683837890625
121.76487731933594
157.012451171875
172.294189453125
106.61133575439453
139.62161254882812
117.73020935058594
156.7005615234375
148.533935546875
120.81073760986328
108.70999908447266
153.81202697753906
159.15548706054688
113.80990600585938
160.12498474121094
158.35940551757812
155.2544403076172
115.54521942138672
148.15005493164062
115.28106689453125
164.5325927734375
156.0506591796875
161.93820190429688
146.1393280029297
159.87893676757812
149.8521728515625
171.87277221679688
170.66050720214844
161.9827423095703
163.8497772216797
158.48907470703125
121.13684844970703
159.5889129638672
139.89588928222656
106.86531066894531
122.09329986572266
152.3554229736328
150.674560546875
162.66224670410156
164.3679962158203
157.1243438720703
138.79537963867188
155.59019470214844
157.1125946044922
143.44857788085938
113.49102020263672
151.35595703125
152.19061279296875
111.45194244384766
146.3024444580078
126.6968994140625
116.80774688720703
155.59017944335938
131.99436950683594
155.72117614746094
133.9636993408203
7.895319938659668
140.64080810546875
146.4962921142578
138.75299072265625
149.3997802734375
150.02688598632812
144.6925048828125
114.81388092041016
154.0288543701172
162.75897216796875
157.93499755859375
159.945068359375
8.60690975189209
118.9495849609375
157.69895935058594
123.50947570800781
158.56329345703125
147.29885864257812
140.23898315429688
157.17251586914062
147.97119140625
163.07008361816406
155.6392059326172
108.38301086425781
144.83831787109375
107.80224609375
152.94956970214844
164.2393035888672
142.7987823486328
151.40481567382812
121.8913345336914
148.00877380371094
15.26541519165039
147.5726318359375
152.2756805419922
107.93395233154297
112.02587890625
150.51658630371094
6.637314796447754
118.00557708740234
113.02133178710938
123.00022888183594
167.93028259277344
159.0421905517578
158.4942169189453
134.6431884765625
110.8834228515625
145.9031219482422
146.50732421875
132.3497314453125
157.1870880126953
152.7491912841797
144.3143768310547
160.20355224609375
156.56243896484375
6.371511459350586
152.24246215820312
8.376880645751953
152.14492797851562
157.60960388183594
142.07955932617188
151.6448516845703
150.5037384033203
152.1375732421875
158.91148376464844
98.10044860839844
143.1707000732422
109.73979187011719
114.71504974365234
115.00769805908203
135.2022247314453
153.34864807128906
154.5948028564453
143.08493041992188
147.0296630859375
144.69512939453125
153.15328979492188
157.57632446289062
154.7488250732422
114.44750213623047
153.179443359375
144.67205810546875
110.1088638305664
147.97593688964844
124.0105209350586
109.09549713134766
9.314201354980469
141.9385528564453
139.5382080078125
159.82516479492188
153.54273986816406
133.36138916015625
136.52850341796875
155.15773010253906
112.7439193725586
154.00320434570312
139.12966918945312
6.560951232910156
164.12246704101562
154.02915954589844
155.33645629882812
106.84983825683594
158.84413146972656
8.163154602050781
115.82005310058594
114.1272201538086
114.8737564086914
161.8184814453125
153.56466674804688
8.653633117675781
161.072265625
166.62876892089844
163.04611206054688
144.7071990966797
8.15163516998291
138.9508056640625
140.75027465820312
142.19821166992188
169.0636444091797
123.84100341796875
151.0022430419922
133.5883026123047
169.93910217285156
165.7650146484375
9.488299369812012
163.82034301757812
119.65670776367188
114.94398498535156
142.28111267089844
159.6170654296875
116.28372192382812
118.42204284667969
8.92849349975586
8.52480411529541
154.96273803710938
150.74049377441406
155.7350616455078
155.53488159179688
147.3750457763672
158.31204223632812
155.7843017578125
120.73526763916016
151.34222412109375
138.6457977294922
149.9606170654297
147.37722778320312
151.4800567626953
8.425158500671387
165.77622985839844
123.30741882324219
8.819693565368652
105.68019104003906
154.63479614257812
8.468710899353027
143.55950927734375
150.98780822753906
111.57758331298828
153.0361328125
120.15516662597656
146.8279571533203
150.9362335205078
166.5682830810547
172.88853454589844
156.85498046875
121.10076141357422
148.8693084716797
9.376309394836426
120.74357604980469
158.3614501953125
147.39639282226562
163.4770050048828
152.82640075683594
148.12962341308594
154.29930114746094
164.6980438232422
164.2987060546875
159.69920349121094
146.1409454345703
147.33953857421875
163.58053588867188
144.8241424560547
157.73924255371094
136.1868133544922
10.743257522583008
160.55789184570312
146.13841247558594
5.099020957946777
10.819223403930664
150.50164794921875
8.967514991760254
149.6934814453125
148.40032958984375
129.9805450439453
114.81608581542969
147.245849609375
159.97572326660156
122.7662353515625
146.45358276367188
169.39642333984375
163.62147521972656
159.74789428710938
164.26651000976562
168.8775634765625
150.2662811279297
142.9060516357422
164.75392150878906
168.19505310058594
154.7796630859375
156.15167236328125
146.5180206298828
134.81491088867188
150.99203491210938
123.42738342285156
126.83297729492188
143.45726013183594
146.79193115234375
153.4221649169922
148.88961791992188
164.34425354003906
120.57835388183594
157.48094177246094
136.1665802001953
153.52450561523438
154.17677307128906
130.41708374023438
165.5822296142578
142.10830688476562
159.65060424804688
148.138671875
129.934814453125
124.04351806640625
138.9525146484375
151.70046997070312
144.18667602539062
160.61705017089844
151.95419311523438
157.81211853027344
124.09611511230469
163.21817016601562
108.62732696533203
10.800471305847168
152.71466064453125
142.4816131591797
162.1121826171875
173.33187866210938
151.355224609375
155.4294891357422
173.54222106933594
130.194580078125
86.02147674560547
157.1893768310547
169.2463836669922
149.28196716308594
123.50802612304688
173.58120727539062
109.36537170410156
121.1080093383789
148.3995361328125
164.22052001953125
162.40235900878906
165.70358276367188
163.31991577148438
108.005126953125
117.65867614746094
150.597900390625
154.3130340576172
120.51342010498047
174.253662109375
160.46157836914062
153.6305389404297
137.1971435546875
164.87220764160156
162.31642150878906
141.3463592529297
153.48348999023438
157.6605682373047
161.1123504638672
152.03738403320312
120.95938110351562
145.184326171875
164.57620239257812
165.47682189941406
166.2635498046875
150.8620147705078
117.71257781982422
154.30108642578125
161.11993408203125
159.66616821289062
158.48388671875
10.982720375061035
113.6833724975586
128.33151245117188
150.06494140625
166.04859924316406
167.66213989257812
159.5444793701172
154.96279907226562
159.47926330566406
165.40972900390625
152.68792724609375
162.3600311279297
156.0955810546875
158.01535034179688
150.19766235351562
167.3668670654297
102.22962188720703
157.9932403564453
109.9317398071289
142.50640869140625
147.4506378173828
153.3376007080078
115.25335693359375
120.38446044921875
157.683349609375
161.23394775390625
161.01568603515625
149.2913360595703
160.87205505371094
164.94854736328125
158.57577514648438
161.2589111328125
148.6595458984375
166.3759307861328
166.94541931152344
122.99560546875
164.46023559570312
146.8699493408203
166.87741088867188
126.79093933105469
168.3362274169922
124.71473693847656
117.21105194091797
163.83885192871094
143.251953125
155.4210662841797
161.9609832763672
165.31192016601562
119.62836456298828
147.26327514648438
167.4007110595703
141.4724884033203
168.21673583984375
126.96365356445312
155.08164978027344
125.41227722167969
165.31199645996094
173.5850067138672
155.62625122070312
103.66527557373047
122.5171127319336
157.1369171142578
121.32621002197266
158.6947479248047
156.67922973632812
112.33019256591797
154.25840759277344
138.2034454345703
151.62953186035156
125.49990844726562
10.22738265991211
155.7977294921875
166.7471160888672
168.40219116210938
162.61328125
163.2191619873047
165.61282348632812
168.67311096191406
119.89600372314453
157.05886840820312
166.6438751220703
172.2432403564453
130.8787384033203
112.7898941040039
154.83213806152344
158.5858154296875
164.85614013671875
155.77374267578125
166.98715209960938
130.61854553222656
143.0421142578125
157.22760009765625
164.94189453125
167.3265838623047
167.22889709472656
158.27976989746094
8.38766098022461
147.53817749023438
167.64239501953125
165.80921936035156
168.36227416992188
166.02435302734375
110.88235473632812
159.32864379882812
129.32870483398438
164.2863006591797
141.38568115234375
121.3143310546875
151.27317810058594
106.87313842773438
165.02810668945312
104.22782897949219
122.10879516601562
164.2147979736328
167.28451538085938
153.71231079101562
164.90785217285156
158.70147705078125
152.9506378173828
164.14849853515625
103.07669067382812
164.216552734375
142.4512176513672
127.62062072753906
119.45304107666016
83.74946594238281
154.96728515625
164.34234619140625
151.2944793701172
112.11907958984375
129.2919158935547
162.4845428466797
156.56675720214844
170.11056518554688
170.4725341796875
152.26150512695312
7.380716323852539
144.1130828857422
145.86427307128906
150.94898986816406
160.16026306152344
165.87179565429688
168.8178253173828
161.43673706054688
158.0746307373047
166.76463317871094
158.18194580078125
160.327392578125
115.31004333496094
164.8671112060547
154.1021728515625
129.99655151367188
157.83468627929688
167.86587524414062
153.31468200683594
118.18495178222656
146.2992401123047
150.5111083984375
155.7134552001953
158.40664672851562
171.69873046875
152.67002868652344
145.07577514648438
125.60928344726562
130.6177215576172
121.29073333740234
153.0087127685547
152.81910705566406
152.4575958251953
138.17202758789062
122.04618072509766
162.74002075195312
167.1622314453125
139.73675537109375
159.02943420410156
159.54222106933594
155.1092529296875
124.11595153808594
157.5317840576172
141.95172119140625
160.4282989501953
160.2740020751953
161.7261199951172
145.06211853027344
113.78421020507812
125.96556091308594
167.14952087402344
160.05650329589844
113.16822052001953
127.12025451660156
150.2021484375
125.31660461425781
163.66184997558594
167.052490234375
157.2336883544922
161.90721130371094
110.51575469970703
167.39874267578125
126.85073852539062
149.9277801513672
164.34939575195312
150.3450927734375
155.01339721679688
161.78663635253906
158.5159454345703
146.20123291015625
133.2241668701172
165.3399658203125
115.8422622680664
149.56396484375
143.91725158691406
147.9293670654297
158.265380859375
149.73841857910156
161.28248596191406
156.37359619140625
160.20526123046875
152.7919464111328
164.5740203857422
125.181884765625
141.97718811035156
115.55807495117188
149.30088806152344
160.45494079589844
153.1244659423828
159.6202850341797
157.48989868164062
154.0623016357422
157.2001190185547
153.19944763183594
159.5941162109375
166.8776092529297
97.38583374023438
148.7081756591797
132.75717163085938
156.83523559570312
163.3641815185547
148.18765258789062
119.02510833740234
134.58120727539062
151.6935577392578
124.743408203125
150.862548828125
165.9780731201172
154.86428833007812
114.8951644897461
144.7420196533203
122.09049224853516
149.7685546875
166.94869995117188
161.11160278320312
156.97129821777344
161.00035095214844
119.61800384521484
144.45208740234375
159.9459991455078
153.4062957763672
154.46585083007812
152.9291534423828
142.12168884277344
109.77040100097656
161.0184326171875
152.46096801757812
165.75949096679688
111.43285369873047
141.8141326904297
154.23265075683594
158.31134033203125
156.51446533203125
154.1297607421875
112.59829711914062
125.72320556640625
157.13394165039062
141.3917694091797
148.06436157226562
149.6301727294922
135.71261596679688
161.73684692382812
156.8487548828125
153.42868041992188
118.0599136352539
138.41285705566406
170.1621856689453
121.28349304199219
152.9240264892578
117.68321228027344
155.21800231933594
156.9698028564453
141.28981018066406
150.47268676757812
155.6891326904297
126.0087890625
140.3313446044922
142.5084228515625
128.51597595214844
169.07485961914062
117.60594940185547
156.4841766357422
131.7441864013672
168.58905029296875
119.9009780883789
141.6483612060547
160.7252655029297
143.66329956054688
142.6420135498047
141.65469360351562
140.18153381347656
164.9039306640625
163.95835876464844
156.66195678710938
152.30209350585938
169.69534301757812
164.55181884765625
125.14871215820312
8.098470687866211
151.6233367919922
165.6946258544922
150.38824462890625
116.76329040527344
121.01228332519531
158.44583129882812
137.72518920898438
157.4365997314453
163.62109375
159.5550079345703
140.81727600097656
151.88870239257812
114.19853210449219
164.124267578125
42.12458038330078
153.15036010742188
165.22006225585938
156.93289184570312
167.51385498046875
168.29232788085938
121.36618041992188
154.0245361328125
137.75555419921875
161.30723571777344
108.29415130615234
162.53614807128906
137.552734375
115.77617645263672
164.8300323486328
146.3070526123047
114.52159118652344
135.96791076660156
155.18507385253906
154.59339904785156
158.64471435546875
144.19210815429688
161.67852783203125
125.38243103027344
151.7795867919922
156.70361328125
120.2621078491211
151.49432373046875
118.75939178466797
154.39183044433594
146.09536743164062
96.16732025146484
155.9264678955078
161.99473571777344
168.04335021972656
117.78822326660156
168.14584350585938
149.37298583984375
157.24862670898438
165.22415161132812
144.4417724609375
11.924245834350586
148.1672821044922
123.56910705566406
145.75872802734375
151.37547302246094
166.63265991210938
157.08731079101562
150.9054412841797
156.471923828125
163.73597717285156
152.73960876464844
148.86766052246094
162.230224609375
165.3656005859375
152.78170776367188
159.000244140625
152.06163024902344
125.42634582519531
164.97047424316406
168.82057189941406
146.9413604736328
153.3873291015625
160.4669952392578
150.8501739501953
162.08917236328125
116.39625549316406
164.36058044433594
164.02195739746094
154.51333618164062
160.98574829101562
158.53575134277344
108.94696044921875
116.84481811523438
159.03744506835938
160.62442016601562
128.65357971191406
114.88609313964844
146.97943115234375
111.0537338256836
151.8532257080078
150.94674682617188
156.84530639648438
160.70924377441406
155.6417999267578
150.2042236328125
119.48153686523438
164.46656799316406
164.55555725097656
145.92762756347656
160.39207458496094
167.85926818847656
152.1292724609375
144.1453399658203
159.50741577148438
155.98255920410156
169.46484375
162.03285217285156
124.62675476074219
108.16549682617188
166.0811004638672
132.94825744628906
163.65599060058594
164.90626525878906
174.838134765625
152.86769104003906
157.64854431152344
121.49998474121094
89.1201171875
157.3060760498047
164.01589965820312
169.87570190429688
164.3966522216797
138.19332885742188
145.6515350341797
118.19561767578125
151.4659423828125
155.05126953125
169.5503692626953
146.08831787109375
165.2709503173828
159.4429931640625
161.3088836669922
160.454833984375
155.7264404296875
146.90988159179688
153.7120819091797
168.54185485839844
113.21522521972656
166.4098663330078
158.62315368652344
159.21971130371094
164.21368408203125
116.64117431640625
116.00881958007812
168.24818420410156
151.70481872558594
168.1513671875
162.39358520507812
169.38253784179688
161.3248291015625
9.681500434875488
166.1614990234375
166.77830505371094
156.97799682617188
150.99365234375
164.3577423095703
150.545654296875
117.58499908447266
153.8943634033203
154.10427856445312
160.4835662841797
163.39308166503906
167.83103942871094
150.36343383789062
121.36764526367188
133.25006103515625
149.24868774414062
135.60430908203125
145.9116668701172
115.63172149658203
162.9820098876953
166.5529327392578
119.74327087402344
125.76123046875
166.0492401123047
160.92002868652344
154.6577606201172
154.70843505859375
155.11068725585938
162.21351623535156
167.60752868652344
121.08794403076172
118.47383880615234
112.68757629394531
132.7834930419922
128.70623779296875
151.15538024902344
154.16004943847656
151.83889770507812
156.7187042236328
152.9744110107422
173.80072021484375
125.78303527832031
157.52047729492188
159.53135681152344
152.0968017578125
171.8677520751953
152.6251983642578
163.9456329345703
170.90524291992188
161.61268615722656
157.30282592773438
164.31900024414062
108.00130462646484
167.3789520263672
159.53857421875
111.98085021972656
159.46592712402344
157.15382385253906
141.5674591064453
170.59521484375
167.91677856445312
156.6865997314453
162.2253875732422
171.1626434326172
164.3322296142578
132.6365509033203
121.32313537597656
164.7833251953125
113.15300750732422
157.6606903076172
167.97715759277344
151.97457885742188
158.2226104736328
147.0283966064453
139.84378051757812
140.3868865966797
152.4550018310547
163.0248260498047
160.9401092529297
135.58790588378906
159.73919677734375
154.3714599609375
123.69273376464844
165.21449279785156
140.31199645996094
137.74346923828125
122.32025146484375
144.8671112060547
161.0648956298828
154.89059448242188
125.71556091308594
159.07725524902344
168.5232391357422
148.21092224121094
163.8333740234375
135.57492065429688
150.87506103515625
149.73831176757812
147.80355834960938
165.1259307861328
156.54647827148438
157.903076171875
169.47402954101562
161.90550231933594
156.18531799316406
161.65077209472656
160.63304138183594
168.72601318359375
163.96275329589844
162.1236572265625
128.0244140625
163.80941772460938
154.14306640625
162.76986694335938
122.36133575439453
159.14540100097656
111.99421691894531
164.20297241210938
169.02857971191406
124.44996643066406
152.3475341796875
163.78565979003906
173.47288513183594
165.9243927001953
136.38938903808594
159.95901489257812
124.20835876464844
153.64031982421875
158.55775451660156
155.54966735839844
169.74208068847656
169.5847930908203
123.23774719238281
164.32388305664062
153.55702209472656
173.86891174316406
171.10476684570312
163.72610473632812
130.11395263671875
171.10496520996094
167.26071166992188
165.56272888183594
171.51930236816406
167.15098571777344
158.24501037597656
167.7767333984375
168.3138427734375
109.42807006835938
168.32852172851562
163.06951904296875
118.58394622802734
168.91932678222656
175.31239318847656
156.404296875
120.36802673339844
167.24815368652344
174.05862426757812
179.3195037841797
106.14424133300781
156.84303283691406
148.20492553710938
173.2203826904297
164.10755920410156
164.50112915039062
167.77593994140625
118.39521026611328
152.3133544921875
126.72244262695312
167.01902770996094
161.30079650878906
169.14447021484375
162.51463317871094
166.01243591308594
165.23362731933594
160.2855682373047
172.75982666015625
174.68557739257812
153.2010040283203
165.35308837890625
164.53343200683594
166.65914916992188
152.28973388671875
135.4561767578125
162.0727996826172
123.53810119628906
155.07855224609375
159.42686462402344
167.0235137939453
161.5008544921875
123.98005676269531
115.6871566772461
165.73316955566406
171.2186279296875
170.95115661621094
158.87986755371094
143.2196502685547
160.74363708496094
161.32949829101562
169.0437469482422
122.90913391113281
117.08270263671875
163.24098205566406
159.8202362060547
117.93096923828125
153.19590759277344
163.03237915039062
169.3291473388672
161.2390899658203
166.69097900390625
165.09242248535156
165.5538787841797
127.18928527832031
160.49969482421875
171.03619384765625
110.60970306396484
156.37423706054688
162.23558044433594
127.56392669677734
170.75259399414062
168.4923858642578
155.88388061523438
159.8048858642578
173.1168670654297
124.84864807128906
168.34817504882812
160.722900390625
170.45782470703125
150.1639862060547
160.4665985107422
168.7925567626953
164.0996551513672
160.08580017089844
170.9243927001953
170.05262756347656
166.9088592529297
159.74586486816406
130.1421356201172
155.2783660888672
167.9373779296875
169.13760375976562
168.59031677246094
175.11630249023438
166.20965576171875
164.32061767578125
161.87554931640625
156.61361694335938
165.46078491210938
162.0157928466797
163.6889190673828
160.8849334716797
163.30393981933594
164.11570739746094
168.19503784179688
164.46511840820312
153.28628540039062
166.91513061523438
160.1175537109375
150.77467346191406
112.45176696777344
172.572509765625
162.0557403564453
125.44587707519531
155.46749877929688
159.52459716796875
160.27378845214844
164.90545654296875
160.61517333984375
176.4294891357422
162.98033142089844
169.8199005126953
151.31666564941406
160.96630859375
155.7814483642578
168.24681091308594
175.01992797851562
172.2149200439453
171.45106506347656
159.70909118652344
161.54905700683594
162.24159240722656
168.3933563232422
170.0712432861328
171.3035430908203
164.94041442871094
169.5641326904297
131.9202423095703
115.58425903320312
164.0753173828125
163.5777587890625
155.4273223876953
155.75192260742188
151.91775512695312
160.69244384765625
156.08668518066406
164.9417724609375
170.22267150878906
166.23086547851562
160.96018981933594
129.85943603515625
126.96224975585938
157.50909423828125
122.14486694335938
164.8663787841797
166.57965087890625
171.4147186279297
122.16702270507812
170.54083251953125
163.5581817626953
77.03023529052734
176.66561889648438
167.51075744628906
159.70236206054688
166.38352966308594
169.6731414794922
123.64163208007812
175.330810546875
108.9606704711914
166.08851623535156
166.08975219726562
166.6324462890625
119.76414489746094
168.28846740722656
155.7617950439453
155.5670928955078
165.53399658203125
127.26875305175781
157.4429168701172
171.40750122070312
155.53195190429688
170.58609008789062
51.779212951660156
173.45884704589844
118.05741882324219
168.8782958984375
164.21006774902344
123.19416809082031
159.07835388183594
173.88230895996094
157.95791625976562
172.67947387695312
159.9783935546875
97.0728530883789
165.1239471435547
123.53707885742188
124.4716796875
119.91128540039062
170.52908325195312
134.6768798828125
158.04774475097656
166.74746704101562
170.4288787841797
162.60891723632812
122.96791076660156
167.5076141357422
173.33413696289062
169.15985107421875
130.31707763671875
164.99484252929688
156.51797485351562
158.5170135498047
148.11544799804688
163.5869903564453
173.83152770996094
115.29016876220703
104.76624298095703
120.680908203125
168.4747772216797
116.70157623291016
131.17816162109375
118.16009521484375
152.65573120117188
158.95318603515625
167.1073455810547
170.9510498046875
167.01051330566406
165.44468688964844
120.80831909179688
149.48904418945312
125.2413330078125
123.17223358154297
173.11029052734375
130.7086639404297
170.8775177001953
176.11268615722656
144.23397827148438
168.7450408935547
171.72303771972656
166.18023681640625
172.95838928222656
152.71160888671875
170.0251007080078
122.22648620605469
169.0345458984375
167.20352172851562
174.79953002929688
168.9602508544922
162.57456970214844
126.11648559570312
171.04974365234375
179.17091369628906
172.2736053466797
163.1873016357422
158.4423370361328
149.26901245117188
130.61851501464844
164.91366577148438
71.28497314453125
164.8296661376953
95.89171600341797
177.0365753173828
122.8369140625
132.69606018066406
164.1270751953125
161.1824951171875
160.44863891601562
166.8002471923828
106.88333892822266
162.85516357421875
127.01345825195312
162.38429260253906
173.49391174316406
135.6469268798828
118.52680969238281
167.82521057128906
121.34830474853516
170.1707305908203
158.78427124023438
162.60804748535156
176.69688415527344
152.06719970703125
165.84368896484375
155.907470703125
172.14382934570312
171.02183532714844
121.62224578857422
166.73550415039062
171.2533721923828
115.06349182128906
164.9469451904297
120.66776275634766
155.0248565673828
162.41488647460938
168.19992065429688
155.60887145996094
171.23605346679688
176.74986267089844
124.86592102050781
171.57984924316406
167.34629821777344
173.0001983642578
176.31381225585938
165.6430206298828
175.27276611328125
165.79554748535156
164.60491943359375
97.45722961425781
170.98638916015625
162.33908081054688
159.6293487548828
48.41682052612305
161.3101348876953
165.31320190429688
124.87528991699219
123.35458374023438
154.58245849609375
121.87623596191406
167.86465454101562
77.62516784667969
162.991943359375
125.21238708496094
173.85122680664062
155.20260620117188
173.34202575683594
9.707488059997559
116.91891479492188
121.90910339355469
162.87391662597656
160.38104248046875
170.42674255371094
160.25669860839844
128.5963134765625
120.58843994140625
176.67640686035156
125.84507751464844
134.03097534179688
161.7592010498047
169.4889373779297
162.09742736816406
175.97447204589844
154.0794677734375
154.86602783203125
158.91114807128906
172.20486450195312
170.74388122558594
121.56802368164062
113.54791259765625
169.30369567871094
171.41372680664062
125.8752670288086
171.86265563964844
162.58302307128906
147.70655822753906
174.90328979492188
164.01393127441406
164.9449005126953
166.5093994140625
167.34347534179688
129.9812469482422
173.90025329589844
157.22390747070312
162.5017547607422
156.07705688476562
163.513916015625
173.15354919433594
149.0306396484375
161.46636962890625
166.7749481201172
178.04962158203125
175.59718322753906
131.0719757080078
164.376708984375
114.00482177734375
160.63160705566406
128.7191925048828
177.41294860839844
167.52969360351562
149.65151977539062
120.26300811767578
103.16618347167969
71.77355194091797
169.40724182128906
155.91751098632812
147.42601013183594
105.80278778076172
170.5592803955078
174.35098266601562
167.09149169921875
161.54249572753906
168.21249389648438
157.8251190185547
127.55044555664062
111.60733032226562
89.32713317871094
166.8225860595703
131.07012939453125
159.31961059570312
167.29122924804688
174.7889404296875
179.39422607421875
165.97743225097656
125.02723693847656
167.95851135253906
151.41778564453125
123.64547729492188
132.3317413330078
128.70962524414062
127.04598999023438
160.27133178710938
150.556884765625
165.88026428222656
167.29840087890625
151.0732879638672
117.22380065917969
155.8481903076172
69.44156646728516
161.0048065185547
168.0673370361328
150.35284423828125
164.8910675048828
154.93890380859375
95.75675201416016
121.9962158203125
179.9864044189453
165.17831420898438
98.2154541015625
123.54916381835938
113.27540588378906
173.5030975341797
175.8032684326172
112.57113647460938
171.03988647460938
169.84286499023438
134.17974853515625
161.07467651367188
167.74771118164062
166.36605834960938
174.97447204589844
120.09825897216797
166.37301635742188
121.51366424560547
159.14337158203125
161.5588836669922
159.46075439453125
94.98667907714844
164.80081176757812
147.61268615722656
128.0859375
163.37095642089844
163.57254028320312
158.25479125976562
165.51443481445312
168.15615844726562
157.85293579101562
172.5729217529297
155.04360961914062
123.9744873046875
152.83531188964844
165.88339233398438
163.96900939941406
167.43382263183594
166.81822204589844
93.3841323852539
170.7071075439453
176.56674194335938
164.4118194580078
162.83908081054688
158.41018676757812
124.81744384765625
148.50094604492188
168.6928253173828
166.38735961914062
66.45386505126953
156.9203338623047
170.5263214111328
124.47152709960938
147.9951629638672
173.96742248535156
75.00971221923828
73.286865234375
160.2427520751953
153.25112915039062
157.83360290527344
162.97821044921875
71.53804016113281
115.1971664428711
115.8853988647461
105.56603240966797
164.4976348876953
171.11346435546875
108.24420928955078
144.22402954101562
120.5105209350586
164.97238159179688
121.02711486816406
156.20359802246094
150.73646545410156
124.40521240234375
162.05496215820312
171.95420837402344
42.63031768798828
156.84866333007812
109.57676696777344
153.87979125976562
157.67276000976562
171.0975341796875
162.7626190185547
120.09346771240234
146.43429565429688
160.47518920898438
48.191097259521484
153.5638427734375
109.2159423828125
68.61141204833984
77.01736450195312
116.93230438232422
102.5113754272461
157.84544372558594
108.00035858154297
31.55518341064453
120.72032165527344
123.380126953125
113.15898895263672
117.96366882324219
49.884029388427734
113.7165756225586
162.25721740722656
169.00579833984375
62.96650695800781
119.34913635253906
159.46124267578125
115.45368957519531
162.33824157714844
119.7505874633789
167.45172119140625
164.8248291015625
116.11721801757812
125.78179168701172
155.60223388671875
161.25596618652344
110.56234741210938
162.7875213623047
159.65176391601562
160.01416015625
125.11779022216797
112.85030364990234
148.18199157714844
116.14601135253906
153.4232177734375
130.57130432128906
162.60784912109375
159.49168395996094
147.7129669189453
85.36495971679688
119.91131591796875
164.396728515625
158.66165161132812
163.04660034179688
69.51171875
164.83094787597656
115.01460266113281
62.54022979736328
117.0599136352539
61.60157775878906
43.1962890625
61.40119934082031
153.89320373535156
122.7542495727539
42.9146728515625
118.566650390625
168.25074768066406
111.42169189453125
172.32577514648438
144.98898315429688
132.25009155273438
157.13417053222656
110.768310546875
118.09809112548828
161.9916534423828
103.93357849121094
109.32695007324219
167.3365478515625
132.4414825439453
166.04591369628906
117.72343444824219
118.38458251953125
113.31513214111328
154.98524475097656
160.70675659179688
164.35763549804688
155.30125427246094
160.34388732910156
160.84182739257812
118.82135009765625
156.18283081054688
160.60916137695312
155.03477478027344
120.49751281738281
169.4084014892578
152.41566467285156
168.0770721435547
148.46060180664062
150.783447265625
150.36378479003906
161.8513946533203
126.96174621582031
165.30368041992188
164.8290252685547
152.2209930419922
101.72499084472656
164.513427734375
104.49996948242188
157.00732421875
164.48196411132812
46.429595947265625
110.37654113769531
142.1001434326172
156.7580108642578
116.17498779296875
157.66049194335938
160.1438446044922
161.8560028076172
115.14189147949219
150.1356201171875
139.40013122558594
129.10122680664062
120.38103485107422
115.60062408447266
123.81643676757812
153.67771911621094
138.07730102539062
100.80780792236328
114.78874969482422
122.84642791748047
140.42510986328125
152.21450805664062
65.81043243408203
63.99058532714844
143.5524444580078
117.75332641601562
119.66182708740234
116.59939575195312
62.694091796875
138.85023498535156
142.4259490966797
146.16944885253906
33.27953338623047
76.55765533447266
152.3540802001953
151.6705780029297
112.08590698242188
137.1522674560547
82.81563568115234
89.80536651611328
113.69295501708984
143.00257873535156
114.98163604736328
151.249267578125
120.08092498779297
105.76713562011719
106.05821990966797
93.15719604492188
99.51145935058594
140.59632873535156
145.006591796875
115.98709106445312
114.4165267944336
139.56040954589844
138.08795166015625
124.92106628417969
137.8142852783203
16.57124137878418
152.57864379882812
101.0571517944336
129.8055877685547
141.3529815673828
147.87779235839844
146.96856689453125
129.09820556640625
139.8231964111328
146.8369140625
140.56710815429688
138.5100860595703
153.74620056152344
143.36627197265625
132.61866760253906
159.48594665527344
142.42417907714844
144.03311157226562
154.22607421875
156.94677734375
55.94045639038086
102.84346771240234
65.31732177734375
12.222539901733398
149.9157257080078
142.15875244140625
158.12008666992188
123.36502075195312
135.67568969726562
42.29044723510742
147.8390350341797
101.30746459960938
151.60421752929688
163.5605010986328
108.49079895019531
144.0460662841797
151.86358642578125
134.1697998046875
104.92044830322266
151.41973876953125
145.1514129638672
154.1722412109375
149.98919677734375
152.77005004882812
161.6974639892578
61.826637268066406
97.08281707763672
73.03688049316406
149.49765014648438
120.2952651977539
115.6039810180664
147.66082763671875
148.18653869628906
136.22940063476562
144.0512237548828
141.1691131591797
141.0174102783203
109.32101440429688
152.3377227783203
157.81832885742188
127.88206481933594
126.85310363769531
143.06390380859375
142.41378784179688
151.4395751953125
141.4536590576172
138.94020080566406
156.28268432617188
147.68995666503906
113.50438690185547
147.94802856445312
58.1849250793457
144.31170654296875
133.78958129882812
51.43675231933594
96.88218688964844
121.68421173095703
117.37042999267578
106.3449478149414
129.41049194335938
145.86219787597656
135.28567504882812
136.34695434570312
86.47926330566406
149.81893920898438
139.9060821533203
127.14612579345703
138.88121032714844
101.2317123413086
91.62902069091797
115.50396728515625
144.8672637939453
151.77964782714844
132.97323608398438
134.93011474609375
156.47463989257812
81.27396392822266
145.71298217773438
155.33984375
134.15394592285156
105.67037963867188
142.5003662109375
98.15615844726562
74.13390350341797
143.7243194580078
124.58517456054688
151.5315399169922
123.10334014892578
139.01402282714844
149.7101593017578
144.21133422851562
140.35195922851562
147.19996643066406
137.72598266601562
114.70295715332031
136.48513793945312
105.0945816040039
126.39049530029297
102.0933837890625
139.8527374267578
148.0701904296875
108.7081298828125
124.90412902832031
98.87132263183594
148.1566619873047
147.19412231445312
106.97981262207031
139.6462860107422
59.169189453125
43.520973205566406
110.20684814453125
148.35516357421875
99.20489501953125
149.621826171875
141.95980834960938
150.89532470703125
169.0982666015625
142.7679901123047
140.70240783691406
148.28433227539062
158.7716827392578
140.06924438476562
136.42474365234375
150.39540100097656
149.98670959472656
148.44593811035156
119.22984313964844
149.909423828125
107.78022003173828
108.63565826416016
16.326923370361328
156.39491271972656
132.70538330078125
140.89158630371094
135.0229949951172
150.3690643310547
77.85078430175781
152.55352783203125
85.79583740234375
101.8792495727539
123.25401306152344
147.127685546875
145.65301513671875
146.9568328857422
158.25656127929688
115.23065948486328
85.13217163085938
111.24529266357422
150.91506958007812
114.36499786376953
119.1903305053711
112.46669006347656
139.8233184814453
135.8380126953125
150.56857299804688
147.18716430664062
125.14783477783203
155.83087158203125
135.7976837158203
157.44476318359375
133.44329833984375
140.6241455078125
158.55821228027344
109.1252670288086
155.7744598388672
155.37533569335938
149.02224731445312
158.63526916503906
146.80421447753906
146.9484405517578
140.0284423828125
111.3946762084961
146.72097778320312
121.19615936279297
161.04208374023438
164.8291473388672
151.40927124023438
111.87820434570312
161.60897827148438
168.0026397705078
152.4673309326172
110.04422760009766
160.12318420410156
157.7030487060547
128.16262817382812
105.85157012939453
65.08014678955078
124.13424682617188
139.3617706298828
116.54364013671875
151.78208923339844
101.65254974365234
111.6930923461914
143.8258819580078
103.7507095336914
158.8587188720703
151.00375366210938
141.68759155273438
156.5277099609375
155.4324951171875
160.4635772705078
112.50999450683594
117.96894836425781
158.97044372558594
153.90509033203125
141.25723266601562
156.97225952148438
154.3140106201172
117.69879150390625
118.08302307128906
145.27601623535156
132.4825897216797
140.75650024414062
110.6577377319336
112.5809326171875
46.20077896118164
56.20892333984375
156.97320556640625
161.3253936767578
108.21497344970703
158.69154357910156
127.20975494384766
93.54691314697266
145.67144775390625
169.1746826171875
136.6624755859375
126.37796020507812
124.65788269042969
152.77255249023438
161.66851806640625
144.67559814453125
155.62472534179688
62.874664306640625
158.75674438476562
153.05384826660156
13.985681533813477
103.13131713867188
134.68060302734375
156.4793243408203
154.01356506347656
166.0033721923828
152.0067596435547
91.60596466064453
110.48876190185547
121.97382354736328
166.5407257080078
153.5048065185547
151.5560302734375
126.09016418457031
155.53378295898438
152.1847686767578
108.37352752685547
150.86834716796875
157.91134643554688
129.15557861328125
140.96603393554688
149.9069061279297
160.87960815429688
143.33985900878906
112.99211883544922
159.914306640625
160.9014434814453
118.73828125
104.22962188720703
134.67835998535156
109.84065246582031
146.2954864501953
79.922607421875
155.76995849609375
128.50982666015625
116.38921356201172
159.75917053222656
154.45135498046875
99.17491912841797
157.14430236816406
156.83326721191406
124.6909408569336
149.18043518066406
154.39634704589844
165.5420379638672
79.00760650634766
157.40243530273438
149.64401245117188
152.39865112304688
153.27847290039062
83.78485107421875
133.205078125
156.48751831054688
99.53559112548828
144.99037170410156
53.31140899658203
146.507080078125
148.14894104003906
141.88560485839844
153.47120666503906
161.74269104003906
165.20172119140625
155.25537109375
164.15953063964844
171.3145751953125
112.01994323730469
73.71451568603516
166.38082885742188
172.33792114257812
159.84793090820312
155.7384033203125
166.37527465820312
139.62997436523438
122.17137908935547
156.46864318847656
143.4772491455078
155.50054931640625
148.660888671875
81.43852233886719
86.93180847167969
165.6610107421875
135.8752899169922
157.94631958007812
127.71292114257812
166.27056884765625
142.28997802734375
111.83572387695312
140.1018829345703
153.3186798095703
156.0587615966797
135.4078826904297
156.7073974609375
133.4227294921875
163.91192626953125
159.80828857421875
156.16287231445312
161.3191680908203
157.85397338867188
158.5478057861328
108.64949035644531
165.39657592773438
160.2420196533203
140.0167694091797
163.9295654296875
117.03965759277344
170.63665771484375
141.05189514160156
159.17703247070312
167.19393920898438
160.239013671875
101.8279037475586
153.20213317871094
100.54488372802734
157.74505615234375
103.21526336669922
156.50399780273438
152.79183959960938
150.6496124267578
150.3815155029297
156.94879150390625
160.08453369140625
123.49267578125
157.16152954101562
158.14129638671875
162.0830535888672
168.06600952148438
163.06573486328125
157.7153778076172
161.94638061523438
163.41033935546875
158.1511688232422
162.96884155273438
159.7971649169922
166.38510131835938
155.16275024414062
162.19851684570312
165.39578247070312
171.1710968017578
158.91444396972656
153.53863525390625
117.09895324707031
171.76022338867188
133.41378784179688
151.97833251953125
162.55105590820312
161.13583374023438
163.3946075439453
147.97708129882812
158.11807250976562
155.50880432128906
156.09451293945312
159.85374450683594
159.54156494140625
166.51014709472656
164.32858276367188
112.4496078491211
171.25643920898438
158.6715087890625
158.24899291992188
163.51795959472656
143.30348205566406
165.4916229248047
153.41989135742188
162.64398193359375
163.59095764160156
150.5262908935547
155.02256774902344
159.9046173095703
124.22021484375
113.38370513916016
150.7893829345703
108.65586853027344
165.3382110595703
167.46868896484375
146.47711181640625
168.71119689941406
160.54771423339844
119.34527587890625
171.42539978027344
159.8050994873047
165.3710479736328
142.75875854492188
152.49229431152344
146.02626037597656
150.4752960205078
155.04698181152344
105.81116485595703
156.36648559570312
147.57598876953125
171.3345184326172
156.38140869140625
162.52175903320312
162.2646484375
163.5563507080078
176.2160186767578
162.47474670410156
167.8587188720703
119.25088500976562
104.91580200195312
157.6541290283203
83.69123840332031
110.6782455444336
8.499639511108398
157.38931274414062
164.73655700683594
148.4417266845703
167.28768920898438
161.2056121826172
62.86698913574219
166.84800720214844
157.43748474121094
115.10411071777344
157.84506225585938
107.08629608154297
168.8136749267578
165.1340789794922
153.04360961914062
158.2169647216797
164.72190856933594
175.7816925048828
161.4015655517578
164.97613525390625
145.48426818847656
165.20748901367188
162.6363983154297
157.19186401367188
157.39419555664062
149.97557067871094
111.86691284179688
154.32118225097656
124.71260070800781
168.51412963867188
144.63705444335938
166.7496795654297
113.07096099853516
154.5966339111328
125.30168151855469
8.910883903503418
8.714359283447266
62.610931396484375
153.50392150878906
171.30274963378906
164.77200317382812
119.83007049560547
102.34667205810547
156.1624298095703
149.61053466796875
119.7747573852539
76.23291015625
116.7583999633789
155.98744201660156
88.55046844482422
76.09622955322266
91.61267852783203
159.29196166992188
71.67833709716797
95.25670623779297
156.12289428710938
167.25965881347656
148.2723846435547
171.511474609375
166.201416015625
158.55555725097656
118.86888122558594
152.62496948242188
161.19808959960938
159.69061279296875
155.1085662841797
158.16195678710938
121.67306518554688
168.65615844726562
162.70013427734375
153.8188018798828
146.6506805419922
158.3494415283203
170.10064697265625
163.70603942871094
159.2012481689453
157.64907836914062
165.34622192382812
129.92401123046875
155.86009216308594
153.54150390625
156.28359985351562
159.48487854003906
112.71179962158203
99.27616119384766
103.09483337402344
169.6572265625
154.11448669433594
101.16710662841797
123.74090576171875
170.20645141601562
168.03924560546875
170.56077575683594
100.56613159179688
173.7135009765625
164.2729949951172
152.59564208984375
157.9008331298828
174.23622131347656
157.54078674316406
166.96678161621094
119.97999572753906
119.85174560546875
168.3119659423828
153.45521545410156
152.18435668945312
51.33195495605469
6.905118942260742
154.43951416015625
84.18644714355469
165.3407745361328
133.1330108642578
155.503662109375
118.76806640625
166.6665802001953
167.7625732421875
175.01235961914062
172.39852905273438
158.3280029296875
153.98365783691406
156.8451385498047
140.85812377929688
116.86323547363281
163.8660430908203
163.54110717773438
69.16940307617188
120.16897583007812
161.7543487548828
150.27516174316406
161.26622009277344
161.65577697753906
157.4296875
161.74009704589844
156.53292846679688
9.049234390258789
154.94662475585938
160.43521118164062
156.93524169921875
152.83099365234375
140.63671875
108.16065979003906
123.37541198730469
166.05499267578125
154.12257385253906
121.14677429199219
149.27931213378906
156.08822631835938
165.54574584960938
104.58589172363281
174.0802459716797
143.90731811523438
169.9058380126953
163.8532257080078
165.27503967285156
169.83885192871094
166.30967712402344
158.6210174560547
160.42166137695312
169.304443359375
157.29983520507812
121.59550476074219
142.6115264892578
10.075807571411133
153.629150390625
167.56256103515625
164.18731689453125
89.92388916015625
106.96695709228516
166.6197967529297
68.85151672363281
49.10764694213867
64.69219970703125
161.39764404296875
63.100074768066406
120.0156021118164
167.2330322265625
150.27728271484375
95.23016357421875
160.03025817871094
121.97779083251953
170.4159393310547
168.6051788330078
173.7248077392578
120.64366912841797
105.02104187011719
122.54544067382812
86.48316192626953
168.03211975097656
151.85385131835938
158.22914123535156
144.35955810546875
151.0770263671875
170.37872314453125
168.9005126953125
94.15003204345703
153.3667755126953
159.24014282226562
164.78598022460938
155.66053771972656
172.5395050048828
157.59213256835938
153.03659057617188
55.30143356323242
157.51219177246094
159.24244689941406
159.52333068847656
155.79075622558594
80.45771026611328
69.5179672241211
161.60598754882812
168.82058715820312
166.85093688964844
164.18289184570312
152.5963897705078
123.90864562988281
160.9144744873047
142.7834014892578
156.50021362304688
174.3962860107422
171.70314025878906
128.2366180419922
162.72384643554688
160.47596740722656
171.2494659423828
137.80764770507812
155.8602294921875
176.4745330810547
116.9287109375
167.5244903564453
155.1966552734375
168.3636474609375
164.71849060058594
49.64170455932617
63.435279846191406
168.9669189453125
167.0227813720703
54.534332275390625
165.7506866455078
91.47126770019531
148.58316040039062
170.22885131835938
148.33486938476562
167.47314453125
164.56320190429688
167.19139099121094
169.02813720703125
162.25732421875
167.57760620117188
9.481081008911133
92.39268493652344
67.29838562011719
161.6885528564453
151.87228393554688
167.87095642089844
159.299072265625
70.33344268798828
158.85299682617188
48.516578674316406
165.88645935058594
77.4092788696289
164.8697509765625
162.2891387939453
160.6319122314453
155.61647033691406
158.5043182373047
167.81585693359375
50.86994171142578
161.05801391601562
155.40249633789062
157.46556091308594
169.3703155517578
158.62037658691406
160.15037536621094
166.80316162109375
81.21300506591797
163.0987548828125
164.5855712890625
176.68206787109375
153.26870727539062
77.30499267578125
161.29925537109375
161.9962158203125
157.4119873046875
170.4666748046875
146.3948516845703
158.38670349121094
175.0814208984375
165.81192016601562
172.21023559570312
153.68553161621094
100.71330261230469
172.8011474609375
172.50900268554688
121.62901306152344
147.14544677734375
151.43402099609375
170.3551483154297
125.93986511230469
143.6294708251953
161.1676788330078
161.49713134765625
66.28097534179688
154.06764221191406
165.5963134765625
156.88687133789062
98.68292999267578
156.42750549316406
138.59091186523438
134.0759735107422
154.4707794189453
160.50311279296875
148.82180786132812
73.04153442382812
127.44245910644531
116.24819946289062
156.89654541015625
151.1436767578125
146.4186553955078
162.32199096679688
172.48916625976562
170.324951171875
168.16246032714844
147.6632843017578
142.5249481201172
158.1587677001953
161.81192016601562
155.4772186279297
142.68545532226562
154.78347778320312
124.47274780273438
119.47792053222656
166.3474578857422
171.4343719482422
80.99797058105469
171.19984436035156
168.586181640625
143.69091796875
158.97511291503906
153.58721923828125
165.7720184326172
148.49490356445312
117.22016906738281
173.2687225341797
160.87156677246094
118.25206756591797
168.4604034423828
122.86425018310547
169.18226623535156
165.8804168701172
76.05476379394531
162.12106323242188
161.69915771484375
147.28280639648438
117.80743408203125
164.5656280517578
157.59329223632812
127.01234436035156
120.08466339111328
76.26605987548828
154.28521728515625
163.55169677734375
161.6392822265625
133.21072387695312
159.8750457763672
165.12290954589844
170.50123596191406
167.72279357910156
165.57089233398438
158.693603515625
161.70504760742188
131.57798767089844
108.84953308105469
100.29267883300781
119.21214294433594
163.39366149902344
163.67054748535156
171.61038208007812
167.2554931640625
164.23501586914062
166.29061889648438
137.01138305664062
158.95912170410156
69.27478790283203
165.3958740234375
157.28810119628906
160.3762969970703
175.94680786132812
159.43270874023438
158.2483367919922
99.28213500976562
162.779296875
159.91940307617188
128.68896484375
60.54582977294922
123.66473388671875
148.01959228515625
157.3640594482422
117.37507629394531
168.11985778808594
120.90612030029297
156.03500366210938
164.0847625732422
170.30484008789062
70.07897186279297
118.89436340332031
167.1654052734375
159.20703125
123.25514221191406
168.50033569335938
159.5726776123047
156.06553649902344
164.60289001464844
161.2201385498047
159.75184631347656
156.15296936035156
59.99920654296875
124.91737365722656
166.01771545410156
161.88198852539062
145.8021240234375
64.78763580322266
8.440299034118652
160.4778289794922
121.67787170410156
158.4425811767578
167.79542541503906
158.464111328125
155.42015075683594
9.671195030212402
174.9073486328125
153.028564453125
142.31658935546875
171.41778564453125
148.6054229736328
166.9391326904297
169.50738525390625
150.2112274169922
163.85296630859375
148.81253051757812
159.3655242919922
154.97621154785156
161.76036071777344
176.9766387939453
161.7102813720703
159.25595092773438
79.6434555053711
160.18629455566406
161.2604522705078
167.4402618408203
161.37762451171875
176.06228637695312
169.75680541992188
71.50009155273438
170.98171997070312
122.20924377441406
134.58131408691406
147.62496948242188
166.1730499267578
65.7891616821289
163.42930603027344
127.27456665039062
125.59431457519531
171.48812866210938
157.91256713867188
159.60401916503906
142.11688232421875
156.1004180908203
145.92123413085938
171.5592498779297
167.466796875
161.55538940429688
69.75432586669922
150.7358856201172
166.29098510742188
169.22769165039062
165.5044708251953
170.64736938476562
124.82063293457031
168.72744750976562
123.18719482421875
163.9888916015625
162.8472137451172
163.24842834472656
163.9320831298828
165.84645080566406
56.229244232177734
167.81353759765625
50.712337493896484
122.72038269042969
170.67515563964844
129.2039031982422
174.70223999023438
160.05020141601562
161.94076538085938
156.99752807617188
171.42428588867188
125.43740844726562
126.84854125976562
163.80064392089844
157.720703125
176.82464599609375
160.6923065185547
113.90402221679688
72.40470886230469
149.65274047851562
119.81940460205078
163.77769470214844
173.2161407470703
153.2064971923828
124.65386962890625
7.532014846801758
175.80612182617188
124.07328796386719
165.6146240234375
158.9796142578125
156.62826538085938
165.33897399902344
126.76559448242188
127.45535278320312
162.9261474609375
157.2137908935547
69.70529174804688
128.60333251953125
86.22727966308594
176.03317260742188
127.43745422363281
84.69558715820312
142.13136291503906
167.77877807617188
167.35891723632812
165.7419891357422
143.55062866210938
155.44537353515625
151.16360473632812
169.74673461914062
168.4326629638672
64.77450561523438
49.88949966430664
119.35285949707031
84.7002182006836
113.26005554199219
150.36680603027344
146.27774047851562
112.6307373046875
79.7610855102539
165.52284240722656
150.83685302734375
169.7693634033203
130.14776611328125
80.02207946777344
176.82151794433594
170.7196044921875
177.0435333251953
116.9048080444336
165.567626953125
122.25970458984375
138.0773162841797
173.667724609375
163.7371063232422
103.3223876953125
119.51248168945312
133.73629760742188
160.35330200195312
166.72706604003906
170.65350341796875
93.19029235839844
141.91323852539062
162.0027618408203
170.4425811767578
165.27333068847656
106.14122772216797
95.56169891357422
126.82438659667969
179.07789611816406
158.78414916992188
146.18038940429688
168.99258422851562
112.74401092529297
171.217529296875
161.74374389648438
169.1033935546875
152.6237030029297
156.5472869873047
126.13923645019531
131.472900390625
128.31280517578125
170.0140380859375
156.92738342285156
142.1550750732422
160.91583251953125
173.78863525390625
163.8764190673828
178.76654052734375
171.2579803466797
150.65867614746094
66.25492858886719
147.79013061523438
92.01910400390625
77.95104217529297
102.2690658569336
83.49797058105469
172.96592712402344
169.45260620117188
160.29978942871094
129.3563995361328
133.85311889648438
160.8231658935547
162.890380859375
175.50807189941406
162.0478515625
175.67210388183594
153.97056579589844
174.61648559570312
85.50177001953125
157.7046661376953
169.2568359375
128.33763122558594
126.00709533691406
176.78305053710938
171.22544860839844
94.9923324584961
160.4237518310547
156.16624450683594
174.221923828125
164.73439025878906
77.3939437866211
160.2915496826172
144.33612060546875
133.125
161.81781005859375
172.03004455566406
174.9549102783203
118.12793731689453
168.15478515625
166.18655395507812
172.87290954589844
145.91552734375
138.91957092285156
161.19508361816406
177.50938415527344
160.14205932617188
92.69593811035156
118.66202545166016
168.1249542236328
159.44549560546875
164.83642578125
166.26431274414062
132.02691650390625
161.65745544433594
171.93800354003906
125.31352233886719
144.98184204101562
102.48175811767578
147.84938049316406
160.65614318847656
169.0665740966797
59.381690979003906
153.09939575195312
81.09188842773438
165.36126708984375
147.74456787109375
123.7432861328125
168.63919067382812
159.1010284423828
168.15142822265625
137.42999267578125
79.28472137451172
158.72206115722656
170.04750061035156
71.05003356933594
167.7414093017578
163.8832550048828
124.25497436523438
165.64102172851562
124.13029479980469
170.15625
171.84384155273438
179.37818908691406
123.09182739257812
128.63352966308594
112.04618835449219
171.70132446289062
8.356589317321777
62.387550354003906
164.33628845214844
166.95945739746094
167.51016235351562
171.0056610107422
138.00827026367188
174.377197265625
162.5449676513672
119.36280059814453
170.7279510498047
166.200927734375
167.70806884765625
145.94866943359375
157.82093811035156
58.81541442871094
164.75482177734375
140.42970275878906
51.953792572021484
119.9384765625
156.859619140625
116.83846282958984
158.4487762451172
168.5902557373047
115.91454315185547
172.46031188964844
167.92308044433594
115.1791763305664
89.43939971923828
149.4846954345703
124.87185668945312
166.8390655517578
74.80322265625
166.8473358154297
121.33857727050781
160.19515991210938
7.314962387084961
158.3980255126953
164.09515380859375
165.42776489257812
162.55250549316406
123.07066345214844
106.08048248291016
167.02674865722656
170.831787109375
171.10528564453125
168.00604248046875
170.2073211669922
159.0966339111328
173.17739868164062
125.22247314453125
151.45361328125
61.6943359375
74.28959655761719
54.07827377319336
64.9620132446289
166.5146942138672
75.55691528320312
116.83384704589844
102.98141479492188
169.59957885742188
165.70974731445312
69.31138610839844
119.17869567871094
149.9257049560547
150.5365447998047
169.7064971923828
163.5210418701172
167.4669952392578
165.60052490234375
161.8747100830078
143.49180603027344
172.4967498779297
73.61497497558594
165.2462158203125
172.71815490722656
161.22140502929688
71.59557342529297
157.75503540039062
175.61068725585938
157.86859130859375
171.87469482421875
84.76055908203125
153.53945922851562
154.3300018310547
165.0287628173828
165.4167938232422
161.03347778320312
172.10336303710938
170.0274658203125
147.10240173339844
130.57228088378906
155.36927795410156
170.9969024658203
174.20904541015625
166.45346069335938
172.1538543701172
157.76260375976562
167.72801208496094
134.38101196289062
168.29368591308594
80.15838623046875
170.83815002441406
171.4145050048828
171.03712463378906
90.93263244628906
125.46145629882812
161.04421997070312
175.82711791992188
123.68124389648438
171.35887145996094
164.66436767578125
166.78794860839844
171.85435485839844
106.70722198486328
164.4313201904297
162.8231658935547
155.844482421875
164.05795288085938
161.1032257080078
168.7897186279297
167.6590576171875
161.03762817382812
153.6752471923828
131.42160034179688
164.89097595214844
163.61659240722656
149.78392028808594
143.00282287597656
166.9607391357422
176.70579528808594
156.5353546142578
76.86457061767578
171.3917999267578
117.68875122070312
160.92811584472656
175.36395263671875
121.77555847167969
156.9809112548828
152.11605834960938
168.29647827148438
165.61329650878906
178.4362030029297
160.09104919433594
168.95489501953125
154.51678466796875
125.19644165039062
164.13536071777344
67.86363983154297
155.34706115722656
163.8346405029297
166.88983154296875
116.49519348144531
162.80751037597656
152.85934448242188
163.56710815429688
169.49728393554688
169.72364807128906
169.3489227294922
123.01254272460938
165.2559051513672
175.1690216064453
73.5364990234375
161.90097045898438
122.02381134033203
155.50291442871094
61.584014892578125
148.42478942871094
175.7254180908203
82.45796966552734
111.54634857177734
154.66006469726562
164.40980529785156
169.85301208496094
155.99868774414062
155.59860229492188
118.1845474243164
161.83786010742188
121.91045379638672
162.5341033935547
131.560302734375
163.977294921875
170.00607299804688
69.44036102294922
165.33111572265625
125.63119506835938
160.79193115234375
153.45045471191406
118.04283142089844
124.62628173828125
161.95950317382812
160.52734375
155.6982421875
43.66720962524414
127.24807739257812
85.42037200927734
150.6144561767578
156.72434997558594
158.66860961914062
147.5540008544922
111.68962097167969
157.24331665039062
154.73585510253906
156.24099731445312
157.9156036376953
154.95350646972656
118.92724609375
167.70489501953125
161.65475463867188
163.31703186035156
162.17845153808594
169.28707885742188
155.60325622558594
156.52491760253906
156.33567810058594
153.63461303710938
121.7714614868164
153.99473571777344
130.7962646484375
171.4329071044922
161.98965454101562
166.18490600585938
161.1471710205078
115.66924285888672
165.8233184814453
170.0418243408203
134.63690185546875
60.91471862792969
128.38690185546875
162.17947387695312
171.35098266601562
151.85980224609375
142.0791473388672
121.94375610351562
137.95909118652344
65.4272689819336
116.68804168701172
158.46937561035156
162.2269744873047
159.03245544433594
157.1337127685547
167.20089721679688
161.27195739746094
161.62484741210938
168.90785217285156
155.12362670898438
164.25587463378906
162.583740234375
111.56930541992188
172.47650146484375
165.24102783203125
171.1853485107422
156.53350830078125
168.86195373535156
167.5634307861328
87.92889404296875
70.08456420898438
165.59860229492188
161.00013732910156
162.9317169189453
164.8740692138672
148.05596923828125
79.14380645751953
159.5353240966797
158.90647888183594
157.31893920898438
166.88372802734375
128.5648193359375
123.56036376953125
162.67442321777344
156.9792022705078
164.0615234375
161.555419921875
152.9919891357422
128.51300048828125
153.21096801757812
154.85089111328125
131.30311584472656
169.89736938476562
149.49090576171875
133.83766174316406
126.12826538085938
156.6168670654297
155.4632568359375
156.14903259277344
160.75942993164062
163.42401123046875
166.395263671875
163.7394561767578
168.29550170898438
161.33999633789062
168.2279510498047
162.90408325195312
76.9258041381836
160.92819213867188
157.42181396484375
168.63385009765625
159.3933868408203
159.2050018310547
110.68834686279297
14.161003112792969
159.67015075683594
159.46412658691406
88.76449584960938
162.2647705078125
109.55079650878906
129.2456512451172
160.7930908203125
162.9073028564453
149.7359619140625
163.85523986816406
156.5743865966797
168.75352478027344
155.6702880859375
170.72598266601562
78.65870666503906
133.3616180419922
169.4573516845703
171.37477111816406
165.45875549316406
127.29582214355469
168.1207733154297
124.34072875976562
162.03907775878906
156.8987274169922
153.72589111328125
164.6522216796875
167.37669372558594
158.29002380371094
126.63609313964844
167.2937774658203
167.18569946289062
130.47268676757812
146.9311065673828
160.6800537109375
163.24867248535156
168.8057098388672
165.10572814941406
160.64303588867188
130.19793701171875
162.703369140625
157.05386352539062
163.517333984375
165.58282470703125
107.5256576538086
112.42069244384766
74.28460693359375
162.26097106933594
172.21051025390625
126.88516235351562
152.0135498046875
156.4237518310547
169.0513458251953
145.46621704101562
165.5835723876953
165.46437072753906
99.51890563964844
65.8687973022461
165.38180541992188
164.20126342773438
169.00204467773438
165.47946166992188
162.13966369628906
160.30996704101562
145.8170166015625
168.61932373046875
162.81704711914062
161.2284698486328
167.9003143310547
169.01451110839844
176.21006774902344
74.73137664794922
161.90711975097656
126.15390014648438
164.18148803710938
131.80751037597656
172.01162719726562
150.48704528808594
154.08251953125
172.208251953125
145.30995178222656
171.5579071044922
171.46426391601562
140.0579376220703
179.727783203125
155.2064208984375
67.39852905273438
175.99404907226562
166.7803192138672
173.78343200683594
123.92877197265625
171.8453369140625
171.04312133789062
174.24795532226562
165.39450073242188
163.3509063720703
169.8773193359375
149.16688537597656
162.55796813964844
168.6776123046875
176.01373291015625
171.63829040527344
167.2365264892578
127.61306762695312
168.6995086669922
129.73696899414062
159.76132202148438
178.43280029296875
151.41127014160156
111.90931701660156
176.9702911376953
164.10385131835938
160.74050903320312
164.76947021484375
171.85202026367188
98.22282409667969
160.6725616455078
141.80026245117188
173.0274200439453
163.5673370361328
170.7501983642578
108.1004867553711
176.94590759277344
172.16961669921875
169.70254516601562
170.29176330566406
160.7178955078125
164.5541229248047
161.88169860839844
171.42864990234375
160.12062072753906
171.6497802734375
165.08045959472656
102.06541442871094
165.86534118652344
164.3111114501953
170.2306365966797
163.5861358642578
167.74066162109375
177.69589233398438
155.31466674804688
173.39761352539062
171.76803588867188
175.20240783691406
157.90219116210938
171.0724639892578
171.45849609375
163.0939178466797
159.95578002929688
167.43783569335938
152.48434448242188
174.35552978515625
123.30267333984375
165.19984436035156
165.14920043945312
166.16607666015625
162.70721435546875
166.7920684814453
174.4689178466797
173.5106658935547
156.11439514160156
168.3803253173828
174.26747131347656
164.2181396484375
161.0096893310547
120.97206115722656
151.8744659423828
163.2628173828125
119.35891723632812
160.27232360839844
126.49969482421875
172.20046997070312
153.62660217285156
169.74012756347656
165.4423370361328
173.9345245361328
177.56307983398438
162.7510986328125
171.42477416992188
163.7739715576172
164.16400146484375
122.60539245605469
156.97152709960938
126.52189636230469
167.1165313720703
160.275634765625
133.35585021972656
167.0151824951172
159.5353240966797
164.0420379638672
163.95921325683594
153.2248077392578
169.96531677246094
160.18251037597656
66.74236297607422
174.34100341796875
60.86805725097656
130.01675415039062
160.7536163330078
176.76095581054688
169.6211700439453
175.88388061523438
168.7266082763672
115.12612915039062
170.08135986328125
169.16165161132812
152.72972106933594
158.65838623046875
173.77574157714844
171.76487731933594
156.66445922851562
82.33451843261719
166.04917907714844
170.86170959472656
95.3958740234375
72.42432403564453
167.33120727539062
127.31036376953125
167.95315551757812
173.85745239257812
175.6615447998047
172.01007080078125
172.05862426757812
163.26475524902344
167.83168029785156
163.52740478515625
170.67959594726562
166.20184326171875
175.9041290283203
165.99835205078125
157.2567138671875
166.78466796875
164.71702575683594
124.88853454589844
168.1121063232422
173.49208068847656
179.23452758789062
165.34759521484375
175.10003662109375
158.61900329589844
152.76416015625
159.75274658203125
164.8850860595703
171.5963592529297
172.63624572753906
68.51032257080078
168.8043975830078
167.9778289794922
174.9839324951172
49.97932052612305
172.05337524414062
100.70508575439453
168.68145751953125
121.01399993896484
82.56884765625
170.68206787109375
96.43827819824219
179.06271362304688
124.99139404296875
122.54952239990234
64.69061279296875
127.39268493652344
172.2102813720703
117.09700012207031
166.61282348632812
169.1884765625
168.19757080078125
166.38487243652344
172.56777954101562
171.52056884765625
164.91883850097656
167.582275390625
179.3488311767578
124.81904602050781
181.0308074951172
165.53382873535156
72.21791076660156
118.62188720703125
171.83522033691406
176.53271484375
168.89443969726562
168.89952087402344
103.6153564453125
167.5034637451172
171.330810546875
177.4389190673828
161.79798889160156
144.5553741455078
174.71688842773438
173.54783630371094
122.31095123291016
175.26483154296875
165.8898162841797
127.26771545410156
126.61372375488281
169.29185485839844
104.02706909179688
171.94808959960938
112.17790985107422
181.2986297607422
123.91899108886719
162.9875030517578
116.60710144042969
154.5115966796875
66.81449890136719
136.50828552246094
118.49502563476562
161.12628173828125
110.11697387695312
177.2305145263672
168.51022338867188
114.8469009399414
176.53179931640625
170.70089721679688
122.25647735595703
166.2694854736328
117.04159545898438
127.25033569335938
174.0935516357422
154.5576629638672
172.26058959960938
171.5160675048828
163.17247009277344
172.94207763671875
172.42430114746094
165.6317901611328
119.37484741210938
121.34196472167969
172.5248260498047
180.4190673828125
163.02932739257812
169.83909606933594
170.50401306152344
162.5997772216797
72.23528289794922
101.06705474853516
167.79713439941406
177.6696319580078
168.52711486816406
160.8412322998047
167.33360290527344
93.37906646728516
168.8460235595703
174.0258026123047
162.6153564453125
175.16134643554688
175.94105529785156
121.5722885131836
175.54791259765625
170.02731323242188
164.6925048828125
169.37232971191406
181.35260009765625
125.17333984375
162.85894775390625
175.3913116455078
160.3778533935547
173.95358276367188
174.96522521972656
166.89529418945312
81.07899475097656
150.2101593017578
175.7646942138672
170.6616973876953
125.85554504394531
79.70801544189453
141.6885528564453
181.2106475830078
173.67181396484375
172.385498046875
177.68667602539062
165.60523986816406
164.215576171875
120.53582763671875
111.70023345947266
117.51493072509766
135.36656188964844
154.1692657470703
167.11679077148438
174.97364807128906
171.86524963378906
167.51516723632812
161.253662109375
123.65647888183594
169.611328125
175.3071746826172
168.52366638183594
156.77249145507812
122.43341827392578
112.2130126953125
180.3552703857422
122.80823516845703
129.39288330078125
169.99537658691406
131.76373291015625
171.55972290039062
169.52761840820312
133.59793090820312
176.67674255371094
127.33885192871094
172.05917358398438
78.4366455078125
167.02171325683594
109.05810546875
117.67008209228516
133.53318786621094
171.4469451904297
169.98619079589844
81.91104888916016
176.58514404296875
159.13783264160156
136.6023712158203
169.18141174316406
119.78105163574219
47.37499237060547
175.3030548095703
80.2411880493164
173.69161987304688
161.72406005859375
169.6425323486328
175.38075256347656
118.5455322265625
122.91914367675781
174.31971740722656
123.06312561035156
84.4931411743164
168.7071533203125
141.68467712402344
173.6042938232422
74.34796905517578
122.83222198486328
162.91583251953125
120.66398620605469
60.67802429199219
149.7083740234375
137.00306701660156
160.23863220214844
123.18435668945312
169.4398193359375
159.57473754882812
170.875732421875
164.36776733398438
168.9831085205078
127.64144897460938
174.15782165527344
170.75894165039062
158.2294464111328
157.11874389648438
127.1124267578125
65.13082122802734
169.38059997558594
171.49749755859375
122.34432220458984
129.04229736328125
171.11793518066406
123.15542602539062
125.95706176757812
175.52503967285156
168.81991577148438
88.08721160888672
95.60549926757812
117.35881805419922
131.95323181152344
166.49497985839844
111.69700622558594
165.4011993408203
159.04342651367188
156.016845703125
174.2338409423828
172.2250213623047
60.88739776611328
80.87296295166016
126.86602783203125
171.31910705566406
171.41583251953125
124.38064575195312
114.05064392089844
73.5512924194336
37.55669403076172
149.4069366455078
174.06515502929688
159.2559814453125
154.6666717529297
109.4524154663086
167.50482177734375
159.63282775878906
77.61490631103516
176.8711700439453
107.51445007324219
116.92524719238281
174.91481018066406
169.3126678466797
169.53268432617188
173.63204956054688
123.78196716308594
170.06370544433594
171.64756774902344
168.6063690185547
176.5536346435547
69.62446594238281
163.40432739257812
161.5640106201172
176.92466735839844
81.20372009277344
166.40692138671875
140.01278686523438
167.58399963378906
157.32229614257812
170.40872192382812
132.01536560058594
168.78509521484375
163.8892822265625
152.81459045410156
172.9789581298828
160.71170043945312
171.38429260253906
140.4028778076172
173.71450805664062
179.7471923828125
105.05520629882812
168.91983032226562
159.20968627929688
173.36138916015625
162.08042907714844
168.39614868164062
177.31283569335938
164.5525665283203
126.568603515625
161.89244079589844
150.62884521484375
165.48544311523438
154.536865234375
132.59060668945312
161.1415557861328
165.02857971191406
106.67692565917969
170.87417602539062
153.51290893554688
166.45590209960938
159.05921936035156
176.66612243652344
117.26106262207031
155.54949951171875
171.8170623779297
153.5454559326172
122.76502227783203
168.73712158203125
129.05995178222656
162.59622192382812
143.77127075195312
112.22621154785156
118.18643188476562
167.54469299316406
129.35818481445312
150.9950408935547
158.9131317138672
157.90005493164062
164.91580200195312
171.68711853027344
142.4420623779297
151.25930786132812
87.35795593261719
167.860107421875
162.60806274414062
174.17642211914062
170.31883239746094
171.21636962890625
172.19009399414062
161.5992889404297
151.51043701171875
172.22007751464844
175.57838439941406
170.9715118408203
174.65570068359375
174.74642944335938
129.7135772705078
170.24925231933594
170.78298950195312
153.6444549560547
60.084877014160156
158.27728271484375
159.67330932617188
169.44093322753906
167.98080444335938
181.10450744628906
64.99224853515625
160.33700561523438
56.82887268066406
172.32852172851562
164.3000946044922
167.8526611328125
176.92576599121094
129.02528381347656
131.59046936035156
69.00956726074219
169.595703125
155.5491180419922
156.11349487304688
166.4573974609375
164.2783660888672
170.0425262451172
171.7438201904297
157.99505615234375
84.93708038330078
168.74813842773438
174.65997314453125
168.4578857421875
136.6048583984375
117.19149017333984
176.45787048339844
98.12256622314453
165.17478942871094
111.39972686767578
171.80419921875
131.38619995117188
165.53285217285156
162.26597595214844
174.2419891357422
177.62786865234375
163.24290466308594
160.49288940429688
169.5612335205078
171.3946990966797
162.17759704589844
99.80345916748047
171.0724334716797
178.2852020263672
167.6328887939453
170.4447479248047
170.91758728027344
118.44416046142578
168.65753173828125
169.29946899414062
173.51351928710938
77.93453979492188
146.7127227783203
174.4428253173828
174.93040466308594
169.7586669921875
56.51863479614258
170.2379608154297
168.57797241210938
166.71119689941406
173.00181579589844
168.07176208496094
151.4630126953125
177.1303253173828
167.74778747558594
166.01768493652344
162.22598266601562
126.80982971191406
168.03428649902344
168.0167999267578
140.36911010742188
138.6402130126953
176.64398193359375
77.66990661621094
168.1656951904297
174.92503356933594
172.46026611328125
179.2154541015625
177.04660034179688
117.71347045898438
174.96273803710938
127.14007568359375
180.1370849609375
177.9852752685547
154.10604858398438
175.06224060058594
167.80255126953125
70.46346282958984
75.23408508300781
173.5469207763672
177.17620849609375
172.043212890625
125.18064880371094
30.802051544189453
126.12841796875
122.12142181396484
157.6938934326172
165.80633544921875
168.09568786621094
173.94876098632812
171.86639404296875
163.060302734375
123.68339538574219
127.49032592773438
163.85812377929688
162.0899200439453
175.5770721435547
168.6614532470703
165.534912109375
137.92623901367188
170.9888153076172
169.8754425048828
172.51084899902344
164.2052459716797
170.79537963867188
173.7190704345703
124.84266662597656
169.64732360839844
169.4320526123047
167.3042755126953
110.35719299316406
162.17832946777344
174.70697021484375
171.61871337890625
172.47940063476562
174.43057250976562
174.5328826904297
53.32007598876953
126.98443603515625
166.94764709472656
75.33193969726562
158.5005340576172
125.27239990234375
124.619384765625
123.35919189453125
141.30108642578125
122.33187103271484
119.26544952392578
150.5626983642578
127.17861938476562
173.10284423828125
174.05856323242188
168.05569458007812
128.8574676513672
170.93817138671875
175.3169708251953
164.9430694580078
170.586669921875
93.2127914428711
156.7073974609375
172.70864868164062
113.97306060791016
125.32318115234375
168.19635009765625
174.76780700683594
170.99923706054688
125.00010681152344
145.9827117919922
177.8884735107422
166.23931884765625
132.41014099121094
173.8289337158203
129.21615600585938
173.748779296875
178.350341796875
168.3374786376953
129.73878479003906
120.7630615234375
139.13449096679688
152.29856872558594
169.36923217773438
157.16188049316406
168.39671325683594
168.5172119140625
120.57041931152344
158.4541015625
167.88275146484375
145.99386596679688
143.77484130859375
170.23019409179688
156.85025024414062
167.7260284423828
72.83907318115234
169.83877563476562
159.40516662597656
144.32020568847656
171.01446533203125
167.16387939453125
165.28952026367188
169.8489227294922
153.31968688964844
177.64012145996094
166.31439208984375
136.33538818359375
171.50924682617188
170.6580352783203
98.33074188232422
173.30453491210938
165.78863525390625
170.24424743652344
171.44775390625
165.88365173339844
168.10260009765625
168.0472412109375
173.26097106933594
115.89545440673828
166.71484375
84.93034362792969
175.00425720214844
111.49774932861328
175.48764038085938
124.32682800292969
161.70553588867188
169.35598754882812
164.3055877685547
118.08711242675781
87.03140258789062
109.93978118896484
164.20970153808594
83.43247985839844
86.09031677246094
171.3323516845703
175.66357421875
166.27784729003906
129.7093048095703
168.8559112548828
156.159423828125
175.03005981445312
168.6417999267578
177.5773468017578
172.4142608642578
61.400970458984375
168.38417053222656
158.65631103515625
166.5363006591797
175.49440002441406
73.11487579345703
174.7230224609375
170.13116455078125
171.44676208496094
164.19358825683594
160.1558074951172
174.6317901611328
171.9427032470703
161.84495544433594
171.84352111816406
166.21681213378906
172.13755798339844
174.63987731933594
172.96522521972656
158.95761108398438
170.68492126464844
167.29592895507812
174.67355346679688
174.54966735839844
161.7485809326172
174.83811950683594
174.56149291992188
153.67282104492188
169.56385803222656
167.15847778320312
159.2140350341797
170.04510498046875
177.71224975585938
177.00381469726562
170.18621826171875
174.2064971923828
168.68499755859375
164.4233856201172
173.61441040039062
169.756103515625
92.28790283203125
172.43063354492188
175.30162048339844
162.68397521972656
163.20472717285156
123.92320251464844
165.4651641845703
166.46778869628906
162.25323486328125
178.36570739746094
161.9503173828125
176.52699279785156
177.08001708984375
166.20458984375
168.8607940673828
171.0308837890625
71.00608825683594
165.06336975097656
178.42454528808594
171.7861328125
163.46981811523438
168.48178100585938
68.31777954101562
163.10943603515625
178.5792694091797
154.03054809570312
169.8687744140625
143.3892822265625
170.1918487548828
138.08987426757812
171.14474487304688
178.47718811035156
163.3057403564453
149.8954620361328
171.76910400390625
172.12806701660156
130.2926483154297
171.36985778808594
171.3551483154297
167.35853576660156
167.11460876464844
94.01487731933594
173.77236938476562
157.79739379882812
170.08702087402344
164.11875915527344
162.7600555419922
127.01998901367188
166.06089782714844
174.66973876953125
179.81207275390625
170.9786834716797
167.2266845703125
167.0207977294922
158.8331298828125
169.51107788085938
180.046630859375
129.26156616210938
172.10398864746094
177.91452026367188
84.87703704833984
168.35951232910156
158.65130615234375
168.2998046875
157.23536682128906
133.69686889648438
168.09930419921875
119.09918975830078
69.05026245117188
171.155517578125
174.90866088867188
159.25267028808594
161.4774627685547
85.19140625
125.41047668457031
171.00582885742188
166.97560119628906
125.43728637695312
174.51773071289062
170.19900512695312
150.4127655029297
120.20418548583984
128.17994689941406
163.76205444335938
150.9285125732422
170.9561309814453
175.10923767089844
178.56646728515625
128.00587463378906
127.13360595703125
167.50634765625
175.24053955078125
172.6996612548828
170.95436096191406
165.6809844970703
162.28480529785156
167.51983642578125
168.67208862304688
118.36349487304688
127.59152221679688
169.11273193359375
138.84649658203125
163.11744689941406
172.92857360839844
173.00062561035156
170.82154846191406
181.66354370117188
167.78366088867188
168.32037353515625
127.87713623046875
170.05368041992188
159.3887176513672
137.01437377929688
172.61705017089844
121.91881561279297
174.33871459960938
168.6188507080078
170.5696258544922
166.76519775390625
163.1731719970703
159.9076385498047
127.58444213867188
180.55101013183594
169.88059997558594
171.34861755371094
171.09754943847656
165.9980010986328
171.50804138183594
176.39903259277344
165.71592712402344
163.8340606689453
160.03614807128906
173.48458862304688
167.59841918945312
179.71340942382812
177.5750274658203
176.11798095703125
163.18222045898438
173.904541015625
143.8617401123047
127.69697570800781
174.99693298339844
144.4726104736328
167.5893096923828
174.01043701171875
171.43283081054688
164.3915252685547
126.47927856445312
162.60421752929688
171.70849609375
158.03555297851562
169.25486755371094
124.06407165527344
168.4794921875
165.95867919921875
162.115478515625
167.70155334472656
121.20321655273438
179.39671325683594
171.52664184570312
177.53176879882812
174.32980346679688
173.60369873046875
164.94898986816406
143.8695526123047
171.64659118652344
162.7208251953125
156.3218231201172
173.1990203857422
171.3186492919922
67.11039733886719
164.97084045410156
71.23043823242188
173.9088897705078
131.09701538085938
173.73580932617188
175.25357055664062
163.0026397705078
168.61668395996094
174.8421630859375
161.93980407714844
166.92251586914062
166.29913330078125
119.42841339111328
168.861328125
117.69145202636719
170.5940704345703
174.36917114257812
171.6651611328125
135.34149169921875
163.3323211669922
173.78672790527344
123.37290954589844
166.46746826171875
171.9508514404297
128.523193359375
171.0963134765625
175.90579223632812
174.87596130371094
171.82589721679688
167.1053009033203
171.8628387451172
171.78726196289062
164.51539611816406
159.49111938476562
171.6053466796875
177.2742919921875
123.43467712402344
172.185546875
167.5630645751953
173.8131103515625
171.00450134277344
126.15071105957031
124.49464416503906
168.14279174804688
175.1214141845703
125.68342590332031
161.41192626953125
116.26371765136719
177.9818572998047
150.68116760253906
176.22483825683594
122.31237030029297
168.05235290527344
118.41088104248047
179.0381622314453
130.29873657226562
174.29425048828125
126.45057678222656
166.90602111816406
175.8570556640625
164.52188110351562
174.86692810058594
170.3421630859375
135.06753540039062
177.250732421875
172.77813720703125
176.14559936523438
145.4247589111328
126.88226318359375
163.4371795654297
167.10101318359375
168.0373992919922
155.24188232421875
172.21780395507812
171.74009704589844
75.4713134765625
160.85598754882812
123.51802062988281
175.25775146484375
169.357177734375
156.96937561035156
117.18058013916016
125.81776428222656
168.754638671875
152.71566772460938
121.49327087402344
155.13465881347656
169.02078247070312
170.36105346679688
124.0054931640625
160.83523559570312
134.00048828125
114.929931640625
171.15542602539062
169.606689453125
169.56393432617188
113.08539581298828
175.6276092529297
165.99124145507812
169.6550750732422
169.00241088867188
162.35243225097656
160.80467224121094
167.49429321289062
176.10693359375
166.20680236816406
172.33985900878906
165.47564697265625
167.20008850097656
146.04222106933594
165.0283966064453
173.04209899902344
162.34262084960938
161.69805908203125
122.55955505371094
88.83014678955078
92.56584167480469
163.58551025390625
171.56399536132812
162.22354125976562
161.0462646484375
162.8975067138672
123.66749572753906
169.3698272705078
157.36573791503906
167.60032653808594
162.4802703857422
159.3950653076172
167.07044982910156
122.25191497802734
171.83828735351562
169.3113250732422
174.0906982421875
162.448974609375
177.134765625
166.26690673828125
157.69285583496094
119.6163558959961
124.18092346191406
117.11994934082031
140.7652130126953
140.46543884277344
159.88246154785156
173.06082153320312
158.26792907714844
158.68576049804688
138.98289489746094
171.37136840820312
156.4178466796875
149.6329803466797
137.38046264648438
169.43507385253906
160.6507110595703
162.9369659423828
112.41797637939453
144.19174194335938
119.16806030273438
106.00463104248047
159.58596801757812
148.83692932128906
161.92396545410156
119.266845703125
116.43146514892578
166.67176818847656
160.4558563232422
155.6340789794922
158.63076782226562
157.77938842773438
174.4556427001953
157.70742797851562
162.18405151367188
136.95077514648438
95.56311798095703
160.78448486328125
165.6694793701172
156.7804412841797
174.57879638671875
163.529052734375
151.6022491455078
162.17068481445312
169.91656494140625
168.73736572265625
162.18637084960938
158.67205810546875
134.15982055664062
157.71376037597656
161.65341186523438
159.7186737060547
163.28575134277344
166.9998779296875
176.71546936035156
116.56668853759766
166.1274871826172
156.9991455078125
167.4274139404297
161.34112548828125
155.79763793945312
156.9953155517578
162.69325256347656
174.17611694335938
162.5953369140625
163.84603881835938
163.60208129882812
168.58628845214844
167.06906127929688
150.75621032714844
54.306697845458984
170.61865234375
172.58433532714844
115.83321380615234
178.7151641845703
160.16712951660156
171.8223419189453
169.49932861328125
170.44337463378906
172.86691284179688
125.29371643066406
133.81927490234375
126.40252685546875
159.43240356445312
158.127197265625
136.41397094726562
151.4691619873047
159.38552856445312
169.3912353515625
166.7631378173828
134.54312133789062
166.64776611328125
173.4403839111328
170.0344696044922
126.5845947265625
170.32962036132812
167.2622528076172
170.8547821044922
172.50587463378906
69.37493133544922
170.7329559326172
160.63446044921875
172.20091247558594
170.67434692382812
169.88833618164062
176.7981414794922
168.7248992919922
164.51451110839844
114.69790649414062
167.69371032714844
165.31524658203125
160.92970275878906
168.82122802734375
178.0343780517578
170.2687225341797
123.9808349609375
176.16958618164062
164.82688903808594
164.9574432373047
147.00149536132812
160.28382873535156
63.28852844238281
172.33169555664062
171.0105743408203
164.4319610595703
174.50686645507812
173.19107055664062
165.360595703125
166.15615844726562
167.6310272216797
155.8668975830078
169.8786163330078
171.38134765625
174.66482543945312
70.23330688476562
167.74612426757812
174.3098907470703
168.70587158203125
168.11795043945312
174.01458740234375
173.1409454345703
160.88511657714844
181.40264892578125
169.87310791015625
169.2670440673828
172.30482482910156
115.0188217163086
94.1492691040039
165.89134216308594
143.8881378173828
170.55606079101562
166.4291534423828
139.0926513671875
168.19435119628906
166.78445434570312
126.12699890136719
112.95307922363281
162.86952209472656
170.41908264160156
123.0745849609375
160.4578094482422
170.26576232910156
178.85635375976562
174.20706176757812
168.5455322265625
171.65231323242188
168.35293579101562
169.18804931640625
172.3769073486328
155.78927612304688
169.4436492919922
172.01283264160156
162.0336151123047
163.22824096679688
160.5210723876953
150.46910095214844
177.0478515625
157.92369079589844
159.83013916015625
56.937007904052734
142.70252990722656
173.0625457763672
170.13291931152344
157.90167236328125
170.9903106689453
117.063232421875
154.27706909179688
